id,label,fold,probability,prediction
000001.jpg,1,1,0.9818405508995056,1
000002.jpg,1,2,0.9706321954727173,1
000003.jpg,0,0,0.05155818909406662,0
000004.jpg,1,3,0.9919067621231079,1
000005.jpg,1,1,0.9828891754150391,1
000006.jpg,0,1,0.03521113842725754,0
000007.jpg,1,2,0.9735442399978638,1
000008.jpg,1,2,0.9748690724372864,1
000009.jpg,1,3,0.934634268283844,1
000010.jpg,1,0,0.9662834405899048,1
000011.jpg,0,0,0.03252822160720825,0
000012.jpg,0,3,0.020023442804813385,0
000013.jpg,0,4,0.018978038802742958,0
000014.jpg,1,1,0.9857729077339172,1
000015.jpg,0,3,0.06278920918703079,0
000016.jpg,1,2,0.8918110132217407,1
000017.jpg,1,2,0.978425920009613,1
000018.jpg,1,4,0.9803186058998108,1
000019.jpg,1,2,0.9520419239997864,1
000020.jpg,0,2,0.023021256551146507,0
000021.jpg,0,2,0.0362882986664772,0
000022.jpg,1,1,0.9891815781593323,1
000023.jpg,1,4,0.9848692417144775,1
000024.jpg,0,0,0.060640547424554825,0
000025.jpg,1,0,0.9536218643188477,1
000026.jpg,1,4,0.9571978449821472,1
000027.jpg,1,0,0.8098781704902649,1
000028.jpg,1,3,0.9515940546989441,1
000029.jpg,1,4,0.9751071333885193,1
000030.jpg,0,2,0.01164222415536642,0
000031.jpg,1,4,0.9751545190811157,1
000032.jpg,1,1,0.9345147609710693,1
000033.jpg,0,4,0.08570928126573563,0
000034.jpg,0,3,0.03283695876598358,0
000035.jpg,0,0,0.07094482332468033,0
000036.jpg,0,0,0.24780535697937012,0
000037.jpg,1,3,0.9722043871879578,1
000038.jpg,1,0,0.8938665986061096,1
000039.jpg,1,0,0.9287972450256348,1
000040.jpg,1,1,0.9621787071228027,1
000041.jpg,0,2,0.09417666494846344,0
000042.jpg,0,2,0.022846199572086334,0
000043.jpg,0,4,0.031143829226493835,0
000044.jpg,1,0,0.9383503198623657,1
000045.jpg,1,0,0.8987665772438049,1
000046.jpg,1,2,0.9716179370880127,1
000047.jpg,0,0,0.05184547230601311,0
000048.jpg,0,2,0.03663136437535286,0
000049.jpg,0,0,0.056236349046230316,0
000050.jpg,0,4,0.036700356751680374,0
000051.jpg,0,3,0.047074176371097565,0
000052.jpg,0,4,0.06730107218027115,0
000053.jpg,0,4,0.024053553119301796,0
000054.jpg,0,2,0.0844927504658699,0
000055.jpg,1,0,0.9298236966133118,1
000056.jpeg,0,2,0.030157409608364105,0
000057.jpg,1,1,0.9764007329940796,1
000058.jpg,1,4,0.970520555973053,1
000059.jpg,1,2,0.9819099307060242,1
000060.jpg,0,0,0.22953519225120544,0
000061.jpg,0,4,0.02088421769440174,0
000062.jpg,0,1,0.03527754545211792,0
000063.jpeg,0,4,0.025565214455127716,0
000064.jpg,1,4,0.9424007534980774,1
000065.jpg,0,2,0.015543648041784763,0
000066.jpg,1,0,0.956063449382782,1
000067.jpg,1,2,0.9697281122207642,1
000068.jpg,0,2,0.011869121342897415,0
000069.jpg,1,0,0.937325656414032,1
000070.jpg,0,0,0.07779745012521744,0
000071.jpg,1,0,0.9116528034210205,1
000072.jpg,1,2,0.94629967212677,1
000073.jpg,0,2,0.03161877021193504,0
000074.jpg,0,4,0.07949570566415787,0
000075.jpg,1,1,0.9908744096755981,1
000076.jpg,0,0,0.0511774942278862,0
000077.jpg,1,0,0.8838388919830322,1
000078.jpg,0,0,0.09964530169963837,0
000079.jpg,0,4,0.09653531759977341,0
000080.jpg,0,1,0.040769271552562714,0
000081.jpg,1,4,0.95123291015625,1
000082.jpg,1,3,0.9836598634719849,1
000083.jpg,0,1,0.022846199572086334,0
000084.jpg,1,0,0.9571978449821472,1
000085.jpg,1,3,0.9608049392700195,1
000086.jpg,1,3,0.9438672661781311,1
000087.jpg,0,2,0.025711586698889732,0
000088.jpg,1,3,0.9669140577316284,1
000089.jpg,1,2,0.9804313778877258,1
000090.jpg,1,2,0.9698996543884277,1
000091.jpg,0,0,0.20577459037303925,0
000092.jpg,1,2,0.9872281551361084,1
000093.jpg,1,4,0.9575167298316956,1
000094.jpg,0,1,0.18010665476322174,0
000095.jpg,1,0,0.8906751871109009,1
000096.jpg,1,4,0.9754835963249207,1
000097.jpg,1,0,0.5782100558280945,1
000098.jpg,0,3,0.03656250610947609,0
000099.jpg,0,4,0.11357959359884262,0
000100.jpg,1,3,0.9872773289680481,1
000101.png,0,1,0.2749350070953369,0
000102.jpg,1,1,0.9910838603973389,1
000103.jpg,1,4,0.9885361194610596,1
000104.jpg,0,4,0.060418423265218735,0
000105.jpg,1,2,0.9878996014595032,1
000106.jpg,0,0,0.042562730610370636,0
000107.jpg,0,4,0.08479540795087814,0
000108.jpg,1,1,0.9462003111839294,1
000109.jpg,1,4,0.9724670648574829,1
000110.jpg,1,3,0.9814534187316895,1
000111.jpg,1,2,0.9772841930389404,1
000112.jpg,0,0,0.3069423735141754,0
000113.jpg,0,4,0.03102617897093296,0
000114.jpg,0,4,0.030675798654556274,0
000115.jpg,1,4,0.9689150452613831,1
000116.jpg,0,4,0.03191915154457092,0
000117.jpg,1,1,0.9800149202346802,1
000118.jpg,1,0,0.8700461983680725,1
000119.jpg,0,4,0.02655657008290291,0
000120.jpg,0,0,0.05877655744552612,0
000121.jpg,0,2,0.022371459752321243,0
000122.jpg,0,0,0.2798284888267517,0
000123.jpg,0,4,0.14033624529838562,0
000124.jpg,0,4,0.04099902883172035,0
000125.jpg,1,0,0.8704872727394104,1
000126.jpg,0,0,0.13375429809093475,0
000127.jpg,1,2,0.9540517926216125,1
000128.jpg,1,0,0.85930997133255,1
000129.jpg,1,2,0.9852146506309509,1
000130.jpg,0,3,0.034358687698841095,0
000131.jpg,0,0,0.07709969580173492,0
000132.jpg,0,4,0.04031343758106232,0
000133.jpg,0,4,0.02585877664387226,0
000134.jpg,1,2,0.9868786931037903,1
000135.jpg,1,2,0.9155072569847107,1
000136.jpg,1,4,0.967777669429779,1
000137.jpg,1,4,0.894789457321167,1
000138.jpg,0,0,0.04629189893603325,0
000139.jpg,1,4,0.977022647857666,1
000140.jpg,1,3,0.9751071333885193,1
000141.jpg,0,2,0.03161877021193504,0
000142.jpg,0,3,0.043936531990766525,0
000143.jpg,1,2,0.9141375422477722,1
000144.jpg,0,4,0.029479410499334335,0
000145.jpg,0,2,0.025371311232447624,0
000146.jpg,1,0,0.8354835510253906,1
000147.jpg,0,2,0.04046483710408211,0
000148.jpg,0,1,0.06804042309522629,0
000149.jpg,0,2,0.0991208553314209,0
000150.jpg,1,0,0.9356999397277832,1
000151.jpg,0,2,0.22371609508991241,0
000152.jpg,0,1,0.09756221622228622,0
000153.jpg,1,0,0.6298884153366089,1
000154.jpg,0,0,0.1424703449010849,0
000155.jpg,1,2,0.9734938144683838,1
000156.jpg,1,4,0.8588370084762573,1
000157.jpg,1,4,0.9662834405899048,1
000158.jpg,0,1,0.03832197189331055,0
000159.jpg,0,4,0.05541279539465904,0
000160.jpg,0,4,0.029201289638876915,0
000161.jpg,0,2,0.103748619556427,0
000162.jpg,1,4,0.989591658115387,1
000163.jpg,0,4,0.06608537584543228,0
000164.jpg,0,3,0.042245496064424515,0
000165.jpg,0,1,0.06097517907619476,0
000166.jpg,1,4,0.9798226952552795,1
000167.jpg,0,1,0.01005236990749836,0
000168.jpg,1,2,0.9745803475379944,1
000169.jpg,1,0,0.9320833086967468,1
000170.jpg,0,2,0.020527787506580353,0
000171.jpg,1,2,0.9789956212043762,1
000172.jpg,1,3,0.9879926443099976,1
000173.jpg,0,4,0.03494669497013092,0
000174.jpg,0,0,0.14990434050559998,0
000175.jpg,0,2,0.013273886404931545,0
000176.jpg,1,0,0.9386884570121765,1
000177.jpg,1,2,0.9799765348434448,1
000178.jpg,0,3,0.07107366621494293,0
000179.jpg,1,2,0.9747251272201538,1
000180.jpg,0,4,0.11616110056638718,0
000181.jpg,1,0,0.834811270236969,1
000182.jpg,0,2,0.03339982405304909,0
000183.jpg,0,4,0.026255300268530846,0
000184.jpg,0,2,0.011732463724911213,0
000185.jpg,1,2,0.9781771898269653,1
000186.jpg,1,3,0.9419752359390259,1
000187.jpg,1,2,0.9679599404335022,1
000188.jpg,1,1,0.9719393253326416,1
000189.jpg,0,4,0.015663648024201393,0
000190.jpg,0,1,0.07172112911939621,0
000191.jpg,0,4,0.10706345736980438,0
000192.jpg,1,1,0.9500414729118347,1
000193.jpg,0,0,0.18417982757091522,0
000194.jpg,1,4,0.9256342649459839,1
000195.jpg,0,2,0.013955711387097836,0
000196.jpg,1,0,0.9439706206321716,1
000197.jpg,0,2,0.03079216741025448,0
000198.jpg,0,1,0.025565214455127716,0
000199.jpg,1,2,0.9742394685745239,1
000200.jpg,0,4,0.0333368256688118,0
000201.jpg,1,4,0.9839708209037781,1
000202.jpg,1,3,0.9001793265342712,1
000203.jpg,0,0,0.045777272433042526,0
000204.jpg,1,3,0.990767776966095,1
000205.jpg,0,3,0.04418332502245903,0
000206.jpg,1,0,0.9392480850219727,1
000207.jpg,0,2,0.01764446310698986,0
000208.jpg,0,4,0.036838702857494354,0
000209.jpeg,0,2,0.02806073985993862,0
000210.jpeg,0,4,0.036908067762851715,0
000211.jpg,0,1,0.043365802615880966,0
000212.jpg,0,4,0.06656918674707413,0
000213.jpg,0,0,0.18097352981567383,0
000214.jpg,1,1,0.9737446904182434,1
000215.jpg,1,2,0.9904406070709229,1
000216.jpg,1,1,0.41750892996788025,0
000217.jpg,1,4,0.9741412401199341,1
000218.jpg,0,0,0.04501553252339363,0
000219.jpg,1,4,0.958304226398468,1
000220.jpg,1,2,0.9702962636947632,1
000221.jpg,0,2,0.016914913430809975,0
000222.jpg,1,2,0.9893474578857422,1
000223.jpg,1,3,0.9843964576721191,1
000224.jpg,1,1,0.9813822507858276,1
000225.jpg,1,3,0.9514138102531433,1
000226.jpg,1,4,0.9762200117111206,1
000227.jpg,1,3,0.9240047931671143,1
000228.jpg,0,4,0.034293949604034424,0
000229.jpg,1,2,0.9864678382873535,1
000230.jpg,0,0,0.09351231157779694,0
000231.jpg,0,0,0.11456649005413055,0
000232.jpg,1,4,0.9879926443099976,1
000233.jpg,1,1,0.9807657599449158,1
000234.jpg,0,3,0.04501553252339363,0
000235.jpg,1,3,0.941439151763916,1
000236.jpg,1,3,0.8014700412750244,1
000237.jpg,1,0,0.9427180886268616,1
000238.jpg,0,0,0.05242456495761871,0
000239.jpg,1,3,0.9899863600730896,1
000240.jpg,0,0,0.07185126841068268,0
000241.jpg,1,3,0.9710193276405334,1
000242.jpg,1,3,0.8357518315315247,1
000243.jpg,1,0,0.8039445281028748,1
000244.jpg,1,1,0.9844563603401184,1
000245.jpg,0,4,0.11920293420553207,0
000246.jpg,0,4,0.07276838272809982,0
000247.jpg,0,2,0.018653521314263344,0
000248.jpg,0,2,0.015603534877300262,0
000249.jpg,0,1,0.014281933195888996,0
000250.jpg,1,4,0.9829546809196472,1
000251.jpg,1,2,0.9785903096199036,1
000252.jpg,0,0,0.03803509101271629,0
000253.jpg,1,1,0.9755768775939941,1
000254.jpg,1,0,0.7047700881958008,1
000255.jpg,1,0,0.9319595694541931,1
000256.jpg,1,2,0.9801293015480042,1
000257.jpg,0,4,0.024703869596123695,0
000258.jpg,0,0,0.07396337389945984,0
000259.jpg,0,3,0.04569203034043312,0
000260.jpg,1,1,0.813164234161377,1
000261.jpg,1,3,0.9919691681861877,1
000262.jpg,1,1,0.9680808186531067,1
000263.jpg,0,3,0.045777272433042526,0
000264.jpg,0,0,0.04795810207724571,0
000265.jpg,1,4,0.9716179370880127,1
000266.jpg,0,1,0.07409726083278656,0
000267.jpg,1,3,0.9407896995544434,1
000268.jpg,0,4,0.08601588010787964,0
000269.jpg,0,3,0.06325051933526993,0
000270.jpg,1,4,0.9801673293113708,1
000271.jpg,1,1,0.9822876453399658,1
000272.jpg,1,1,0.9736947417259216,1
000273.jpg,0,2,0.022977370768785477,0
000274.jpg,0,1,0.022201230749487877,0
000275.jpg,1,4,0.9333093762397766,1
000276.jpg,1,2,0.9590010046958923,1
000277.jpg,1,1,0.9799382090568542,1
000278.jpg,1,3,0.9814888834953308,1
000279.jpg,1,3,0.8879840970039368,1
000280.jpg,0,2,0.03468417376279831,0
000281.jpg,1,0,0.9532750844955444,1
000282.jpg,0,0,0.048136770725250244,0
000283.jpg,0,3,0.07779745012521744,0
000284.jpg,0,4,0.03126191347837448,0
000285.jpg,1,1,0.9575167298316956,1
000286.jpeg,0,0,0.2757143974304199,0
000287.jpg,1,3,0.9819099307060242,1
000288.jpg,1,3,0.9776712656021118,1
000289.jpg,0,0,0.2391715943813324,0
000290.jpg,0,1,0.03481519594788551,0
000291.jpg,0,3,0.01805533468723297,0
000292.jpg,0,3,0.18802562355995178,0
000293.jpg,1,1,0.986929178237915,1
000294.jpg,1,1,0.9839708209037781,1
000295.jpg,1,1,0.9808759689331055,1
000296.jpg,0,4,0.05033063143491745,0
000297.jpg,1,2,0.9947595000267029,1
000298.jpg,0,2,0.07382971048355103,0
000299.jpg,0,4,0.03514484316110611,0
000300.jpg,0,3,0.047514185309410095,0
000301.jpg,0,0,0.05717659741640091,0
000302.jpg,0,2,0.024469668045639992,0
000303.jpg,1,2,0.3621792793273926,0
000304.jpg,0,0,0.2971639037132263,0
000305.jpg,1,0,0.8603691458702087,1
000306.jpg,0,4,0.060640547424554825,0
000307.jpg,1,2,0.9814534187316895,1
000308.jpg,0,1,0.03622005507349968,0
000309.jpg,0,1,0.04328484460711479,0
000310.jpg,1,2,0.9659639000892639,1
000311.jpg,0,4,0.0360160693526268,0
000312.jpg,1,0,0.8290771842002869,1
000313.jpg,0,2,0.027690259739756584,0
000314.jpg,0,2,0.641983687877655,1
000315.jpg,0,1,0.06730107218027115,0
000316.jpg,0,3,0.03155902028083801,0
000317.jpg,1,4,0.9272316098213196,1
000318.jpg,0,4,0.04543721675872803,0
000319.jpg,0,1,0.0487670972943306,0
000320.jpg,0,4,0.06596492975950241,0
000321.jpg,0,4,0.06941547244787216,0
000322.jpg,1,2,0.9862577319145203,1
000323.jpg,1,0,0.9069831967353821,1
000324.jpg,1,3,0.9707987308502197,1
000325.jpg,0,4,0.03561141714453697,0
000326.jpg,1,2,0.951323390007019,1
000327.jpg,0,2,0.017242778092622757,0
000328.jpg,1,2,0.9700703024864197,1
000329.jpg,1,2,0.9698426127433777,1
000330.jpg,0,4,0.03191915154457092,0
000331.jpg,0,2,0.0792103260755539,0
000332.jpg,1,2,0.975296139717102,1
000333.jpg,0,2,0.0541987307369709,0
000334.jpg,1,0,0.9490118622779846,1
000335.jpg,0,2,0.03739713504910469,0
000336.jpg,0,1,0.05127241834998131,0
000337.jpeg,0,3,0.0832919254899025,0
000338.jpg,1,3,0.9767580628395081,1
000339.jpg,0,4,0.0676698163151741,0
000340.jpg,0,4,0.021125193685293198,0
000341.jpg,1,1,0.9842759370803833,1
000342.jpg,0,1,0.02806073985993862,0
000343.jpg,0,3,0.027742892503738403,0
000344.jpg,0,4,0.03481519594788551,0
000345.jpg,1,1,0.9731387495994568,1
000346.jpg,0,0,0.1650540828704834,0
000347.jpg,1,3,0.8147908449172974,1
000348.jpg,0,3,0.043936531990766525,0
000349.jpg,0,4,0.054098695516586304,0
000350.jpg,1,0,0.9029524326324463,1
000351.jpg,1,0,0.6957516670227051,1
000352.jpg,1,3,0.9649212956428528,1
000353.jpg,1,2,0.9330658316612244,1
000354.jpg,1,2,0.9089417457580566,1
000355.jpg,1,3,0.9875683188438416,1
000356.jpg,0,2,0.03308597952127457,0
000357.jpg,0,3,0.058345843106508255,0
000358.jpg,0,0,0.1397482007741928,0
000359.jpg,1,1,0.9759464263916016,1
000360.jpg,1,1,0.9816655516624451,1
000361.jpg,1,0,0.8570517301559448,1
000362.jpg,1,3,0.9698426127433777,1
000363.jpg,1,2,0.9667888283729553,1
000364.jpg,0,1,0.03803509101271629,0
000365.jpg,1,1,0.9844563603401184,1
000366.jpg,0,1,0.06779313087463379,0
000367.jpg,0,3,0.2067338526248932,0
000368.jpg,0,3,0.029535338282585144,0
000369.jpg,1,1,0.958615243434906,1
000370.jpg,0,1,0.03926875442266464,0
000371.jpg,1,1,0.9813107252120972,1
000372.jpg,1,2,0.9621787071228027,1
000373.jpg,1,1,0.9772408604621887,1
000374.jpg,1,2,0.9862577319145203,1
000375.jpg,1,3,0.9197867512702942,1
000376.jpg,1,4,0.9623205661773682,1
000377.jpg,0,0,0.31017178297042847,0
000378.jpg,1,3,0.9550683498382568,1
000379.jpg,1,0,0.767863929271698,1
000380.jpg,0,3,0.050051309168338776,0
000381.jpg,1,2,0.982624351978302,1
000382.jpg,0,1,0.08137363195419312,0
000383.jpg,0,1,0.04509957134723663,0
000384.jpg,1,2,0.9767580628395081,1
000385.jpg,0,1,0.01784873940050602,0
000386.jpg,0,0,0.05242456495761871,0
000387.jpg,1,4,0.9908744096755981,1
000388.jpg,1,0,0.9476723670959473,1
000389.jpg,1,1,0.9788343906402588,1
000390.jpg,0,4,0.04611974582076073,0
000391.jpg,1,3,0.9735944867134094,1
000392.jpg,0,4,0.03277498483657837,0
000393.jpg,0,0,0.22953519225120544,0
000394.jpg,0,0,0.12592275440692902,0
000395.jpg,1,3,0.7943849563598633,1
000396.jpg,0,4,0.06916356831789017,0
000397.jpg,1,4,0.9632996320724487,1
000398.jpg,0,2,0.04760265722870827,0
000399.jpg,0,0,0.07463503628969193,0
000400.jpg,0,0,0.1534222811460495,0
000401.jpg,1,0,0.9178933501243591,1
000402.jpg,1,0,0.9196425676345825,1
000403.jpg,1,3,0.992061972618103,1
000404.jpg,0,4,0.029367852956056595,0
000405.jpg,0,0,0.29007506370544434,0
000406.jpg,1,4,0.9829546809196472,1
000407.jpg,0,0,0.18417982757091522,0
000408.jpg,1,0,0.9244152307510376,1
000409.jpg,0,2,0.023065226152539253,0
000410.jpg,1,3,0.9603611826896667,1
000411.jpg,1,4,0.9831499457359314,1
000412.jpg,1,1,0.9814534187316895,1
000413.jpg,1,0,0.9706321954727173,1
000414.jpg,1,4,0.9713473320007324,1
000415.jpg,1,4,0.971563994884491,1
000416.jpg,1,2,0.9558990597724915,1
000417.jpg,1,0,0.7848142385482788,1
000418.jpg,0,3,0.11858910322189331,0
000419.jpg,1,0,0.9490118622779846,1
000420.jpg,0,0,0.08977328985929489,0
000421.jpg,1,1,0.918333888053894,1
000422.jpeg,0,1,0.03308597952127457,0
000423.jpg,1,0,0.9124361872673035,1
000424.jpg,0,0,0.06891249865293503,0
000425.jpg,0,2,0.008380454033613205,0
000426.jpg,0,3,0.10123348236083984,0
000427.jpg,1,3,0.9678385257720947,1
000428.jpg,0,2,0.01945657469332218,0
000429.jpg,0,4,0.04248321056365967,0
000430.jpeg,0,4,0.017442483454942703,0
000431.jpg,1,3,0.9942250847816467,1
000432.jpg,1,0,0.9562273025512695,1
000433.jpg,1,3,0.9620362520217896,1
000434.jpg,0,4,0.061536744236946106,0
000435.jpg,0,2,0.03004337102174759,0
000436.jpg,0,2,0.12368281930685043,0
000437.jpg,1,0,0.8519527316093445,1
000438.jpg,0,0,0.0787840187549591,0
000439.jpg,0,0,0.03912165015935898,0
000440.jpg,0,4,0.034293949604034424,0
000441.jpg,0,1,0.014172366820275784,0
000442.jpg,0,3,0.02600678615272045,0
000443.jpg,0,3,0.03138043358922005,0
000444.jpg,1,4,0.9349913001060486,1
000445.jpg,0,0,0.09170696139335632,0
000446.jpg,1,3,0.9644556045532227,1
000447.jpg,0,0,0.18053968250751495,0
000448.jpg,1,3,0.9485372304916382,1
000449.jpg,0,2,0.045183755457401276,0
000450.jpg,1,0,0.8214741349220276,1
000451.jpg,1,4,0.8696039319038391,1
000452.jpg,1,3,0.9854404330253601,1
000453.jpg,1,1,0.9872773289680481,1
000454.jpg,1,0,0.7264255881309509,1
000455.jpg,0,2,0.013222821988165379,0
000456.jpg,1,2,0.9787126779556274,1
000457.jpg,1,4,0.9872773289680481,1
000458.jpg,0,3,0.0398624911904335,0
000459.jpg,1,0,0.8914335370063782,1
000460.jpg,0,3,0.0443485863506794,0
000461.jpg,1,0,0.8429924845695496,1
000462.jpg,1,4,0.9808025360107422,1
000463.jpg,0,2,0.011597361415624619,0
000464.jpg,1,4,0.9818405508995056,1
000465.jpg,1,3,0.9857181310653687,1
000466.jpg,0,0,0.09367801249027252,0
000467.jpg,1,3,0.9727790951728821,1
000468.jpg,1,2,0.9741412401199341,1
000469.jpg,0,2,0.04410091042518616,0
000470.jpg,0,1,0.03228325769305229,0
000471.jpg,1,1,0.9848692417144775,1
000472.jpg,1,3,0.9790757894515991,1
000473.jpg,0,0,0.14306794106960297,0
000474.jpg,1,2,0.9834068417549133,1
000475.jpg,1,1,0.7668178677558899,1
000476.jpg,0,3,0.22644133865833282,0
000477.jpg,0,0,0.0497734472155571,0
000478.jpg,1,4,0.9916519522666931,1
000479.jpg,0,2,0.04509957134723663,0
000480.jpg,0,2,0.012479699216783047,0
000481.jpg,1,3,0.7327831387519836,1
000482.jpg,1,4,0.9747251272201538,1
000483.jpg,1,2,0.958615243434906,1
000484.jpg,1,2,0.8258707523345947,1
000485.jpg,0,2,0.011915022507309914,0
000486.jpg,0,0,0.0972188413143158,0
000487.jpg,1,4,0.9558990597724915,1
000488.jpg,0,4,0.02964751049876213,0
000489.jpg,0,0,0.13799647986888885,0
000490.jpg,0,2,0.017917344346642494,0
000491.jpg,0,0,0.04940524324774742,0
000492.jpg,1,1,0.9094254970550537,1
000493.jpg,1,1,0.9712384939193726,1
000494.jpg,0,1,0.06244528666138649,0
000495.jpg,1,2,0.9812749028205872,1
000496.jpg,0,2,0.025565214455127716,0
000497.jpg,0,2,0.03096751682460308,0
000498.jpg,0,1,0.049958519637584686,0
000499.jpg,1,0,0.8193157911300659,1
000500.jpg,1,1,0.9842154383659363,1
000501.jpg,1,4,0.9754835963249207,1
000502.jpg,1,1,0.9709092378616333,1
000503.jpg,0,3,0.0832919254899025,0
000504.jpg,0,1,0.020410308614373207,0
000505.jpg,1,2,0.9708540439605713,1
000506.jpg,0,3,0.04410091042518616,0
000507.jpg,1,4,0.9883578419685364,1
000508.jpg,0,2,0.019794778898358345,0
000509.jpg,1,3,0.9507778882980347,1
000510.jpg,0,2,0.015603534877300262,0
000511.jpg,0,3,0.02811405621469021,0
000512.jpg,0,0,0.19482697546482086,0
000513.jpg,1,1,0.968678891658783,1
000514.jpg,0,2,0.02784845046699047,0
000515.jpg,1,3,0.8895288109779358,1
000516.jpg,0,3,0.04153997078537941,0
000517.jpg,0,2,0.06742378324270248,0
000518.jpg,0,3,0.0541987307369709,0
000519.jpg,1,4,0.9446893334388733,1
000520.jpg,1,2,0.9758085012435913,1
000521.jpg,1,3,0.9870296716690063,1
000522.jpg,0,4,0.031084951013326645,0
000523.jpg,1,1,0.9803186058998108,1
000524.jpg,0,2,0.03608394414186478,0
000525.jpg,1,4,0.9153559803962708,1
000526.jpg,1,4,0.9618934392929077,1
000527.jpg,0,0,0.0684129148721695,0
000528.jpg,0,0,0.13341522216796875,0
000529.jpg,1,1,0.9910145401954651,1
000530.jpg,1,2,0.972362220287323,1
000531.jpg,0,4,0.02881619706749916,0
000532.jpg,0,2,0.01659317873418331,0
000533.jpg,1,3,0.957277774810791,1
000534.jpg,0,1,0.13846179842948914,0
000535.jpg,1,0,0.9486324787139893,1
000536.jpg,0,0,0.048316068947315216,0
000537.jpg,1,2,0.9493886232376099,1
000538.jpg,1,2,0.9922744631767273,1
000539.jpg,1,0,0.8862236142158508,1
000540.jpg,1,1,0.9859904050827026,1
000541.jpg,0,4,0.03663136437535286,0
000542.jpg,1,4,0.9339146018028259,1
000543.jpg,0,2,0.01750955730676651,0
000544.jpg,1,2,0.9186264276504517,1
000545.jpg,0,0,0.051941558718681335,0
000546.jpg,1,3,0.973036527633667,1
000547.jpg,0,2,0.015543648041784763,0
000548.jpg,0,2,0.019794778898358345,0
000549.jpg,1,4,0.9840323328971863,1
000550.jpg,1,4,0.9718859195709229,1
000551.jpg,1,4,0.9740425944328308,1
000552.jpg,1,2,0.967777669429779,1
000553.jpg,0,4,0.08913693577051163,0
000554.jpg,1,2,0.8639664649963379,1
000555.jpg,1,4,0.975623369216919,1
000556.jpg,0,4,0.08678673207759857,0
000557.jpg,1,4,0.9751545190811157,1
000558.jpg,1,3,0.9845160245895386,1
000559.jpg,0,2,0.02169809490442276,0
000560.jpg,1,4,0.9762653708457947,1
000561.jpg,0,2,0.16317856311798096,0
000562.jpg,1,3,0.8927496671676636,1
000563.jpg,1,1,0.9831499457359314,1
000564.jpg,0,4,0.12710988521575928,0
000565.jpg,1,2,0.9645224213600159,1
000566.jpg,1,2,0.9746769666671753,1
000567.jpg,0,0,0.39758750796318054,0
000568.jpg,0,3,0.09417666494846344,0
000569.jpg,0,3,0.09301680326461792,0
000570.jpg,0,0,0.26779094338417053,0
000571.jpg,1,4,0.9270997643470764,1
000572.jpg,0,2,0.03138043358922005,0
000573.jpg,0,2,0.18997150659561157,0
000574.jpg,0,3,0.05644402652978897,0
000575.jpg,1,1,0.9765353798866272,1
000576.jpg,0,4,0.04001227021217346,0
000577.jpeg,0,1,0.020410308614373207,0
000578.jpg,1,1,0.9774571061134338,1
000579.jpg,1,3,0.9298236966133118,1
000580.jpg,0,4,0.019271137192845345,0
000581.jpg,1,4,0.9819446802139282,1
000582.jpg,0,0,0.04716186597943306,0
000583.jpeg,1,2,0.9377830028533936,1
000584.jpg,1,0,0.9324532747268677,1
000585.jpg,1,1,0.9870296716690063,1
000586.jpg,0,0,0.03796369582414627,0
000587.jpg,0,1,0.043446898460388184,0
000588.jpg,0,3,0.06681232899427414,0
000589.jpg,0,0,0.32993122935295105,0
000590.jpg,0,2,0.015072628855705261,0
000591.jpg,1,4,0.9233161807060242,1
000592.jpg,0,1,0.03302355110645294,0
000593.jpeg,1,2,0.9582260847091675,1
000594.jpg,0,3,0.04385456070303917,0
000595.jpg,0,4,0.06477169692516327,0
000596.jpg,1,4,0.9490118622779846,1
000597.jpg,1,4,0.9798997044563293,1
000598.jpg,1,3,0.9348725080490112,1
000599.jpg,0,0,0.06489012390375137,0
000600.jpg,1,1,0.9732407331466675,1
000601.jpg,0,3,0.049497053027153015,0
000602.jpg,1,3,0.960878312587738,1
000603.jpg,0,4,0.4729572832584381,0
000604.jpg,0,4,0.5179519057273865,0
000605.jpg,1,2,0.9846936464309692,1
000606.jpg,1,3,0.9264369606971741,1
000607.jpg,0,0,0.12710988521575928,0
000608.jpg,1,4,0.9676556587219238,1
000609.jpg,0,4,0.026861203834414482,0
000610.png,0,2,0.045777272433042526,0
000611.jpg,1,2,0.9333093762397766,1
000612.jpg,1,0,0.9291837811470032,1
000613.jpg,0,2,0.012100386433303356,0
000614.jpg,1,3,0.9139840602874756,1
000615.jpg,0,1,0.043204035609960556,0
000616.jpg,1,1,0.9797065258026123,1
000617.jpg,1,1,0.9789553880691528,1
000618.jpg,1,3,0.974190354347229,1
000619.jpg,1,2,0.5269514322280884,1
000620.jpg,1,3,0.8223318457603455,1
000621.jpg,1,4,0.9710193276405334,1
000622.jpg,1,0,0.9345147609710693,1
000623.jpg,1,0,0.9516838788986206,1
000624.jpg,0,0,0.049497053027153015,0
000625.jpg,1,2,0.9743860960006714,1
000626.jpg,1,0,0.9024378061294556,1
000627.jpg,0,0,0.07172112911939621,0
000628.jpg,1,3,0.9658352136611938,1
000629.jpg,1,1,0.9836598634719849,1
000630.jpg,1,2,0.9761745929718018,1
000631.jpg,0,0,0.08479540795087814,0
000632.jpg,0,3,0.04867657274007797,0
000633.jpg,0,2,0.02132808230817318,0
000634.jpg,0,3,0.05184547230601311,0
000635.jpg,1,2,0.9795897603034973,1
000636.jpg,0,0,0.18374003469944,0
000637.jpg,1,2,0.9928508996963501,1
000638.jpg,1,2,0.36840569972991943,0
000639.jpg,1,0,0.8652240633964539,1
000640.jpg,1,3,0.9400236010551453,1
000641.jpg,1,2,0.961605966091156,1
000642.jpg,0,4,0.04208773002028465,0
000643.jpg,1,0,0.9529258608818054,1
000644.jpg,0,2,0.01923426054418087,0
000645.jpg,1,2,0.986415684223175,1
000646.jpg,1,2,0.9736947417259216,1
000647.jpg,1,0,0.9302051067352295,1
000648.jpg,0,4,0.023330770432949066,0
000649.jpg,0,0,0.10762491822242737,0
000650.jpeg,0,4,0.08035747706890106,0
000651.jpg,0,2,0.14116297662258148,0
000652.jpg,1,3,0.8864204287528992,1
000653.jpg,0,1,0.08509904891252518,0
000654.jpg,1,4,0.966156005859375,1
000655.jpg,1,1,0.9419752359390259,1
000656.jpg,0,1,0.17203271389007568,0
000657.jpg,0,0,0.15203222632408142,0
000658.jpg,1,4,0.9726754426956177,1
000659.jpg,0,3,0.03810662031173706,0
000660.jpg,0,2,0.04569203034043312,0
000661.jpg,0,2,0.18271701037883759,0
000662.jpg,0,4,0.6577582955360413,1
000663.jpg,0,3,0.05291181057691574,0
000664.jpg,1,2,0.9816655516624451,1
000665.jpg,0,4,0.06828853487968445,0
000666.jpg,1,3,0.977022647857666,1
000667.jpg,1,4,0.9852713346481323,1
000668.jpg,0,2,0.050893716514110565,0
000669.jpg,0,4,0.04296247288584709,0
000670.jpg,0,1,0.022243667393922806,0
000671.jpg,0,1,0.18862271308898926,0
000672.jpg,0,4,0.04280214384198189,0
000673.jpg,0,4,0.023241925984621048,0
000674.jpg,0,0,0.08064661920070648,0
000675.jpg,1,2,0.9755303859710693,1
000676.jpg,0,2,0.015072628855705261,0
000677.jpg,0,2,0.01778039149940014,0
000678.jpg,1,3,0.7647159099578857,1
000679.jpg,1,4,0.9812389612197876,1
000680.jpg,1,0,0.9553191661834717,1
000681.jpg,1,1,0.9787126779556274,1
000682.jpg,1,0,0.9657707214355469,1
000683.jpg,0,0,0.09041372686624527,0
000684.jpg,0,3,0.08404061198234558,0
000685.jpg,0,0,0.04646466299891472,0
000686.jpg,1,0,0.8253083229064941,1
000687.jpg,1,0,0.9670388102531433,1
000688.jpg,0,2,0.026405517011880875,0
000689.jpg,1,1,0.9889705181121826,1
000690.jpg,1,4,0.936168372631073,1
000691.jpg,1,1,0.9927951693534851,1
000692.jpg,0,3,0.03327394276857376,0
000693.jpg,1,2,0.9807657599449158,1
000694.jpg,0,1,0.03760863468050957,0
000695.jpg,1,4,0.9549844264984131,1
000696.jpg,0,4,0.11858910322189331,0
000697.jpg,1,3,0.9524857997894287,1
000698.jpg,1,1,0.9889705181121826,1
000699.jpg,1,0,0.8938665986061096,1
000700.jpg,0,3,0.12095703184604645,0
000701.jpg,0,2,0.018475595861673355,0
000702.jpg,1,2,0.9863631129264832,1
000703.jpg,1,0,0.9214990139007568,1
000704.jpg,1,1,0.9784671068191528,1
000705.jpg,1,0,0.8711463809013367,1
000706.jpg,0,4,0.05654813349246979,0
000707.jpg,1,1,0.7024279832839966,1
000708.jpg,1,0,0.9353464841842651,1
000709.jpg,1,2,0.972727358341217,1
000710.jpg,0,1,0.02400774508714676,0
000711.jpg,1,1,0.4464344084262848,0
000712.jpg,0,3,0.08570928126573563,0
000713.jpg,0,4,0.8219034671783447,1
000714.jpg,0,1,0.012479699216783047,0
000715.jpg,0,1,0.14743240177631378,0
000716.jpg,0,4,0.04672495648264885,0
000717.jpg,0,1,0.11596072465181351,0
000718.jpg,1,1,0.9783847332000732,1
000719.jpg,1,0,0.83601975440979,1
000720.jpg,1,0,0.8942365646362305,1
000721.jpg,1,2,0.9788748621940613,1
000722.jpg,0,0,0.06108710914850235,0
000723.jpg,0,0,0.14780104160308838,0
000724.jpg,1,0,0.9618217349052429,1
000725.jpg,1,4,0.967100977897644,1
000726.jpg,1,2,0.9610980749130249,1
000727.jpg,0,4,0.031321119517087936,0
000728.jpg,0,4,0.08678673207759857,0
000729.jpg,1,4,0.9630224108695984,1
000730.jpg,1,4,0.9694401025772095,1
000731.jpg,0,1,0.019832711666822433,0
000732.jpg,1,2,0.9905508756637573,1
000733.jpg,1,3,0.9222025275230408,1
000734.jpg,1,4,0.9808759689331055,1
000735.jpg,0,2,0.019419347867369652,0
000736.jpg,1,1,0.9768908023834229,1
000737.jpg,1,0,0.8475897312164307,1
000738.jpg,0,4,0.09170696139335632,0
000739.jpg,0,4,0.03358950838446617,0
000740.jpg,1,3,0.822474479675293,1
000741.jpg,0,2,0.021084843203425407,0
000742.jpg,1,4,0.9333093762397766,1
000743.jpg,1,0,0.9507778882980347,1
000744.jpg,1,3,0.9536218643188477,1
000745.jpg,0,2,0.04931360110640526,0
000746.jpg,1,2,0.9743373394012451,1
000747.jpg,1,2,0.9853278994560242,1
000748.jpg,0,2,0.029535338282585144,0
000749.jpg,0,4,0.062216974794864655,0
000750.jpg,0,1,0.04107589274644852,0
000751.jpg,0,1,0.03120281919836998,0
000752.jpg,0,4,0.07751766592264175,0
000753.jpg,0,1,0.05899302288889885,0
000754.jpg,1,2,0.9827572107315063,1
000755.jpg,1,3,0.9891815781593323,1
000756.jpg,0,4,0.10052486509084702,0
000757.jpg,1,2,0.9526622891426086,1
000758.jpg,0,0,0.10230471193790436,0
000759.jpg,1,4,0.9693241715431213,1
000760.jpg,1,4,0.9795506000518799,1
000761.jpg,0,3,0.022116590291261673,0
000762.jpg,0,2,0.013376603834331036,0
000763.jpg,0,2,0.0222861859947443,0
000764.jpg,1,3,0.966156005859375,1
000765.jpg,1,0,0.972727358341217,1
000766.jpg,0,1,0.022672437131404877,0
000767.jpg,1,0,0.9381240010261536,1
000768.jpg,1,3,0.981979250907898,1
000769.jpg,0,3,0.1424703449010849,0
000770.jpg,1,1,0.9698426127433777,1
000771.jpg,1,1,0.967100977897644,1
000772.jpg,0,1,0.07613248378038406,0
000773.jpg,1,4,0.9738444089889526,1
000774.jpg,0,1,0.02561391517519951,0
000775.jpg,0,3,0.1388116478919983,0
000776.jpg,1,3,0.9879462122917175,1
000777.jpg,1,4,0.9604353904724121,1
000778.jpg,1,0,0.9089417457580566,1
000779.jpg,0,1,0.03782128542661667,0
000780.jpg,0,3,0.028007520362734795,0
000781.jpg,1,0,0.8933094143867493,1
000782.jpg,1,3,0.9887987971305847,1
000783.jpg,0,2,0.011244560591876507,0
000784.jpeg,0,4,0.05582314357161522,0
000785.jpg,0,2,0.03868349641561508,0
000786.png,1,0,0.9133679866790771,1
000787.jpg,0,0,0.09105828404426575,0
000788.jpg,1,3,0.7788175344467163,1
000789.jpg,1,3,0.953880250453949,1
000790.jpg,0,3,0.0445975735783577,0
000791.jpg,1,1,0.9700703024864197,1
000792.jpg,1,0,0.9100669622421265,1
000793.jpg,1,0,0.9385759830474854,1
000794.jpg,1,4,0.9777138829231262,1
000795.jpg,0,0,0.039713259786367416,0
000796.jpg,1,4,0.9752018451690674,1
000797.jpg,0,1,0.03574581444263458,0
000798.jpg,1,3,0.9461008310317993,1
000799.jpg,0,0,0.049681153148412704,0
000800.jpg,0,0,0.09653531759977341,0
000801.jpg,1,2,0.9605096578598022,1
000802.jpg,1,0,0.9222025275230408,1
000803.jpeg,0,2,0.03817827254533768,0
000804.jpg,0,1,0.03308597952127457,0
000805.jpg,1,1,0.9509603977203369,1
000806.jpg,1,2,0.9845753908157349,1
000807.jpg,1,3,0.9664104580879211,1
000808.jpg,0,4,0.05490385368466377,0
000809.jpg,1,3,0.9711290597915649,1
000810.jpg,1,0,0.9014011025428772,1
000811.jpg,1,4,0.9577545523643494,1
000812.jpg,0,1,0.030329255387187004,0
000813.jpg,0,1,0.20165595412254333,0
000814.jpg,1,4,0.975296139717102,1
000815.jpg,0,4,0.04543721675872803,0
000816.jpg,0,0,0.050611432641744614,0
000817.jpg,0,0,0.2114168107509613,0
000818.jpg,0,3,0.037256766110658646,0
000819.jpg,0,2,0.031439851969480515,0
000820.jpg,1,1,0.9835969805717468,1
000821.jpg,0,0,0.06928940862417221,0
000822.jpg,1,2,0.981979250907898,1
000823.jpg,0,4,0.16132023930549622,0
000824.jpg,1,3,0.9691494703292847,1
000825.jpg,0,2,0.025035422295331955,0
000826.jpg,1,2,0.9463988542556763,1
000827.jpg,0,0,0.06681232899427414,0
000828.jpg,0,4,0.28947213292121887,0
000829.jpg,0,1,0.07613248378038406,0
000830.jpg,1,2,0.9795897603034973,1
000831.jpg,1,1,0.9807657599449158,1
000832.jpg,1,4,0.9915870428085327,1
000833.jpg,0,0,0.048316068947315216,0
000834.jpg,1,0,0.8142006397247314,1
000835.jpg,0,3,0.038756195455789566,0
000836.jpg,0,2,0.013273886404931545,0
000837.jpg,1,1,0.985496461391449,1
000838.jpg,0,0,0.14694207906723022,0
000839.jpg,0,3,0.041617803275585175,0
000840.jpg,1,0,0.85500568151474,1
000841.jpg,0,0,0.053009770810604095,0
000842.jpg,0,0,0.22388572990894318,0
000843.jpg,1,3,0.9307105541229248,1
000844.jpg,0,4,0.03803509101271629,0
000845.jpg,1,1,0.9697853922843933,1
000846.jpg,1,1,0.9688562154769897,1
000847.jpg,1,4,0.9687971472740173,1
000848.jpg,1,1,0.9888418912887573,1
000849.jpg,1,1,0.9792352318763733,1
000850.jpg,0,4,0.04804735630750656,0
000851.jpg,0,1,0.01267373375594616,0
000852.jpg,1,4,0.9623205661773682,1
000853.jpg,0,2,0.01901443488895893,0
000854.jpg,0,0,0.05845324322581291,0
000855.jpg,1,3,0.9424007534980774,1
000856.jpg,0,1,0.02806073985993862,0
000857.jpg,0,4,0.042642392218112946,0
000858.jpg,0,1,0.03197956085205078,0
000859.jpg,0,3,0.07935290038585663,0
000860.jpg,1,3,0.970687747001648,1
000861.jpg,0,4,0.0389750711619854,0
000862.jpg,0,1,0.11858910322189331,0
000863.jpg,0,1,0.03155902028083801,0
000864.jpg,0,4,0.23178809881210327,0
000865.jpg,0,1,0.02959137037396431,0
000866.jpg,1,1,0.9564718008041382,1
000867.jpg,0,1,0.04038906842470169,0
000868.jpg,1,2,0.9606574773788452,1
000869.jpg,0,1,0.07211221009492874,0
000870.jpg,1,1,0.9816655516624451,1
000871.jpg,1,4,0.988711953163147,1
000872.jpg,1,1,0.9829546809196472,1
000873.jpg,0,0,0.10669060051441193,0
000874.jpg,1,4,0.9777563810348511,1
000875.jpg,0,0,0.17938674986362457,0
000876.jpg,1,0,0.9436599016189575,1
000877.jpg,1,3,0.9757624268531799,1
000878.jpg,1,4,0.9329437017440796,1
000879.jpg,1,3,0.934634268283844,1
000880.jpg,0,3,0.03711691126227379,0
000881.jpg,1,2,0.9633685946464539,1
000882.jpg,0,4,0.023375315591692924,0
000883.jpg,0,4,0.0497734472155571,0
000884.jpg,1,4,0.9840936064720154,1
000885.jpg,0,1,0.025419652462005615,0
000886.jpg,1,3,0.9768466353416443,1
000887.jpg,0,3,0.09203286468982697,0
000888.jpg,0,3,0.04046483710408211,0
000889.jpg,0,2,0.05845324322581291,0
000890.jpg,1,2,0.9872773289680481,1
000891.jpg,0,2,0.03594832494854927,0
000892.jpg,1,0,0.8260111808776855,1
000893.jpg,1,1,0.9692660570144653,1
000894.jpg,0,0,0.08479540795087814,0
000895.jpg,1,2,0.9878996014595032,1
000896.jpg,0,1,0.04084571823477745,0
000897.jpg,1,4,0.9007046222686768,1
000898.jpg,0,3,0.02585877664387226,0
000899.jpg,0,4,0.03321117162704468,0
000900.jpg,1,1,0.980728805065155,1
000901.jpg,1,3,0.9791557192802429,1
000902.jpg,1,3,0.9348725080490112,1
000903.jpg,0,3,0.031084951013326645,0
000904.jpg,0,3,0.08093671500682831,0
000905.jpg,0,2,0.0972188413143158,0
000906.jpg,1,2,0.8276889324188232,1
000907.jpg,0,0,0.2166738063097,0
000908.jpg,1,1,0.9818752408027649,1
000909.jpg,0,1,0.07504072040319443,0
000910.jpg,1,3,0.9681411385536194,1
000911.jpg,0,3,0.02203226462006569,0
000912.jpg,0,3,0.04509957134723663,0
000913.jpg,0,3,0.056966383010149,0
000914.jpg,1,0,0.8539127111434937,1
000915.jpg,1,2,0.9244152307510376,1
000916.jpg,0,2,0.018797073513269424,0
000917.jpg,1,3,0.9745803475379944,1
000918.jpg,1,1,0.9841545820236206,1
000919.jpg,0,1,0.01711088791489601,0
000920.jpg,0,2,0.06142404302954674,0
000921.jpg,0,2,0.022371459752321243,0
000922.jpg,0,0,0.13307687640190125,0
000923.jpg,1,0,0.9044819474220276,1
000924.jpg,1,2,0.9765800833702087,1
000925.jpg,1,3,0.9685006141662598,1
000926.jpg,1,1,0.974628746509552,1
000927.jpg,0,2,0.058345843106508255,0
000928.jpg,1,0,0.9333093762397766,1
000929.jpg,0,0,0.14414885640144348,0
000930.jpg,0,3,0.04724971204996109,0
000931.jpg,0,1,0.13273923099040985,0
000932.jpg,0,2,0.0643000528216362,0
000933.jpg,0,1,0.01784873940050602,0
000934.jpg,1,1,0.6945099234580994,1
000935.jpg,0,2,0.0271176565438509,0
000936.jpg,1,3,0.9837850332260132,1
000937.jpg,1,0,0.8976953029632568,1
000938.jpg,1,1,0.982355535030365,1
000939.jpg,0,3,0.030157409608364105,0
000940.jpg,1,0,0.94629967212677,1
000941.jpg,1,1,0.9714016318321228,1
000942.jpg,1,2,0.9657707214355469,1
000943.jpg,0,1,0.03085050918161869,0
000944.jpg,0,0,0.04672495648264885,0
000945.jpg,1,1,0.9814534187316895,1
000946.jpg,0,3,0.05877655744552612,0
000947.jpg,1,4,0.982624351978302,1
000948.jpg,1,4,0.9189178347587585,1
000949.jpg,1,3,0.9703524708747864,1
000950.jpg,1,1,0.9892232418060303,1
000951.jpg,1,3,0.9570375084877014,1
000952.jpg,0,0,0.09653531759977341,0
000953.jpeg,0,1,0.02178117074072361,0
000954.jpg,1,1,0.9908034801483154,1
000955.jpg,1,4,0.9933071732521057,1
000956.jpg,1,0,0.9492005109786987,1
000957.jpg,1,3,0.9781354665756226,1
000958.jpg,1,3,0.8705973029136658,1
000959.jpg,0,1,0.026455776765942574,0
000960.jpg,1,1,0.9886682629585266,1
000961.jpg,1,0,0.8461968302726746,1
000962.jpg,1,1,0.9849852323532104,1
000963.jpg,0,3,0.046378206461668015,0
000964.jpg,1,4,0.9786311388015747,1
000965.jpg,0,3,0.025662705302238464,0
000966.jpg,1,3,0.9407896995544434,1
000967.jpg,0,4,0.01069375779479742,0
000968.jpeg,1,4,0.9761291742324829,1
000969.jpg,1,0,0.9175984263420105,1
000970.jpg,0,0,0.042562730610370636,0
000971.jpg,0,1,0.16478508710861206,0
000972.jpg,0,2,0.07382971048355103,0
000973.jpg,0,1,0.03534407913684845,0
000974.jpg,0,2,0.02784845046699047,0
000975.jpg,0,2,0.01805533468723297,0
000976.jpg,0,2,0.021206121891736984,0
000977.jpg,1,4,0.8033281564712524,1
000978.jpg,0,4,0.036908067762851715,0
000979.jpg,0,2,0.016657039523124695,0
000980.jpg,1,1,0.9401335716247559,1
000981.jpg,0,0,0.18184363842010498,0
000982.jpg,0,2,0.33556854724884033,0
000983.jpg,0,1,0.03252822160720825,0
000984.jpg,1,2,0.9514138102531433,1
000985.jpg,1,2,0.9878528118133545,1
000986.jpg,1,1,0.9831499457359314,1
000987.jpg,0,0,0.07107366621494293,0
000988.jpg,0,2,0.1748325377702713,0
000989.jpeg,0,2,0.04240382835268974,0
000990.jpg,1,2,0.9843964576721191,1
000991.jpg,0,1,0.034293949604034424,0
000992.jpg,0,4,0.04501553252339363,0
000993.jpg,1,4,0.9813822507858276,1
000994.jpg,1,1,0.9762653708457947,1
000995.png,0,4,0.06693419814109802,0
000996.jpg,0,3,0.04153997078537941,0
000997.jpg,0,2,0.036908067762851715,0
000998.jpg,0,0,0.1114344596862793,0
000999.jpg,1,1,0.9561454057693481,1
001000.jpg,0,3,0.02149176597595215,0
001001.jpg,1,2,0.9498556852340698,1
001002.jpg,1,1,0.8938665986061096,1
001003.jpg,0,1,0.023153413087129593,0
001004.jpg,1,2,0.9731387495994568,1
001005.jpg,1,0,0.9393594861030579,1
001006.jpg,0,2,0.026963496580719948,0
001007.jpg,1,4,0.9893062710762024,1
001008.jpg,0,1,0.02806073985993862,0
001009.jpg,0,1,0.06406543403863907,0
001010.jpg,1,2,0.9116528034210205,1
001011.jpg,0,2,0.029367852956056595,0
001012.jpg,1,1,0.9833430051803589,1
001013.jpg,1,1,0.9881309270858765,1
001014.jpg,1,3,0.963161289691925,1
001015.jpg,1,3,0.6716859340667725,1
001016.jpg,0,4,0.02271575853228569,0
001017.jpg,1,1,0.9880388379096985,1
001018.jpg,0,1,0.031439851969480515,0
001019.jpg,1,4,0.9866234660148621,1
001020.jpg,1,2,0.9845160245895386,1
001021.jpg,0,1,0.07159119844436646,0
001022.jpg,1,3,0.9488224983215332,1
001023.jpg,1,3,0.9446893334388733,1
001024.jpg,1,0,0.9421883225440979,1
001025.jpg,0,3,0.03588069602847099,0
001026.jpg,1,2,0.9894295334815979,1
001027.jpg,1,4,0.9814534187316895,1
001028.jpg,0,0,0.04099902883172035,0
001029.jpg,1,4,0.8701565861701965,1
001030.jpg,1,4,0.963711678981781,1
001031.jpg,1,1,0.9312127232551575,1
001032.jpg,1,2,0.9769787192344666,1
001033.jpg,1,3,0.9782188534736633,1
001034.jpg,1,0,0.8526903390884399,1
001035.jpg,1,2,0.9750598073005676,1
001036.jpg,0,1,0.011201213113963604,0
001037.jpg,1,0,0.9367494583129883,1
001038.jpeg,0,1,0.5585979223251343,1
001039.jpg,1,0,0.9681411385536194,1
001040.jpg,0,1,0.05079945921897888,0
001041.jpg,1,0,0.9329437017440796,1
001042.jpg,1,4,0.9806919097900391,1
001043.jpg,0,0,0.0819595456123352,0
001044.jpg,1,3,0.9820826053619385,1
001045.jpg,0,1,0.045183755457401276,0
001046.jpg,1,2,0.9630224108695984,1
001047.jpg,1,0,0.9246877431869507,1
001048.jpg,1,4,0.4307458698749542,0
001049.jpg,1,1,0.964655876159668,1
001050.jpg,0,4,0.032344330102205276,0
001051.jpg,0,0,0.20087100565433502,0
001052.jpg,0,4,0.3301471471786499,0
001053.jpg,0,3,0.11777491867542267,0
001054.jpg,1,1,0.9764904975891113,1
001055.jpg,1,2,0.97334223985672,1
001056.jpg,1,1,0.9698426127433777,1
001057.jpg,1,1,0.9824904799461365,1
001058.jpg,0,2,0.013020490296185017,0
001059.jpg,1,2,0.9731387495994568,1
001060.jpg,1,3,0.9354645609855652,1
001061.jpg,1,2,0.9942920207977295,1
001062.jpg,0,2,0.018941707909107208,0
001063.jpg,0,1,0.029986508190631866,0
001064.jpg,1,2,0.9806919097900391,1
001065.jpg,1,1,0.9874235987663269,1
001066.jpg,0,4,0.020061803981661797,0
001067.jpg,1,4,0.9655115008354187,1
001068.jpg,1,4,0.9565531015396118,1
001069.jpg,1,2,0.9614614844322205,1
001070.jpg,1,0,0.851212203502655,1
001071.jpg,0,4,0.023021256551146507,0
001072.jpg,1,1,0.9694979190826416,1
001073.jpg,1,4,0.9757624268531799,1
001074.jpg,1,3,0.9902915358543396,1
001075.jpg,0,4,0.08166610449552536,0
001076.jpg,1,3,0.8925625681877136,1
001077.jpg,1,1,0.6750152111053467,1
001078.jpg,0,4,0.027690259739756584,0
001079.jpg,0,0,0.18847328424453735,0
001080.jpg,0,2,0.42626187205314636,0
001081.jpg,1,3,0.9649873375892639,1
001082.jpg,1,4,0.97334223985672,1
001083.jpg,1,3,0.9787938594818115,1
001084.jpg,0,1,0.014899643138051033,0
001085.jpg,1,4,0.9565531015396118,1
001086.jpg,0,2,0.04603390395641327,0
001087.jpg,0,1,0.025760557502508163,0
001088.jpg,0,4,0.05921025201678276,0
001089.jpg,1,1,0.9893885254859924,1
001090.jpg,1,0,0.9068183302879333,1
001091.jpg,1,3,0.974628746509552,1
001092.jpg,1,2,0.9794721603393555,1
001093.jpg,0,1,0.01640303246676922,0
001094.jpg,1,1,0.954647421836853,1
001095.jpg,0,0,0.061536744236946106,0
001096.jpg,1,2,0.9676556587219238,1
001097.jpg,1,1,0.967348575592041,1
001098.jpg,0,3,0.04931360110640526,0
001099.jpg,1,0,0.8692712783813477,1
001100.jpg,1,4,0.9136765599250793,1
001101.jpg,1,4,0.9579908847808838,1
001102.jpg,1,2,0.9849852323532104,1
001103.jpg,0,3,0.08404061198234558,0
001104.jpg,0,3,0.036908067762851715,0
001105.jpg,1,2,0.961533784866333,1
001106.jpg,0,1,0.09367801249027252,0
001107.jpg,0,0,0.14139994978904724,0
001108.jpg,0,2,0.04569203034043312,0
001109.jpg,0,3,0.02145073004066944,0
001110.jpg,0,0,0.053304679691791534,0
001111.jpg,1,1,0.9904406070709229,1
001112.jpg,0,0,0.20354916155338287,0
001113.jpg,1,4,0.7032438516616821,1
001114.jpg,0,0,0.04560694471001625,0
001115.jpeg,0,1,0.0645354837179184,0
001116.jpg,1,2,0.9858821630477905,1
001117.jpg,1,1,0.961243748664856,1
001118.jpg,0,0,0.20817892253398895,0
001119.jpg,1,1,0.9488224983215332,1
001120.jpg,1,1,0.9901019334793091,1
001121.jpg,0,1,0.0714614987373352,0
001122.jpg,1,1,0.9736947417259216,1
001123.jpg,1,3,0.975623369216919,1
001124.jpg,1,0,0.8034823536872864,1
001125.jpg,1,4,0.987375020980835,1
001126.jpg,1,4,0.9802808165550232,1
001127.jpg,1,3,0.9787126779556274,1
001128.jpg,0,4,0.03339982405304909,0
001129.jpg,0,1,0.03191915154457092,0
001130.jpg,0,3,0.026657739654183388,0
001131.jpg,0,1,0.056236349046230316,0
001132.jpg,1,1,0.9755303859710693,1
001133.jpg,0,3,0.02790137566626072,0
001134.jpg,1,4,0.9743373394012451,1
001135.jpg,1,2,0.9524857997894287,1
001136.jpg,1,3,0.9854404330253601,1
001137.jpg,1,0,0.9263036847114563,1
001138.jpg,1,2,0.9644556045532227,1
001139.jpg,0,1,0.03554439917206764,0
001140.jpg,1,2,0.9761291742324829,1
001141.jpg,1,0,0.8782098889350891,1
001142.jpg,0,1,0.044431429356336594,0
001143.jpg,1,1,0.966156005859375,1
001144.jpg,1,3,0.9768908023834229,1
001145.jpg,1,4,0.9843363761901855,1
001146.jpg,1,4,0.9858275651931763,1
001147.jpg,1,3,0.83601975440979,1
001148.jpg,1,3,0.9352282881736755,1
001149.jpg,0,3,0.04193052276968956,0
001150.jpg,1,0,0.8842393159866333,1
001151.jpg,1,3,0.9749168753623962,1
001152.jpg,0,4,0.0222861859947443,0
001153.jpg,0,1,0.023330770432949066,0
001154.jpg,1,1,0.9841545820236206,1
001155.jpg,0,0,0.059866417199373245,0
001156.jpg,1,3,0.9722043871879578,1
001157.jpg,1,4,0.9642541408538818,1
001158.jpg,1,0,0.9320833086967468,1
001159.jpg,0,3,0.028870904818177223,0
001160.jpg,0,0,0.20641373097896576,0
001161.jpg,1,0,0.8177201151847839,1
001162.jpg,0,3,0.041617803275585175,0
001163.jpg,0,2,0.058238621801137924,0
001164.jpg,0,1,0.031084951013326645,0
001165.jpg,0,4,0.04099902883172035,0
001166.jpg,1,1,0.9238675236701965,1
001167.jpg,1,3,0.9451974034309387,1
001168.jpg,1,3,0.9747251272201538,1
001169.jpg,1,4,0.9789151549339294,1
001170.jpg,0,2,0.052814021706581116,0
001171.jpg,0,1,0.23616375029087067,0
001172.jpg,1,0,0.7442848086357117,1
001173.jpg,0,2,0.3004376292228699,0
001174.jpg,1,4,0.9609517455101013,1
001175.jpg,0,0,0.10650458931922913,0
001176.jpg,1,0,0.9359345436096191,1
001177.jpeg,0,1,0.15152934193611145,0
001178.jpg,1,3,0.9222025275230408,1
001179.jpg,0,4,0.03912165015935898,0
001180.jpg,1,0,0.9737446904182434,1
001181.jpg,0,0,0.09999630600214005,0
001182.jpg,0,2,0.023286305367946625,0
001183.jpg,0,2,0.02838212437927723,0
001184.jpg,1,0,0.8493474125862122,1
001185.jpg,1,3,0.9433475732803345,1
001186.jpg,1,0,0.938010573387146,1
001187.jpg,1,1,0.8413047790527344,1
001188.jpg,1,2,0.964655876159668,1
001189.jpg,1,4,0.8978744745254517,1
001190.jpg,0,3,0.04501553252339363,0
001191.jpg,1,3,0.9837850332260132,1
001192.jpg,1,3,0.9856076240539551,1
001193.jpg,1,0,0.9427180886268616,1
001194.jpg,1,4,0.9315870404243469,1
001195.jpg,1,4,0.9674717783927917,1
001196.jpg,0,1,0.026810195297002792,0
001197.jpg,1,1,0.9832789301872253,1
001198.jpg,0,4,0.09877258539199829,0
001199.jpg,0,1,0.03378022834658623,0
001200.jpg,0,3,0.06816437095403671,0
001201.jpg,1,4,0.9054896235466003,1
001202.jpg,1,0,0.945600688457489,1
001203.jpg,0,2,0.021739594638347626,0
001204.jpg,1,0,0.7772998809814453,1
001205.jpg,0,4,0.050611432641744614,0
001206.jpg,0,4,0.03277498483657837,0
001207.jpg,1,0,0.9318356513977051,1
001208.jpg,1,4,0.9609517455101013,1
001209.jpg,0,0,0.09568693488836288,0
001210.jpg,1,3,0.985042929649353,1
001211.jpg,1,4,0.9775429368019104,1
001212.jpg,0,1,0.03561141714453697,0
001213.jpg,1,4,0.9822195768356323,1
001214.jpg,0,2,0.036908067762851715,0
001215.jpg,0,3,0.16586315631866455,0
001216.jpg,1,3,0.9640516638755798,1
001217.jpg,0,1,0.09964530169963837,0
001218.jpg,1,0,0.9463988542556763,1
001219.jpg,0,0,0.07237401604652405,0
001220.jpg,1,4,0.8493474125862122,1
001221.jpg,0,1,0.04328484460711479,0
001222.jpg,1,0,0.9698426127433777,1
001223.jpg,0,2,0.06210312619805336,0
001224.jpg,0,0,0.06383161246776581,0
001225.jpg,1,3,0.9508692026138306,1
001226.jpg,1,1,0.9741412401199341,1
001227.jpeg,0,2,0.04958902671933174,0
001228.jpg,1,4,0.558688223361969,1
001229.jpg,0,3,0.04248321056365967,0
001230.jpg,1,0,0.8673731684684753,1
001231.jpg,1,0,0.942081868648529,1
001232.jpg,0,4,0.04913078621029854,0
001233.jpg,0,3,0.18242552876472473,0
001234.jpg,1,4,0.9620362520217896,1
001235.jpg,0,0,0.060086652636528015,0
001236.jpg,1,2,0.982355535030365,1
001237.jpg,1,1,0.8957052826881409,1
001238.jpg,1,1,0.9734434485435486,1
001239.jpg,0,0,0.05602938309311867,0
001240.jpg,1,0,0.967348575592041,1
001241.jpg,0,2,0.013376603834331036,0
001242.jpg,0,0,0.11104826629161835,0
001243.jpg,1,2,0.9061560034751892,1
001244.jpg,1,0,0.9583821892738342,1
001245.jpg,0,2,0.02489280141890049,0
001246.jpg,0,3,0.08709682524204254,0
001247.jpg,0,1,0.045777272433042526,0
001248.jpg,0,0,0.0714614987373352,0
001249.jpg,0,4,0.03963883966207504,0
001250.jpg,1,4,0.9869794845581055,1
001251.jpg,0,1,0.03803509101271629,0
001252.jpg,1,1,0.9687971472740173,1
001253.jpg,0,3,0.058345843106508255,0
001254.jpg,0,1,0.045183755457401276,0
001255.jpg,1,4,0.9633685946464539,1
001256.jpg,1,0,0.9455001950263977,1
001257.jpg,0,0,0.07004895806312561,0
001258.jpg,0,0,0.06441766768693924,0
001259.jpg,1,1,0.9732407331466675,1
001260.jpg,1,2,0.9710193276405334,1
001261.jpg,0,1,0.03240552172064781,0
001262.jpg,0,2,0.04552200436592102,0
001263.jpg,0,4,0.14438998699188232,0
001264.jpg,1,3,0.957833468914032,1
001265.jpg,0,2,0.02964751049876213,0
001266.jpg,1,3,0.8461968302726746,1
001267.jpg,1,4,0.9749646186828613,1
001268.jpg,0,3,0.05223086103796959,0
001269.jpg,0,4,0.05136751011013985,0
001270.jpg,1,3,0.5832627415657043,1
001271.jpg,1,3,0.8846385478973389,1
001272.jpg,0,1,0.08419108390808105,0
001273.jpg,1,4,0.980205237865448,1
001274.jpg,1,2,0.9835337996482849,1
001275.jpg,1,1,0.9775000214576721,1
001276.jpg,0,1,0.022158870473504066,0
001277.jpg,1,4,0.9368651509284973,1
001278.jpg,0,0,0.0497734472155571,0
001279.jpg,1,2,0.9669764637947083,1
001280.jpg,1,1,0.9808759689331055,1
001281.jpg,0,3,0.05155818909406662,0
001282.jpg,0,1,0.039564553648233414,0
001283.jpg,0,1,0.03507867828011513,0
001284.jpg,1,1,0.7951813340187073,1
001285.jpg,1,4,0.9477691650390625,1
001286.jpg,1,2,0.9783847332000732,1
001287.jpg,1,4,0.9727790951728821,1
001288.jpg,1,3,0.8477157950401306,1
001289.jpg,0,0,0.05184547230601311,0
001290.jpg,0,0,0.24095319211483002,0
001291.jpg,1,3,0.9695556163787842,1
001292.jpg,1,3,0.9686195850372314,1
001293.jpg,0,1,0.04958902671933174,0
001294.jpg,1,3,0.971563994884491,1
001295.jpg,1,3,0.9785493016242981,1
001296.jpg,0,1,0.026861203834414482,0
001297.jpg,1,4,0.9731897711753845,1
001298.jpg,0,2,0.029535338282585144,0
001299.jpg,0,2,0.3986990749835968,0
001300.jpg,1,0,0.7365901470184326,1
001301.jpg,0,4,0.038756195455789566,0
001302.jpg,0,3,0.6143940091133118,1
001303.jpg,0,2,0.03588069602847099,0
001304.jpg,1,3,0.994401752948761,1
001305.jpg,0,2,0.06465348601341248,0
001306.jpg,1,1,0.951323390007019,1
001307.jpg,1,4,0.894789457321167,1
001308.jpg,0,0,0.0383940152823925,0
001309.jpg,1,4,0.9278878569602966,1
001310.jpg,0,1,0.02165667712688446,0
001311.jpg,1,0,0.8820220232009888,1
001312.jpg,1,3,0.9852146506309509,1
001313.jpg,1,2,0.9667260646820068,1
001314.jpg,1,2,0.9766246676445007,1
001315.jpg,1,4,0.960878312587738,1
001316.jpg,1,2,0.9537942409515381,1
001317.jpg,1,4,0.9597620368003845,1
001318.jpeg,0,2,0.02970374934375286,0
001319.jpg,0,3,0.0360160693526268,0
001320.jpg,1,2,0.9911182522773743,1
001321.jpg,0,3,0.03711691126227379,0
001322.jpg,0,0,0.07906799018383026,0
001323.jpg,1,2,0.9386884570121765,1
001324.jpg,0,4,0.04493164271116257,0
001325.jpg,1,1,0.9818056225776672,1
001326.jpg,1,3,0.9864678382873535,1
001327.jpg,0,3,0.05252167582511902,0
001328.jpg,1,0,0.9092645049095154,1
001329.jpg,0,3,0.037892427295446396,0
001330.jpg,1,2,0.967100977897644,1
001331.jpg,1,3,0.9063219428062439,1
001332.jpg,0,2,0.013121269643306732,0
001333.jpg,0,1,0.02169809490442276,0
001334.jpg,1,4,0.9533619284629822,1
001335.jpg,0,2,0.04931360110640526,0
001336.jpg,0,0,0.2568320035934448,0
001337.jpg,0,1,0.05665242671966553,0
001338.jpg,1,3,0.9119669198989868,1
001339.jpg,0,2,0.011288073845207691,0
001340.jpg,1,0,0.9657707214355469,1
001341.jpg,1,1,0.9790357351303101,1
001342.jpg,0,1,0.03346293419599533,0
001343.jpg,1,4,0.9618217349052429,1
001344.jpg,1,3,0.9383503198623657,1
001345.jpg,0,0,0.137648344039917,0
001346.jpg,0,1,0.22592855989933014,0
001347.jpg,1,0,0.8768454194068909,1
001348.jpg,1,2,0.9528381824493408,1
001349.jpg,1,2,0.9549844264984131,1
001350.jpg,1,0,0.9069831967353821,1
001351.jpg,1,0,0.9406808614730835,1
001352.jpg,0,1,0.07250525057315826,0
001353.jpg,0,2,0.010368157178163528,0
001354.jpg,0,3,0.09301680326461792,0
001355.jpg,1,0,0.9091032147407532,1
001356.jpg,0,0,0.18447349965572357,0
001357.jpg,0,3,0.030329255387187004,0
001358.jpg,0,2,0.01358439214527607,0
001359.jpg,0,3,0.042642392218112946,0
001360.jpg,1,4,0.9869794845581055,1
001361.jpg,1,1,0.9900250434875488,1
001362.jpg,1,3,0.9514138102531433,1
001363.jpg,1,2,0.9267027974128723,1
001364.jpg,1,3,0.9788748621940613,1
001365.jpg,0,1,0.015014749020338058,0
001366.jpg,1,2,0.9866748452186584,1
001367.jpg,1,3,0.9212159514427185,1
001368.jpg,0,3,0.03155902028083801,0
001369.jpg,1,2,0.9616780281066895,1
001370.jpg,1,3,0.9908744096755981,1
001371.jpg,1,3,0.9938309192657471,1
001372.jpg,0,1,0.058238621801137924,0
001373.jpg,1,1,0.991355836391449,1
001374.jpg,1,4,0.9678993225097656,1
001375.jpg,0,3,0.0478690080344677,0
001376.jpg,1,1,0.9510514140129089,1
001377.jpg,1,0,0.9781771898269653,1
001378.jpg,1,3,0.9859364032745361,1
001379.jpg,1,0,0.9046505093574524,1
001380.jpg,1,0,0.9269675612449646,1
001381.jpg,0,0,0.04288223758339882,0
001382.jpg,1,2,0.9648551344871521,1
001383.jpg,0,2,0.024191483855247498,0
001384.jpg,1,1,0.9621787071228027,1
001385.jpg,0,4,0.8818185925483704,1
001386.jpg,0,3,0.019493870437145233,0
001387.jpg,0,0,0.05921025201678276,0
001388.jpg,1,1,0.9159594178199768,1
001389.jpg,1,0,0.9092645049095154,1
001390.jpg,0,1,0.015424554236233234,0
001391.jpg,1,0,0.914290726184845,1
001392.jpg,0,1,0.017917344346642494,0
001393.jpg,0,2,0.009522485546767712,0
001394.jpg,0,4,0.04092230647802353,0
001395.jpg,1,3,0.9287972450256348,1
001396.jpg,1,0,0.8904848694801331,1
001397.jpg,0,0,0.05470151826739311,0
001398.jpg,0,2,0.01822929084300995,0
001399.jpg,1,1,0.9896718263626099,1
001400.jpg,1,2,0.9657061100006104,1
001401.jpg,0,2,0.02029348537325859,0
001402.jpg,0,0,0.06754669547080994,0
001403.jpg,1,0,0.933552086353302,1
001404.jpg,1,1,0.9842759370803833,1
001405.jpg,1,4,0.9828232526779175,1
001406.jpg,1,0,0.9328213930130005,1
001407.jpg,0,2,0.027742892503738403,0
001408.jpg,1,4,0.9697853922843933,1
001409.jpg,1,2,0.8794577121734619,1
001410.jpg,1,0,0.8725647330284119,1
001411.jpg,1,1,0.5766611695289612,1
001412.jpg,0,0,0.043365802615880966,0
001413.jpg,1,0,0.9354645609855652,1
001414.jpg,1,3,0.9298236966133118,1
001415.jpg,1,0,0.628977358341217,1
001416.jpg,1,2,0.969613254070282,1
001417.jpg,1,3,0.9334307909011841,1
001418.jpg,0,4,0.044431429356336594,0
001419.jpg,1,3,0.9689738154411316,1
001420.jpg,1,2,0.9840936064720154,1
001421.jpg,0,1,0.05242456495761871,0
001422.jpg,1,2,0.9662834405899048,1
001423.jpg,1,3,0.907312273979187,1
001424.jpg,0,3,0.041617803275585175,0
001425.jpg,1,2,0.9881309270858765,1
001426.jpg,0,4,0.053403329104185104,0
001427.jpg,0,3,0.01798621006309986,0
001428.jpg,0,2,0.01342825498431921,0
001429.jpg,0,0,0.15765489637851715,0
001430.jpg,1,4,0.9766246676445007,1
001431.jpg,0,1,0.03339982405304909,0
001432.jpg,1,3,0.9728823304176331,1
001433.jpg,1,1,0.8207569718360901,1
001434.jpg,0,2,0.09252365678548813,0
001435.jpg,1,0,0.9298236966133118,1
001436.jpg,1,1,0.9875203371047974,1
001437.jpg,1,0,0.9027811288833618,1
001438.jpg,0,0,0.04698663949966431,0
001439.jpg,1,2,0.969613254070282,1
001440.jpg,1,0,0.9674102663993835,1
001441.jpg,1,3,0.9796676635742188,1
001442.jpg,0,3,0.055208683013916016,0
001443.jpg,1,1,0.9565531015396118,1
001444.jpg,1,1,0.976445734500885,1
001445.jpg,0,3,0.03277498483657837,0
001446.jpg,0,2,0.013480102643370628,0
001447.jpg,1,1,0.9775429368019104,1
001448.jpg,0,1,0.02742854319512844,0
001449.jpg,1,4,0.9852713346481323,1
001450.jpg,1,2,0.9767136573791504,1
001451.jpg,1,4,0.977022647857666,1
001452.jpg,0,3,0.050611432641744614,0
001453.jpg,1,2,0.9785493016242981,1
001454.jpg,1,2,0.9702962636947632,1
001455.jpg,1,3,0.9824904799461365,1
001456.jpg,1,0,0.9119669198989868,1
001457.jpg,1,4,0.9739436507225037,1
001458.jpg,0,3,0.0555151142179966,0
001459.jpg,0,1,0.10429472476243973,0
001460.jpg,0,3,0.05223086103796959,0
001461.jpg,1,4,0.9659639000892639,1
001462.jpg,0,1,0.14915919303894043,0
001463.jpg,0,2,0.025035422295331955,0
001464.jpg,0,4,0.053403329104185104,0
001465.jpg,0,1,0.05155818909406662,0
001466.jpg,1,2,0.9832144975662231,1
001467.jpg,1,2,0.9736446738243103,1
001468.jpg,0,1,0.028652667999267578,0
001469.jpg,0,2,0.037467505782842636,0
001470.jpg,1,2,0.9690324664115906,1
001471.jpg,1,0,0.9424007534980774,1
001472.jpg,0,3,0.03302355110645294,0
001473.jpg,0,2,0.043446898460388184,0
001474.jpg,1,4,0.9012274742126465,1
001475.jpg,0,1,0.04232459142804146,0
001476.jpg,0,2,0.018369637429714203,0
001477.jpg,1,0,0.9388007521629333,1
001478.jpg,0,4,0.049958519637584686,0
001479.jpg,0,2,0.010611421428620815,0
001480.jpg,1,4,0.9722570776939392,1
001481.jpg,0,0,0.14151853322982788,0
001482.jpg,0,3,0.08694165199995041,0
001483.jpg,0,0,0.07290027290582657,0
001484.jpg,1,1,0.7576150894165039,1
001485.jpg,1,1,0.9909096360206604,1
001486.jpg,0,4,0.041852131485939026,0
001487.jpg,0,3,0.028707079589366913,0
001488.jpg,0,1,0.05592617020010948,0
001489.jpeg,0,4,0.3830064833164215,0
001490.jpg,1,1,0.9834704995155334,1
001491.jpg,1,0,0.9260365962982178,1
001492.jpg,1,2,0.982624351978302,1
001493.jpg,0,3,0.055310651659965515,0
001494.jpg,0,1,0.08756383508443832,0
001495.jpg,1,3,0.960878312587738,1
001496.jpg,0,4,0.03934250399470329,0
001497.jpg,1,2,0.9778411984443665,1
001498.jpg,1,3,0.9677167534828186,1
001499.jpg,1,3,0.8062431216239929,1
001500.jpg,0,0,0.0787840187549591,0
001501.jpg,1,0,0.8800774812698364,1
001502.jpg,1,1,0.9893885254859924,1
001503.jpg,0,3,0.03346293419599533,0
001504.jpg,0,3,0.07329727709293365,0
001505.jpg,1,1,0.9894295334815979,1
001506.jpg,0,2,0.02849004603922367,0
001507.jpg,1,4,0.9774571061134338,1
001508.jpg,1,1,0.9550683498382568,1
001509.jpg,1,4,0.8992984294891357,1
001510.jpg,0,0,0.12179015576839447,0
001511.jpg,1,0,0.9326989054679871,1
001512.jpg,0,4,0.02517884038388729,0
001513.jpg,0,3,0.034100428223609924,0
001514.jpg,1,4,0.9693241715431213,1
001515.jpg,0,0,0.06717857718467712,0
001516.jpg,0,4,0.22988080978393555,0
001517.jpg,1,2,0.9555686116218567,1
001518.jpg,0,1,0.039564553648233414,0
001519.jpg,1,4,0.9794721603393555,1
001520.jpg,1,4,0.7983440160751343,1
001521.jpg,0,1,0.029986508190631866,0
001522.jpg,0,4,0.09687653928995132,0
001523.jpg,1,4,0.9737945199012756,1
001524.jpg,1,0,0.9342753291130066,1
001525.jpg,0,3,0.0586685985326767,0
001526.jpg,1,2,0.9880388379096985,1
001527.jpg,1,4,0.9749646186828613,1
001528.jpg,0,0,0.11456649005413055,0
001529.jpg,0,1,0.022542964667081833,0
001530.jpg,0,1,0.05582314357161522,0
001531.jpg,1,1,0.9849852323532104,1
001532.jpg,1,0,0.9144436717033386,1
001533.jpg,1,2,0.9391365647315979,1
001534.jpg,0,0,0.09859886765480042,0
001535.jpeg,0,0,0.06928940862417221,0
001536.jpg,0,0,0.07978201657533646,0
001537.jpg,1,3,0.9620362520217896,1
001538.jpg,1,1,0.956308901309967,1
001539.jpg,0,0,0.32380759716033936,0
001540.jpg,1,2,0.9905508756637573,1
001541.jpg,0,1,0.019985152408480644,0
001542.jpg,0,3,0.1364932507276535,0
001543.jpg,1,3,0.9780936241149902,1
001544.jpg,0,4,0.6774740219116211,1
001545.jpg,0,0,0.11636175215244293,0
001546.jpg,1,2,0.9777138829231262,1
001547.jpg,0,0,0.1564912348985672,0
001548.jpg,0,1,0.04655127227306366,0
001549.jpg,1,3,0.9795897603034973,1
001550.jpg,0,4,0.12635333836078644,0
001551.jpg,1,4,0.9240047931671143,1
001552.jpg,1,4,0.9716717004776001,1
001553.jpg,1,0,0.9503188729286194,1
001554.jpg,1,3,0.9772841930389404,1
001555.jpg,0,1,0.02149176597595215,0
001556.jpg,0,0,0.0832919254899025,0
001557.jpg,1,0,0.8480936288833618,1
001558.jpg,0,3,0.075721375644207,0
001559.jpg,0,3,0.09534946829080582,0
001560.jpg,0,3,0.0401625856757164,0
001561.jpg,0,0,0.1919327974319458,0
001562.jpg,1,1,0.9820137619972229,1
001563.jpg,1,0,0.9227612018585205,1
001564.jpg,1,2,0.970687747001648,1
001565.jpg,1,1,0.9812029004096985,1
001566.jpg,0,2,0.01808999478816986,0
001567.jpg,1,2,0.6484664082527161,1
001568.jpg,0,4,0.0541987307369709,0
001569.jpg,1,4,0.9869794845581055,1
001570.jpg,0,4,0.036908067762851715,0
001571.jpeg,0,2,0.030157409608364105,0
001572.jpg,0,1,0.0389750711619854,0
001573.jpg,1,1,0.9845160245895386,1
001574.jpg,1,1,0.9921233057975769,1
001575.jpg,1,3,0.9547319412231445,1
001576.jpg,0,2,0.05203782394528389,0
001577.jpg,0,3,0.039787810295820236,0
001578.jpg,0,4,0.13951358199119568,0
001579.jpg,0,3,0.045268092304468155,0
001580.jpg,1,0,0.9007046222686768,1
001581.jpg,0,3,0.047691281884908676,0
001582.jpg,1,2,0.9788343906402588,1
001583.jpg,1,0,0.9086179733276367,1
001584.jpg,1,1,0.9531880021095276,1
001585.jpg,1,0,0.8577680587768555,1
001586.jpg,1,0,0.8661325573921204,1
001587.jpg,1,3,0.9870296716690063,1
001588.jpg,1,2,0.9623205661773682,1
001589.jpg,0,0,0.1695433259010315,0
001590.jpg,1,1,0.9818405508995056,1
001591.jpg,1,3,0.9875203371047974,1
001592.jpg,1,0,0.9470881819725037,1
001593.jpg,0,3,0.03390796110033989,0
001594.jpg,0,4,0.37536293268203735,0
001595.jpg,1,4,0.8776865601539612,1
001596.jpg,1,4,0.9635062217712402,1
001597.jpg,1,1,0.9815597534179688,1
001598.jpeg,0,1,0.03481519594788551,0
001599.jpg,0,4,0.056340090930461884,0
001600.jpg,1,3,0.9488224983215332,1
001601.jpg,1,3,0.984752357006073,1
001602.jpg,1,4,0.937325656414032,1
001603.jpg,1,4,0.9449946880340576,1
001604.jpg,0,1,0.02136888913810253,0
001605.jpg,1,0,0.9005298018455505,1
001606.jpg,1,2,0.9658995866775513,1
001607.jpg,0,0,0.1703699380159378,0
001608.jpg,0,4,0.03782128542661667,0
001609.jpg,1,3,0.9934611320495605,1
001610.jpg,1,0,0.9693822264671326,1
001611.jpg,0,0,0.06608537584543228,0
001612.jpg,1,1,0.982557475566864,1
001613.jpg,1,1,0.9950177073478699,1
001614.jpg,1,4,0.966156005859375,1
001615.jpg,1,4,0.9442797303199768,1
001616.jpg,1,2,0.6808785796165466,1
001617.jpg,1,1,0.9575167298316956,1
001618.jpg,1,1,0.9750598073005676,1
001619.jpg,0,4,0.1440284252166748,0
001620.jpg,0,1,0.02748069353401661,0
001621.jpg,0,4,0.0626743733882904,0
001622.jpg,1,3,0.966663122177124,1
001623.jpg,1,0,0.9138304591178894,1
001624.jpg,1,0,0.9429286122322083,1
001625.jpg,0,2,0.039787810295820236,0
001626.jpg,1,0,0.9178933501243591,1
001627.jpg,1,0,0.8431217074394226,1
001628.jpg,1,1,0.9854404330253601,1
001629.jpg,0,4,0.026657739654183388,0
001630.jpg,1,3,0.980728805065155,1
001631.jpg,0,0,0.1041124165058136,0
001632.jpg,1,1,0.9749646186828613,1
001633.jpg,1,4,0.9946150183677673,1
001634.jpg,1,2,0.954562783241272,1
001635.jpg,1,1,0.9853842854499817,1
001636.jpg,1,1,0.9744347929954529,1
001637.jpg,0,3,0.049865901470184326,0
001638.jpg,1,4,0.9822195768356323,1
001639.jpg,0,3,0.03010033816099167,0
001640.jpg,1,0,0.9435559511184692,1
001641.jpg,0,4,0.18967114388942719,0
001642.jpg,1,3,0.9432430863380432,1
001643.jpg,1,2,0.9866748452186584,1
001644.jpg,0,4,0.0586685985326767,0
001645.jpg,1,1,0.9686195850372314,1
001646.jpg,0,3,0.06866228580474854,0
001647.jpg,0,0,0.1949802190065384,0
001648.jpg,1,4,0.9711838364601135,1
001649.jpg,1,1,0.968020498752594,1
001650.jpg,0,2,0.01737566478550434,0
001651.jpg,0,3,0.02790137566626072,0
001652.jpg,1,2,0.969613254070282,1
001653.jpg,0,1,0.978260338306427,1
001654.jpg,0,3,0.03090895712375641,0
001655.jpeg,0,3,0.07599522173404694,0
001656.jpg,0,4,0.018404891714453697,0
001657.jpg,1,3,0.9707987308502197,1
001658.jpg,1,2,0.9714558720588684,1
001659.jpg,0,2,0.01615283451974392,0
001660.jpg,1,2,0.9694401025772095,1
001661.jpg,1,1,0.9760379791259766,1
001662.jpg,0,4,0.029145970940589905,0
001663.jpg,1,3,0.9753900170326233,1
001664.jpg,1,3,0.963711678981781,1
001665.jpg,1,3,0.9828232526779175,1
001666.jpg,1,3,0.9866234660148621,1
001667.jpg,0,4,0.03963883966207504,0
001668.jpg,1,3,0.9517735838890076,1
001669.jpg,1,0,0.9114953279495239,1
001670.jpg,0,2,0.018546564504504204,0
001671.jpg,1,4,0.9917484521865845,1
001672.jpg,0,3,0.08079154044389725,0
001673.jpg,0,1,0.07316472381353378,0
001674.jpg,1,4,0.9857181310653687,1
001675.jpg,1,2,0.963711678981781,1
001676.jpg,0,3,0.02964751049876213,0
001677.jpg,0,2,0.08772000670433044,0
001678.jpg,0,0,0.19790911674499512,0
001679.jpg,0,2,0.04804735630750656,0
001680.jpg,0,1,0.03179866820573807,0
001681.jpg,1,4,0.8936811685562134,1
001682.jpg,0,0,0.10875558853149414,0
001683.jpg,0,0,0.0541987307369709,0
001684.jpg,1,0,0.9599125981330872,1
001685.jpg,1,1,0.978425920009613,1
001686.jpg,1,1,0.9887987971305847,1
001687.jpg,0,1,0.0326513797044754,0
001688.jpg,0,1,0.13846179842948914,0
001689.jpg,1,2,0.9569571614265442,1
001690.jpg,1,0,0.951323390007019,1
001691.jpg,1,2,0.9442797303199768,1
001692.jpg,1,0,0.8772666454315186,1
001693.jpg,1,1,0.9245515465736389,1
001694.jpg,1,1,0.9923341274261475,1
001695.jpg,0,0,0.05899302288889885,0
001696.jpg,1,1,0.9642541408538818,1
001697.jpg,1,2,0.9716179370880127,1
001698.jpg,1,3,0.991355836391449,1
001699.jpg,1,2,0.9149009585380554,1
001700.jpg,1,2,0.9813107252120972,1
001701.jpg,1,2,0.9707987308502197,1
001702.jpg,0,1,0.06278920918703079,0
001703.jpg,0,0,0.042562730610370636,0
001704.jpg,0,0,0.04352813959121704,0
001705.jpg,1,1,0.987616240978241,1
001706.jpg,1,2,0.9472835659980774,1
001707.jpg,0,3,0.041617803275585175,0
001708.jpg,0,2,0.03832197189331055,0
001709.jpg,1,4,0.9260365962982178,1
001710.jpg,1,0,0.9145963191986084,1
001711.jpg,0,3,0.05899302288889885,0
001712.jpg,0,4,0.03321117162704468,0
001713.jpg,1,3,0.9714558720588684,1
001714.jpg,0,2,0.023065226152539253,0
001715.jpg,0,3,0.022243667393922806,0
001716.jpg,1,4,0.8164063692092896,1
001717.jpg,1,4,0.9734434485435486,1
001718.jpg,0,2,0.10158944875001907,0
001719.jpg,1,1,0.953880250453949,1
001720.jpg,1,2,0.9803562164306641,1
001721.jpg,0,0,0.10320504754781723,0
001722.jpg,1,1,0.9806178212165833,1
001723.jpg,1,3,0.9399133324623108,1
001724.jpg,1,0,0.911337673664093,1
001725.jpg,0,0,0.09877258539199829,0
001726.jpg,0,2,0.1778108775615692,0
001727.jpg,0,2,0.019985152408480644,0
001728.jpg,0,1,0.022629201412200928,0
001729.jpg,1,3,0.9918437600135803,1
001730.jpg,0,4,0.030329255387187004,0
001731.jpg,1,2,0.9734938144683838,1
001732.jpg,1,1,0.9600626826286316,1
001733.jpg,0,0,0.3670434057712555,0
001734.jpg,1,1,0.9596865773200989,1
001735.jpg,1,4,0.974531888961792,1
001736.jpg,1,2,0.9800149202346802,1
001737.jpg,1,3,0.9933071732521057,1
001738.jpg,1,3,0.9789151549339294,1
001739.jpg,0,0,0.1962094008922577,0
001740.jpg,1,3,0.9835969805717468,1
001741.jpg,1,4,0.9633685946464539,1
001742.jpg,1,0,0.8800774812698364,1
001743.jpg,1,1,0.9499486684799194,1
001744.jpg,1,1,0.9795114994049072,1
001745.jpg,1,1,0.9807657599449158,1
001746.jpg,1,0,0.9369805455207825,1
001747.jpg,0,2,0.050611432641744614,0
001748.jpg,1,1,0.9869794845581055,1
001749.jpg,1,3,0.9303317666053772,1
001750.jpg,1,0,0.9508692026138306,1
001751.jpg,1,0,0.9359345436096191,1
001752.jpg,1,1,0.9787126779556274,1
001753.jpg,1,3,0.9788748621940613,1
001754.jpg,0,0,0.11008788645267487,0
001755.jpg,1,0,0.4458310902118683,0
001756.jpg,1,4,0.9774138927459717,1
001757.jpg,0,3,0.02456308715045452,0
001758.jpg,0,4,0.03197956085205078,0
001759.jpg,1,2,0.9814178347587585,1
001760.jpg,0,4,0.09219619631767273,0
001761.jpg,1,3,0.987129271030426,1
001762.jpg,1,2,0.9751071333885193,1
001763.jpg,1,2,0.9906960725784302,1
001764.jpg,1,3,0.7796576023101807,1
001765.jpg,0,0,0.2660711407661438,0
001766.jpg,0,1,0.15304215252399445,0
001767.jpg,1,4,0.9317114353179932,1
001768.jpg,1,3,0.9895513653755188,1
001769.jpg,1,2,0.9736446738243103,1
001770.jpg,1,2,0.9829546809196472,1
001771.jpg,1,1,0.9798997044563293,1
001772.jpeg,0,0,0.11299101263284683,0
001773.jpg,0,3,0.03397199884057045,0
001774.jpg,0,0,0.0844927504658699,0
001775.jpg,1,3,0.957912266254425,1
001776.jpg,0,2,0.02517884038388729,0
001777.jpg,0,3,0.02136888913810253,0
001778.jpg,1,4,0.9777563810348511,1
001779.jpg,1,3,0.972362220287323,1
001780.jpg,1,0,0.9592307209968567,1
001781.jpg,0,2,0.03191915154457092,0
001782.jpg,1,3,0.9806178212165833,1
001783.jpg,1,2,0.9697853922843933,1
001784.jpg,0,2,0.01353214867413044,0
001785.jpg,0,4,0.04280214384198189,0
001786.jpg,1,0,0.9534487724304199,1
001787.jpg,1,1,0.9801293015480042,1
001788.jpg,0,0,0.06754669547080994,0
001789.jpg,1,0,0.9310875535011292,1
001790.jpg,1,0,0.95123291015625,1
001791.jpg,0,3,0.026105914264917374,0
001792.jpg,1,3,0.9912885427474976,1
001793.jpg,0,2,0.03390796110033989,0
001794.jpg,1,3,0.9649212956428528,1
001795.jpg,0,3,0.034293949604034424,0
001796.jpg,1,3,0.982355535030365,1
001797.jpg,0,4,0.02742854319512844,0
001798.jpg,0,1,0.08663207292556763,0
001799.jpg,0,2,0.016914913430809975,0
001800.jpg,0,1,0.07290027290582657,0
001801.jpg,0,4,0.02964751049876213,0
001802.jpg,0,3,0.02898062951862812,0
001803.jpg,1,3,0.97334223985672,1
001804.jpg,1,3,0.9663469791412354,1
001805.jpg,0,4,0.06791666895151138,0
001806.jpg,0,4,0.09025323390960693,0
001807.jpg,1,4,0.8955226540565491,1
001808.jpg,1,1,0.9491063356399536,1
001809.jpg,1,2,0.8274101614952087,1
001810.jpg,1,1,0.9848692417144775,1
001811.jpg,0,1,0.02203226462006569,0
001812.jpg,1,4,0.9649873375892639,1
001813.jpg,0,3,0.07807817310094833,0
001814.jpg,0,4,0.03302355110645294,0
001815.jpg,0,3,0.2568320035934448,0
001816.jpg,0,4,0.1962094008922577,0
001817.jpg,0,4,0.05136751011013985,0
001818.jpg,0,0,0.07490527629852295,0
001819.jpg,0,4,0.0645354837179184,0
001820.jpg,1,1,0.9429286122322083,1
001821.jpg,0,3,0.03993731364607811,0
001822.jpg,1,1,0.985496461391449,1
001823.jpg,0,2,0.011244560591876507,0
001824.jpg,1,4,0.9726754426956177,1
001825.jpg,0,4,0.0350126251578331,0
001826.jpg,0,3,0.04153997078537941,0
001827.jpg,0,4,0.03561141714453697,0
001828.jpg,0,2,0.02931223064661026,0
001829.jpg,1,3,0.9753900170326233,1
001830.jpg,1,0,0.944587230682373,1
001831.jpeg,0,1,0.137648344039917,0
001832.jpg,1,2,0.9839708209037781,1
001833.jpg,1,4,0.9674717783927917,1
001834.jpg,0,3,0.04023794084787369,0
001835.jpg,0,2,0.10320504754781723,0
001836.jpg,1,1,0.9852146506309509,1
001837.jpg,0,4,0.052814021706581116,0
001838.jpg,0,3,0.06941547244787216,0
001839.jpg,1,4,0.9774571061134338,1
001840.jpg,1,4,0.9873262047767639,1
001841.jpg,0,0,0.11858910322189331,0
001842.jpg,1,4,0.9778411984443665,1
001843.jpg,1,2,0.9599877595901489,1
001844.jpg,0,0,0.07751766592264175,0
001845.jpg,1,4,0.9859364032745361,1
001846.jpg,1,2,0.9474782943725586,1
001847.jpg,0,0,0.0572819747030735,0
001848.jpg,0,3,0.04153997078537941,0
001849.jpg,0,4,0.020023442804813385,0
001850.jpg,1,1,0.986151397228241,1
001851.jpg,1,0,0.9358173608779907,1
001852.jpg,1,3,0.9425067901611328,1
001853.jpg,1,0,0.7659436464309692,1
001854.jpg,1,2,0.9438672661781311,1
001855.jpg,0,3,0.09773432463407516,0
001856.jpg,0,3,0.07004895806312561,0
001857.jpg,1,3,0.9248236417770386,1
001858.jpg,1,2,0.9819446802139282,1
001859.jpg,1,1,0.987129271030426,1
001860.jpg,0,4,0.03126191347837448,0
001861.jpg,1,3,0.9678993225097656,1
001862.jpg,1,3,0.970520555973053,1
001863.jpg,0,2,0.0204885546118021,0
001864.jpg,1,1,0.9568765759468079,1
001865.jpg,0,3,0.04760265722870827,0
001866.jpg,0,0,0.06142404302954674,0
001867.jpg,0,2,0.02527489885687828,0
001868.jpg,0,0,0.1603974997997284,0
001869.jpg,0,2,0.022457052022218704,0
001870.jpg,1,1,0.9827572107315063,1
001871.jpg,0,0,0.17342814803123474,0
001872.jpg,1,4,0.975669801235199,1
001873.jpg,1,4,0.9716179370880127,1
001874.jpg,1,4,0.9803562164306641,1
001875.jpg,0,0,0.062216974794864655,0
001876.jpg,0,4,0.023330770432949066,0
001877.jpg,1,3,0.9624620079994202,1
001878.jpg,0,1,0.052134253084659576,0
001879.jpg,1,2,0.9760379791259766,1
001880.jpg,0,4,0.047514185309410095,0
001881.jpg,0,0,0.12667709589004517,0
001882.jpg,1,1,0.9751071333885193,1
001883.jpg,0,2,0.024283869192004204,0
001884.jpg,1,3,0.9857181310653687,1
001885.jpg,1,0,0.9402433633804321,1
001886.jpg,1,3,0.9244152307510376,1
001887.jpg,0,0,0.14977994561195374,0
001888.jpg,0,2,0.027376487851142883,0
001889.jpg,1,0,0.9549003839492798,1
001890.jpg,1,0,0.7784809470176697,1
001891.jpg,1,0,0.9702399373054504,1
001892.jpg,1,0,0.9199306964874268,1
001893.jpg,0,1,0.3119506537914276,0
001894.jpg,0,3,0.02811405621469021,0
001895.jpg,0,1,0.036700356751680374,0
001896.jpg,0,0,0.23213601112365723,0
001897.jpg,0,1,0.10266400873661041,0
001898.jpg,0,1,0.03167862817645073,0
001899.jpg,0,3,0.0699218362569809,0
001900.jpg,1,3,0.9124361872673035,1
001901.jpg,0,0,0.0572819747030735,0
001902.jpg,0,4,0.026155617088079453,0
001903.jpg,1,3,0.9873262047767639,1
001904.jpg,1,2,0.9848109483718872,1
001905.jpg,0,1,0.09009299427270889,0
001906.jpg,0,4,0.08419108390808105,0
001907.jpg,0,4,0.05184547230601311,0
001908.jpg,1,4,0.9184802770614624,1
001909.jpg,0,4,0.02517884038388729,0
001910.jpg,1,1,0.9656413197517395,1
001911.jpg,1,1,0.9170058369636536,1
001912.jpg,0,4,0.05470151826739311,0
001913.jpg,1,3,0.925499677658081,1
001914.jpg,0,3,0.03760863468050957,0
001915.png,0,3,0.12378870695829391,0
001916.jpg,1,0,0.8984104990959167,1
001917.jpg,0,0,0.08122775703668594,0
001918.jpg,1,2,0.9416541457176208,1
001919.jpg,0,3,0.04484790563583374,0
001920.jpg,1,2,0.9893474578857422,1
001921.jpg,1,0,0.95743727684021,1
001922.jpg,0,0,0.25515803694725037,0
001923.jpg,1,4,0.9780517220497131,1
001924.jpg,1,0,0.8073087334632874,1
001925.jpg,1,4,0.9591543078422546,1
001926.jpg,1,4,0.982557475566864,1
001927.jpg,0,0,0.0541987307369709,0
001928.jpg,0,2,0.014392335899174213,0
001929.jpg,0,2,0.08882029354572296,0
001930.jpg,1,3,0.9884026646614075,1
001931.jpg,1,3,0.9694979190826416,1
001932.jpg,0,0,0.10466021299362183,0
001933.jpg,1,0,0.9171544313430786,1
001934.jpg,0,2,0.053502149879932404,0
001935.jpg,1,3,0.9777987599372864,1
001936.jpg,0,1,0.030675798654556274,0
001937.jpg,1,3,0.9732915163040161,1
001938.jpg,1,0,0.9508692026138306,1
001939.jpg,0,1,0.08725224435329437,0
001940.jpg,1,1,0.9851576089859009,1
001941.jpg,1,4,0.9722570776939392,1
001942.jpg,0,2,0.026861203834414482,0
001943.jpg,0,4,0.05644402652978897,0
001944.jpeg,0,2,0.5688949227333069,1
001945.jpg,0,0,0.19790911674499512,0
001946.jpg,0,4,0.05899302288889885,0
001947.jpg,0,4,0.08601588010787964,0
001948.jpg,0,3,0.03010033816099167,0
001949.jpg,1,0,0.799755334854126,1
001950.jpg,0,3,0.18922126293182373,0
001951.jpg,0,1,0.029145970940589905,0
001952.jpg,1,3,0.9653811454772949,1
001953.jpg,0,1,0.04795810207724571,0
001954.jpg,1,2,0.9375547766685486,1
001955.jpg,1,2,0.973993182182312,1
001956.jpg,1,4,0.980728805065155,1
001957.jpg,1,0,0.9554024338722229,1
001958.jpg,0,0,0.10230471193790436,0
001959.jpg,1,2,0.9641867876052856,1
001960.jpg,0,2,0.03378022834658623,0
001961.jpg,1,4,0.9923933744430542,1
001962.jpg,1,3,0.8130158185958862,1
001963.jpg,1,0,0.9383503198623657,1
001964.jpg,0,1,0.05203782394528389,0
001965.jpg,1,1,0.9639160633087158,1
001966.jpg,1,0,0.9377830028533936,1
001967.jpg,1,1,0.9787126779556274,1
001968.jpg,1,1,0.9853842854499817,1
001969.jpg,0,4,0.06791666895151138,0
001970.jpg,1,4,0.9121235609054565,1
001971.jpg,1,3,0.9809125065803528,1
001972.jpg,0,1,0.7675155997276306,1
001973.jpg,0,4,0.05320620536804199,0
001974.jpg,0,1,0.018978038802742958,0
001975.jpg,1,3,0.9901401400566101,1
001976.jpg,0,0,0.4356013536453247,0
001977.jpg,1,2,0.9885361194610596,1
001978.jpg,0,4,0.05320620536804199,0
001979.jpg,1,2,0.9793540239334106,1
001980.jpg,1,1,0.9816303849220276,1
001981.jpg,0,4,0.03222229704260826,0
001982.jpg,1,0,0.9598374962806702,1
001983.jpg,1,4,0.96518474817276,1
001984.jpg,1,2,0.9749168753623962,1
001985.jpg,1,4,0.9688562154769897,1
001986.jpg,0,0,0.08269734680652618,0
001987.jpg,0,2,0.014785407111048698,0
001988.jpg,0,0,0.03919513523578644,0
001989.jpg,1,3,0.9564718008041382,1
001990.jpg,1,0,0.8958876132965088,1
001991.jpg,1,3,0.9947186708450317,1
001992.jpg,0,4,0.0272726658731699,0
001993.jpg,1,0,0.9056565761566162,1
001994.jpg,0,4,0.02595735713839531,0
001995.jpg,1,0,0.8787311315536499,1
001996.jpg,0,0,0.05602938309311867,0
001997.jpg,1,1,0.9882676005363464,1
001998.jpg,1,4,0.9657707214355469,1
001999.jpg,0,3,0.049681153148412704,0
002000.jpeg,0,1,0.032040078192949295,0
002001.jpg,0,1,0.02190636470913887,0
002002.jpg,1,1,0.9452984929084778,1
002003.jpg,0,3,0.17752550542354584,0
002004.jpg,1,4,0.911337673664093,1
002005.jpg,1,4,0.9494823217391968,1
002006.jpg,0,1,0.1214771568775177,0
002007.jpg,1,3,0.836821436882019,1
002008.jpg,1,0,0.9141375422477722,1
002009.jpg,0,0,0.18713268637657166,0
002010.jpg,0,0,0.047074176371097565,0
002011.jpg,1,4,0.9791557192802429,1
002012.jpg,0,1,0.10320504754781723,0
002013.jpg,0,2,0.024750972166657448,0
002014.jpg,1,4,0.9824230670928955,1
002015.jpg,0,1,0.023962024599313736,0
002016.jpg,0,1,0.023065226152539253,0
002017.jpg,0,4,0.017712298780679703,0
002018.jpg,1,4,0.9910145401954651,1
002019.jpg,0,1,0.05136751011013985,0
002020.jpg,0,0,0.11436852067708969,0
002021.jpg,0,0,0.13614831864833832,0
002022.jpg,0,3,0.04931360110640526,0
002023.jpg,1,4,0.9648551344871521,1
002024.jpg,1,2,0.9857729077339172,1
002025.jpg,1,0,0.8822250962257385,1
002026.jpg,1,4,0.9523086547851562,1
002027.jpg,1,1,0.9891815781593323,1
002028.jpg,1,1,0.968678891658783,1
002029.jpg,0,2,0.2694217264652252,0
002030.jpg,0,1,0.03796369582414627,0
002031.jpg,1,3,0.9703524708747864,1
002032.jpg,0,0,0.11318691074848175,0
002033.jpg,0,2,0.02790137566626072,0
002034.jpg,0,3,0.03222229704260826,0
002035.jpg,1,4,0.9511421918869019,1
002036.jpg,1,4,0.94629967212677,1
002037.jpg,1,2,0.9743373394012451,1
002038.jpg,1,1,0.9662197828292847,1
002039.jpg,0,3,0.04054073989391327,0
002040.jpg,0,0,0.1368389129638672,0
002041.jpg,0,3,0.0360160693526268,0
002042.jpg,1,3,0.9904035329818726,1
002043.jpg,1,1,0.9677167534828186,1
002044.jpg,0,3,0.3353508412837982,0
002045.jpg,1,3,0.9244152307510376,1
002046.jpg,0,2,0.0389750711619854,0
002047.jpg,1,4,0.9929060935974121,1
002048.jpg,0,0,0.06941547244787216,0
002049.jpg,0,4,0.03185885399580002,0
002050.jpg,0,4,0.0326513797044754,0
002051.jpg,1,0,0.8782098889350891,1
002052.jpg,0,4,0.08803311735391617,0
002053.jpg,0,4,0.10875558853149414,0
002054.jpg,0,1,0.02522682584822178,0
002055.jpg,0,0,0.14438998699188232,0
002056.jpg,0,2,0.027637720108032227,0
002057.jpg,0,3,0.02909075655043125,0
002058.jpg,1,0,0.942081868648529,1
002059.jpg,0,1,0.3093365728855133,0
002060.jpg,1,0,0.9657061100006104,1
002061.jpg,1,3,0.9788343906402588,1
002062.jpg,1,2,0.974628746509552,1
002063.jpg,0,2,0.03588069602847099,0
002064.jpg,1,4,0.9872773289680481,1
002065.jpg,1,2,0.9777563810348511,1
002066.jpg,1,2,0.981979250907898,1
002067.jpg,1,4,0.9626730680465698,1
002068.jpg,1,3,0.9715099930763245,1
002069.jpg,0,2,0.03378022834658623,0
002070.jpg,1,4,0.9666001796722412,1
002071.jpg,1,3,0.9485372304916382,1
002072.jpg,1,1,0.9852713346481323,1
002073.jpg,0,3,0.03934250399470329,0
002074.jpg,1,3,0.9609517455101013,1
002075.jpg,0,0,0.05023736134171486,0
002076.jpg,1,2,0.9434518814086914,1
002077.jpg,0,0,0.07250525057315826,0
002078.jpg,0,0,0.08570928126573563,0
002079.jpg,0,0,0.043204035609960556,0
002080.jpg,1,4,0.9859364032745361,1
002081.jpg,0,1,0.02992974780499935,0
002082.jpg,1,1,0.9824230670928955,1
002083.jpg,1,2,0.9797453284263611,1
002084.jpg,0,2,0.01353214867413044,0
002085.jpg,1,0,0.7414868474006653,1
002086.jpg,0,3,0.07949570566415787,0
002087.jpg,1,2,0.9846346974372864,1
002088.jpg,0,1,0.02190636470913887,0
002089.jpg,1,0,0.9497627019882202,1
002090.jpg,0,1,0.025516603142023087,0
002091.jpg,1,2,0.9851003289222717,1
002092.jpg,0,1,0.11162799596786499,0
002093.jpg,0,0,0.054098695516586304,0
002094.jpg,1,0,0.8467044830322266,1
002095.jpg,1,2,0.9729852676391602,1
002096.jpg,1,4,0.9817706942558289,1
002097.jpg,1,0,0.9209320545196533,1
002098.jpg,0,4,0.04552200436592102,0
002099.jpg,0,4,0.12064587324857712,0
002100.jpg,0,2,0.02145073004066944,0
002101.jpg,1,1,0.9802431464195251,1
002102.jpg,0,4,0.27904197573661804,0
002103.jpg,0,1,0.030733928084373474,0
002104.jpg,1,1,0.9577545523643494,1
002105.jpg,0,0,0.18698418140411377,0
002106.jpg,1,3,0.9754835963249207,1
002107.jpg,1,3,0.9846936464309692,1
002108.jpg,1,2,0.9860442876815796,1
002109.jpg,1,1,0.984752357006073,1
002110.jpg,0,4,0.04046483710408211,0
002111.jpg,0,4,0.05717659741640091,0
002112.jpg,0,4,0.058238621801137924,0
002113.jpg,1,0,0.7290378212928772,1
002114.jpg,0,3,0.05070536583662033,0
002115.jpg,0,3,0.03050205484032631,0
002116.jpg,1,4,0.66888028383255,1
002117.jpg,1,3,0.9710193276405334,1
002118.jpg,1,4,0.9880849719047546,1
002119.jpg,0,1,0.08079154044389725,0
002120.jpg,0,2,0.012383784167468548,0
002121.jpg,1,2,0.863391637802124,1
002122.jpg,1,2,0.9686195850372314,1
002123.jpg,1,3,0.9099069833755493,1
002124.jpg,1,4,0.9813465476036072,1
002125.jpg,1,2,0.9547319412231445,1
002126.jpg,1,0,0.9110215306282043,1
002127.jpg,1,1,0.9755303859710693,1
002128.jpg,1,0,0.7190877795219421,1
002129.jpg,1,4,0.8686040639877319,1
002130.jpg,0,4,0.02964751049876213,0
002131.jpg,0,4,0.0799255296587944,0
002132.jpg,0,0,0.25330647826194763,0
002133.jpg,1,0,0.9639838933944702,1
002134.jpg,1,0,0.9264369606971741,1
002135.jpg,1,0,0.9289263486862183,1
002136.jpg,0,3,0.06512754410505295,0
002137.jpg,1,2,0.9608049392700195,1
002138.jpg,1,2,0.9433475732803345,1
002139.jpg,1,4,0.9404625296592712,1
002140.jpg,0,3,0.06866228580474854,0
002141.jpg,0,1,0.01615283451974392,0
002142.jpg,0,1,0.12667709589004517,0
002143.jpg,1,2,0.975669801235199,1
002144.jpg,0,3,0.09219619631767273,0
002145.jpg,1,1,0.9674102663993835,1
002146.jpg,1,4,0.9494823217391968,1
002147.jpg,1,0,0.8489722013473511,1
002148.jpg,1,1,0.9767136573791504,1
002149.jpg,0,0,0.08850466459989548,0
002150.jpg,0,1,0.12421301752328873,0
002151.jpg,0,0,0.19178137183189392,0
002152.jpg,1,3,0.987616240978241,1
002153.jpg,0,1,0.02964751049876213,0
002154.jpg,0,3,0.05127241834998131,0
002155.jpg,1,3,0.9822876453399658,1
002156.jpg,1,2,0.9739436507225037,1
002157.jpg,1,4,0.9818405508995056,1
002158.jpg,1,0,0.6697447896003723,1
002159.jpg,0,0,0.30881521105766296,0
002160.jpg,0,4,0.06941547244787216,0
002161.jpg,1,0,0.8575296401977539,1
002162.jpg,0,2,0.01711088791489601,0
002163.jpg,0,3,0.0541987307369709,0
002164.jpg,0,4,0.0468120314180851,0
002165.jpg,0,0,0.17582091689109802,0
002166.jpg,0,4,0.022586042061448097,0
002167.jpg,0,2,0.015072628855705261,0
002168.jpg,0,4,0.22000709176063538,0
002169.jpg,1,3,0.9645892381668091,1
002170.jpg,0,1,0.017309095710515976,0
002171.jpg,0,4,0.050893716514110565,0
002172.jpg,0,2,0.02203226462006569,0
002173.jpg,0,4,0.2166738063097,0
002174.jpg,0,0,0.05813159793615341,0
002175.jpg,0,0,0.2611424922943115,0
002176.jpg,1,2,0.987616240978241,1
002177.jpg,1,2,0.9842154383659363,1
002178.jpg,0,2,0.07043161243200302,0
002179.jpg,1,2,0.8852352499961853,1
002180.jpg,1,1,0.9900636076927185,1
002181.jpg,1,0,0.9359345436096191,1
002182.jpg,0,0,0.1378803551197052,0
002183.jpg,0,0,0.05781161040067673,0
002184.jpg,0,3,0.22729776799678802,0
002185.jpg,1,4,0.942081868648529,1
002186.jpg,1,1,0.984752357006073,1
002187.jpg,1,4,0.9651191234588623,1
002188.jpg,0,4,0.0652465671300888,0
002189.jpg,1,0,0.8653379082679749,1
002190.jpg,0,1,0.03004337102174759,0
002191.jpg,1,3,0.9858821630477905,1
002192.jpg,0,4,0.9008791446685791,1
002193.jpg,0,4,0.13217812776565552,0
002194.jpg,1,3,0.9580694437026978,1
002195.jpg,1,3,0.5671576857566833,1
002196.jpg,1,1,0.9848109483718872,1
002197.jpg,0,4,0.10284407436847687,0
002198.jpg,1,0,0.8664718866348267,1
002199.jpg,1,1,0.9763104915618896,1
002200.jpg,1,2,0.9687380790710449,1
002201.jpg,0,2,0.014117894694209099,0
002202.jpg,0,1,0.03416481614112854,0
002203.jpg,1,3,0.957912266254425,1
002204.jpg,0,2,0.020215967670083046,0
002205.jpg,1,3,0.9893885254859924,1
002206.jpg,1,1,0.6853179931640625,1
002207.jpg,1,3,0.9634374976158142,1
002208.jpg,1,1,0.9841545820236206,1
002209.jpg,1,1,0.9814534187316895,1
002210.jpg,0,0,0.08834723383188248,0
002211.jpg,0,1,0.03561141714453697,0
002212.jpg,1,2,0.9654463529586792,1
002213.jpg,0,4,0.028328312560915947,0
002214.jpg,1,2,0.9949983358383179,1
002215.jpg,0,4,0.06596492975950241,0
002216.jpg,1,4,0.9754368662834167,1
002217.jpg,0,4,0.04280214384198189,0
002218.jpg,0,4,0.056236349046230316,0
002219.jpg,1,2,0.9831499457359314,1
002220.jpeg,0,0,0.05165378004312515,0
002221.jpg,1,3,0.941439151763916,1
002222.jpg,1,3,0.5832627415657043,1
002223.jpg,0,0,0.08913693577051163,0
002224.jpg,0,1,0.09025323390960693,0
002225.jpg,1,1,0.987616240978241,1
002226.jpg,0,0,0.048226337879896164,0
002227.jpg,0,4,0.10613343864679337,0
002228.jpg,0,0,0.049681153148412704,0
002229.jpg,1,2,0.9036349058151245,1
002230.jpg,1,3,0.974628746509552,1
002231.jpg,0,4,0.04552200436592102,0
002232.jpg,0,0,0.15203222632408142,0
002233.jpg,0,4,0.027954399585723877,0
002234.jpg,1,2,0.9753900170326233,1
002235.jpg,1,2,0.9427180886268616,1
002236.jpg,1,2,0.9878996014595032,1
002237.jpg,1,4,0.9772408604621887,1
002238.jpg,0,2,0.06669065356254578,0
002239.jpg,0,0,0.07356305420398712,0
002240.jpg,1,0,0.8416955471038818,1
002241.jpg,1,2,0.9792352318763733,1
002242.jpg,1,1,0.9829546809196472,1
002243.jpg,1,3,0.9349913001060486,1
002244.jpg,0,2,0.014842418022453785,0
002245.jpg,1,4,0.9491063356399536,1
002246.jpg,0,4,0.06198946014046669,0
002247.jpg,0,4,0.050517670810222626,0
002248.jpg,1,2,0.8459424376487732,1
002249.jpg,1,1,0.9776285290718079,1
002250.jpg,1,1,0.9916841983795166,1
002251.jpg,0,1,0.14010079205036163,0
002252.jpg,1,1,0.9386884570121765,1
002253.jpg,1,3,0.911337673664093,1
002254.jpg,0,0,0.07396337389945984,0
002255.jpg,1,0,0.8611882925033569,1
002256.jpg,0,1,0.027637720108032227,0
002257.jpg,0,0,0.132851704955101,0
002258.jpg,0,0,0.06142404302954674,0
002259.jpg,1,4,0.8610715270042419,1
002260.jpg,0,4,0.03494669497013092,0
002261.jpg,1,1,0.9881765246391296,1
002262.jpg,1,0,0.8616546392440796,1
002263.jpg,1,4,0.9918437600135803,1
002264.jpg,0,3,0.2075357586145401,0
002265.jpg,0,0,0.2233770787715912,0
002266.jpg,0,2,0.018369637429714203,0
002267.jpg,1,2,0.9613890647888184,1
002268.jpg,0,1,0.28937169909477234,0
002269.jpg,0,1,0.01764446310698986,0
002270.jpg,0,2,0.022759154438972473,0
002271.jpg,1,0,0.807612419128418,1
002272.jpg,0,3,0.15266279876232147,0
002273.jpg,1,1,0.9811307191848755,1
002274.jpg,0,3,0.04958902671933174,0
002275.jpg,0,1,0.04885777831077576,0
002276.jpg,0,4,0.10194652527570724,0
002277.jpg,1,0,0.9003546833992004,1
002278.jpg,1,4,0.963230550289154,1
002279.jpg,0,0,0.3654567003250122,0
002280.jpg,0,0,0.06233103200793266,0
002281.jpg,0,1,0.18155325949192047,0
002282.jpg,1,4,0.93475341796875,1
002283.jpg,1,1,0.6357879638671875,1
002284.jpg,1,0,0.9245515465736389,1
002285.jpg,1,1,0.9812029004096985,1
002286.jpg,1,1,0.9762200117111206,1
002287.jpg,0,3,0.07081620395183563,0
002288.jpg,1,1,0.9839708209037781,1
002289.jpg,0,2,0.023962024599313736,0
002290.jpg,0,1,0.048316068947315216,0
002291.jpg,0,2,0.04008736088871956,0
002292.jpg,0,0,0.14841710031032562,0
002293.jpg,1,0,0.9505029916763306,1
002294.jpg,0,3,0.05136751011013985,0
002295.jpg,1,4,0.7947037816047668,1
002296.jpg,0,0,0.08897849172353745,0
002297.jpg,1,0,0.9635062217712402,1
002298.jpg,1,0,0.9649873375892639,1
002299.jpg,0,3,0.06584469974040985,0
002300.jpg,0,0,0.05877655744552612,0
002301.jpg,1,2,0.9921841025352478,1
002302.jpg,1,1,0.9893474578857422,1
002303.jpg,0,3,0.05964693799614906,0
002304.jpg,1,4,0.968020498752594,1
002305.jpg,0,3,0.037892427295446396,0
002306.jpg,1,3,0.9820826053619385,1
002307.jpg,0,1,0.026506125926971436,0
002308.jpg,1,3,0.9559813141822815,1
002309.jpg,0,3,0.07409726083278656,0
002310.jpg,1,4,0.9904035329818726,1
002311.jpg,1,3,0.9415467381477356,1
002312.jpg,1,3,0.9724670648574829,1
002313.jpg,1,4,0.9284088015556335,1
002314.jpg,1,3,0.9818752408027649,1
002315.jpg,1,1,0.9554855227470398,1
002316.jpg,1,2,0.8164063692092896,1
002317.jpg,0,4,0.04153997078537941,0
002318.jpg,0,4,0.06891249865293503,0
002319.jpg,0,3,0.25219982862472534,0
002320.jpg,0,0,0.057705316692590714,0
002321.jpg,0,4,0.05136751011013985,0
002322.jpg,0,1,0.03283695876598358,0
002323.jpg,1,3,0.9767580628395081,1
002324.jpg,1,1,0.986828088760376,1
002325.jpg,0,3,0.05582314357161522,0
002326.jpg,1,0,0.9216402173042297,1
002327.jpg,1,1,0.9628131985664368,1
002328.jpg,0,2,0.007518718484789133,0
002329.jpg,0,4,0.04385456070303917,0
002330.jpg,1,1,0.8484706878662109,1
002331.jpg,0,4,0.04092230647802353,0
002332.jpg,1,0,0.9342753291130066,1
002333.jpg,1,1,0.9872773289680481,1
002334.jpg,1,0,0.9330658316612244,1
002335.jpg,1,4,0.9662834405899048,1
002336.jpg,1,1,0.988447368144989,1
002337.jpg,1,4,0.9417614340782166,1
002338.jpg,0,0,0.18683576583862305,0
002339.jpg,1,2,0.9785493016242981,1
002340.jpg,1,2,0.9434518814086914,1
002341.jpg,1,4,0.9298236966133118,1
002342.jpg,1,3,0.9362850189208984,1
002343.jpg,0,2,0.047074176371097565,0
002344.jpg,1,2,0.9779677391052246,1
002345.jpg,1,2,0.9606574773788452,1
002346.jpg,0,2,0.028274601325392723,0
002347.jpg,0,1,0.024283869192004204,0
002348.jpg,1,1,0.9815951585769653,1
002349.jpg,1,2,0.9611709713935852,1
002350.jpg,0,2,0.13128456473350525,0
002351.jpg,0,0,0.06052939593791962,0
002352.jpg,1,4,0.9820137619972229,1
002353.jpg,1,3,0.9808025360107422,1
002354.jpg,1,1,0.9785903096199036,1
002355.jpg,0,4,0.04509957134723663,0
002356.jpeg,0,2,0.033148519694805145,0
002357.jpg,0,3,0.03507867828011513,0
002358.jpg,1,1,0.959307074546814,1
002359.jpg,0,2,0.01737566478550434,0
002360.jpg,1,2,0.9751071333885193,1
002361.jpg,0,4,0.10743748396635056,0
002362.jpg,1,3,0.9566342234611511,1
002363.jpg,0,3,0.07017629593610764,0
002364.jpg,1,4,0.7866228222846985,1
002365.jpg,0,4,0.04493164271116257,0
002366.jpg,0,3,0.15520647168159485,0
002367.jpg,1,0,0.8721297383308411,1
002368.jpg,1,1,0.9877586960792542,1
002369.jpg,0,2,0.023197626695036888,0
002370.jpg,1,2,0.9842154383659363,1
002371.jpg,1,2,0.9720985889434814,1
002372.jpg,1,2,0.9744833707809448,1
002373.jpg,0,1,0.01750955730676651,0
002374.jpg,0,1,0.06489012390375137,0
002375.jpg,0,2,0.003389783203601837,0
002376.jpg,0,0,0.0572819747030735,0
002377.jpg,1,0,0.9426124691963196,1
002378.jpg,1,2,0.9693822264671326,1
002379.jpg,1,2,0.9486324787139893,1
002380.jpg,1,2,0.985042929649353,1
002381.jpg,0,1,0.16478508710861206,0
002382.jpg,1,2,0.9948000907897949,1
002383.jpg,0,0,0.0541987307369709,0
002384.jpg,1,0,0.9757161140441895,1
002385.jpg,0,1,0.3775406777858734,0
002386.jpg,1,2,0.9675945043563843,1
002387.jpg,1,4,0.9726234674453735,1
002388.jpg,1,2,0.9681411385536194,1
002389.jpg,0,2,0.03191915154457092,0
002390.jpg,1,1,0.9777563810348511,1
002391.jpg,1,1,0.9735944867134094,1
002392.jpg,0,2,0.11260011047124863,0
002393.jpg,1,3,0.9932025074958801,1
002394.jpg,1,4,0.9569571614265442,1
002395.jpg,1,4,0.9824904799461365,1
002396.jpg,0,3,0.10818895697593689,0
002397.jpg,1,2,0.9253649115562439,1
002398.jpg,1,4,0.9790757894515991,1
002399.jpg,0,4,0.04804735630750656,0
002400.jpg,0,3,0.06383161246776581,0
002401.jpg,1,0,0.9233161807060242,1
002402.jpg,0,1,0.030157409608364105,0
002403.jpg,1,3,0.9781771898269653,1
002404.jpg,1,1,0.985496461391449,1
002405.jpg,0,2,0.04248321056365967,0
002406.jpg,0,3,0.04001227021217346,0
002407.jpg,0,3,0.11818140745162964,0
002408.jpg,1,3,0.9141375422477722,1
002409.jpg,0,4,0.13330236077308655,0
002410.jpg,0,4,0.027169233188033104,0
002411.jpg,1,0,0.934155285358429,1
002412.jpg,0,2,0.01923426054418087,0
002413.jpg,1,2,0.9857181310653687,1
002414.jpg,1,4,0.9675332307815552,1
002415.jpg,0,1,0.040769271552562714,0
002416.jpg,0,4,0.30964964628219604,0
002417.jpg,1,2,0.972727358341217,1
002418.jpg,1,4,0.9770664572715759,1
002419.jpg,1,2,0.9780517220497131,1
002420.jpg,1,2,0.8955226540565491,1
002421.jpg,0,2,0.023286305367946625,0
002422.jpg,0,1,0.047691281884908676,0
002423.jpg,1,3,0.9797453284263611,1
002424.jpg,0,4,0.04138471931219101,0
002425.jpg,1,3,0.9911527037620544,1
002426.jpg,1,2,0.8686040639877319,1
002427.jpg,0,3,0.1200256198644638,0
002428.jpg,0,4,0.058560825884342194,0
002429.jpg,0,4,0.7657685875892639,1
002430.jpg,0,3,0.028652667999267578,0
002431.jpg,0,3,0.03521113842725754,0
002432.jpg,0,0,0.24184732139110565,0
002433.jpg,0,3,0.03817827254533768,0
002434.jpg,0,2,0.02456308715045452,0
002435.jpg,0,3,0.1919327974319458,0
002436.jpg,1,4,0.985042929649353,1
002437.jpg,0,4,0.12852515280246735,0
002438.jpg,1,0,0.9364014267921448,1
002439.jpg,1,0,0.974190354347229,1
002440.jpg,0,2,0.026155617088079453,0
002441.jpg,0,1,0.09894659370183945,0
002442.jpg,1,1,0.9777987599372864,1
002443.jpg,1,4,0.9463988542556763,1
002444.jpg,1,0,0.9652503728866577,1
002445.jpg,0,0,0.08586245775222778,0
002446.jpg,0,4,0.043365802615880966,0
002447.jpg,0,2,0.023330770432949066,0
002448.jpg,0,0,0.06693419814109802,0
002449.jpg,0,0,0.1261378973722458,0
002450.jpg,1,4,0.9632996320724487,1
002451.jpg,1,4,0.944587230682373,1
002452.jpg,1,2,0.9602867364883423,1
002453.jpg,0,1,0.03384403511881828,0
002454.jpg,0,2,0.06441766768693924,0
002455.jpg,0,0,0.06560484319925308,0
002456.jpg,0,0,0.046638038009405136,0
002457.jpg,1,4,0.9041438698768616,1
002458.jpg,1,2,0.9656413197517395,1
002459.jpg,1,3,0.9786311388015747,1
002460.jpg,0,3,0.049497053027153015,0
002461.jpg,0,3,0.03832197189331055,0
002462.jpg,1,4,0.9706321954727173,1
002463.jpg,1,4,0.9832789301872253,1
002464.jpg,1,1,0.8155264854431152,1
002465.jpg,1,4,0.9840323328971863,1
002466.jpg,1,2,0.9875203371047974,1
002467.jpg,1,0,0.8077641129493713,1
002468.jpg,0,1,0.030386749655008316,0
002469.jpg,1,1,0.9837850332260132,1
002470.jpg,0,3,0.0616496242582798,0
002471.jpg,0,4,0.048136770725250244,0
002472.jpg,1,1,0.973087728023529,1
002473.jpg,1,4,0.9504110217094421,1
002474.jpg,1,0,0.7961340546607971,1
002475.jpg,0,4,0.03481519594788551,0
002476.jpg,0,2,0.01578456163406372,0
002477.jpg,0,0,0.42304083704948425,0
002478.jpg,0,0,0.10856642574071884,0
002479.jpg,1,3,0.8830344080924988,1
002480.jpg,1,2,0.973993182182312,1
002481.jpg,1,1,0.9859364032745361,1
002482.jpg,0,1,0.02076474018394947,0
002483.jpg,1,1,0.9828232526779175,1
002484.jpg,1,0,0.6448963284492493,1
002485.jpg,0,3,0.08494710177183151,0
002486.jpg,1,1,0.9777563810348511,1
002487.jpg,0,2,0.03934250399470329,0
002488.jpg,0,3,0.06176270171999931,0
002489.jpg,1,1,0.9121235609054565,1
002490.jpg,0,0,0.0360160693526268,0
002491.jpg,0,1,0.060418423265218735,0
002492.jpg,0,2,0.04248321056365967,0
002493.jpg,0,0,0.30383506417274475,0
002494.jpg,1,4,0.9669140577316284,1
002495.jpg,1,1,0.9806178212165833,1
002496.jpg,0,2,0.022629201412200928,0
002497.jpg,1,4,0.934155285358429,1
002498.jpg,0,1,0.5573936104774475,1
002499.jpg,0,4,0.03296123817563057,0
002500.jpg,1,1,0.9789553880691528,1
002501.jpg,0,0,0.08570928126573563,0
002502.jpeg,1,2,0.5958454012870789,1
002503.jpg,1,2,0.9623205661773682,1
002504.jpg,0,3,0.03676946833729744,0
002505.jpg,1,3,0.8836382627487183,1
002506.jpg,1,3,0.27776676416397095,0
002507.jpg,0,4,0.05291181057691574,0
002508.jpg,0,3,0.03079216741025448,0
002509.jpg,0,2,0.0645354837179184,0
002510.jpg,1,4,0.9248236417770386,1
002511.jpg,0,4,0.02992974780499935,0
002512.jpg,1,4,0.9749168753623962,1
002513.jpg,1,2,0.9800149202346802,1
002514.jpg,1,0,0.8153795003890991,1
002515.jpg,1,2,0.9772841930389404,1
002516.jpg,1,3,0.9644556045532227,1
002517.jpg,1,1,0.9688562154769897,1
002518.jpg,1,4,0.9837850332260132,1
002519.jpg,0,2,0.02790137566626072,0
002520.jpg,0,1,0.049497053027153015,0
002521.jpg,0,3,0.03102617897093296,0
002522.jpg,1,0,0.8856314420700073,1
002523.jpg,1,0,0.9312127232551575,1
002524.jpg,0,2,0.025083139538764954,0
002525.jpg,1,3,0.9752489924430847,1
002526.jpg,0,4,0.03912165015935898,0
002527.jpg,0,2,0.14366762340068817,0
002528.jpg,1,4,0.9017477631568909,1
002529.jpg,0,4,0.04377273842692375,0
002530.jpg,1,4,0.9805434346199036,1
002531.jpg,0,1,0.05098814517259598,0
002532.jpg,0,0,0.11961366981267929,0
002533.jpg,0,1,0.022243667393922806,0
002534.jpg,1,2,0.9410068988800049,1
002535.jpg,0,2,0.01764446310698986,0
002536.jpg,0,4,0.9378969073295593,1
002537.jpg,1,4,0.9219217896461487,1
002538.jpg,0,1,0.026506125926971436,0
002539.jpg,1,2,0.9766246676445007,1
002540.jpg,0,3,0.0487670972943306,0
002541.jpg,1,0,0.7887459397315979,1
002542.jpg,0,4,0.09334688633680344,0
002543.jpg,1,2,0.9724147915840149,1
002544.jpg,1,3,0.9889705181121826,1
002545.jpg,1,0,0.843508780002594,1
002546.jpg,1,3,0.991355836391449,1
002547.jpg,1,0,0.9711290597915649,1
002548.jpg,0,1,0.04940524324774742,0
002549.jpg,1,1,0.9674717783927917,1
002550.jpg,0,4,0.029145970940589905,0
002551.jpg,0,0,0.07329727709293365,0
002552.jpg,0,4,0.045777272433042526,0
002553.jpg,1,4,0.9678993225097656,1
002554.jpg,0,1,0.032344330102205276,0
002555.jpg,1,0,0.9071478247642517,1
002556.jpg,1,0,0.9054896235466003,1
002557.jpg,0,0,0.0626743733882904,0
002558.jpg,0,4,0.03608394414186478,0
002559.jpg,1,3,0.9074763655662537,1
002560.jpg,0,3,0.03561141714453697,0
002561.jpg,0,2,0.04038906842470169,0
002562.jpg,0,1,0.06560484319925308,0
002563.jpg,1,4,0.9802431464195251,1
002564.jpg,0,3,0.04360952600836754,0
002565.jpg,1,2,0.9705764651298523,1
002566.jpg,0,3,0.028328312560915947,0
002567.jpg,1,4,0.8365545868873596,1
002568.jpg,1,1,0.9685600996017456,1
002569.jpg,1,1,0.9868786931037903,1
002570.jpg,0,1,0.043691061437129974,0
002571.jpg,1,3,0.9857181310653687,1
002572.jpg,0,1,0.22644133865833282,0
002573.jpg,1,0,0.9469902515411377,1
002574.jpg,1,0,0.9589241147041321,1
002575.jpg,0,4,0.25201570987701416,0
002576.jpg,1,0,0.9459012746810913,1
002577.jpg,0,2,0.0844927504658699,0
002578.jpg,0,4,0.02931223064661026,0
002579.jpg,1,0,0.8984104990959167,1
002580.jpg,1,0,0.9152045845985413,1
002581.jpg,0,1,0.03649376332759857,0
002582.jpg,1,1,0.9742394685745239,1
002583.jpg,0,0,0.1536761373281479,0
002584.jpg,0,2,0.01353214867413044,0
002585.jpg,0,0,0.055310651659965515,0
002586.jpg,1,3,0.978260338306427,1
002587.jpg,1,4,0.9762200117111206,1
002588.jpg,0,1,0.026861203834414482,0
002589.jpg,0,0,0.07490527629852295,0
002590.jpg,1,0,0.9491063356399536,1
002591.jpg,0,4,0.036977555602788925,0
002592.jpeg,0,3,0.043446898460388184,0
002593.jpg,1,1,0.9755303859710693,1
002594.jpg,1,4,0.9523086547851562,1
002595.jpg,0,1,0.027742892503738403,0
002596.jpg,1,4,0.6783269047737122,1
002597.jpg,1,1,0.9781354665756226,1
002598.jpg,1,3,0.8994751572608948,1
002599.jpg,0,2,0.02013874053955078,0
002600.jpg,1,4,0.956308901309967,1
002601.jpg,0,0,0.05910154804587364,0
002602.jpg,1,3,0.9852713346481323,1
002603.jpg,1,4,0.9691494703292847,1
002604.jpg,1,2,0.9571978449821472,1
002605.jpg,0,0,0.23881636559963226,0
002606.jpg,1,1,0.9780517220497131,1
002607.jpg,0,1,0.022116590291261673,0
002608.jpg,1,0,0.9116528034210205,1
002609.jpg,1,2,0.9650533199310303,1
002610.jpg,0,2,0.0478690080344677,0
002611.jpg,1,3,0.972933828830719,1
002612.jpg,1,1,0.9764007329940796,1
002613.jpg,1,4,0.942294716835022,1
002614.jpg,0,2,0.060640547424554825,0
002615.jpg,0,1,0.06210312619805336,0
002616.jpg,1,1,0.9712929129600525,1
002617.jpg,1,4,0.9683812260627747,1
002618.jpg,0,3,0.04603390395641327,0
002619.jpg,1,3,0.979393482208252,1
002620.jpg,0,1,0.06572466343641281,0
002621.jpg,0,3,0.14804720878601074,0
002622.jpg,0,2,0.021206121891736984,0
002623.jpg,0,2,0.022116590291261673,0
002624.jpg,1,1,0.9798612594604492,1
002625.jpg,1,3,0.9806548357009888,1
002626.jpg,0,4,0.07172112911939621,0
002627.jpg,0,2,0.01384861022233963,0
002628.jpg,1,2,0.957277774810791,1
002629.jpg,0,4,0.04940524324774742,0
002630.jpg,1,2,0.9853278994560242,1
002631.jpg,1,1,0.9761745929718018,1
002632.jpg,1,0,0.8063956499099731,1
002633.jpg,1,0,0.942081868648529,1
002634.jpg,1,4,0.9571177959442139,1
002635.jpg,1,0,0.8608377575874329,1
002636.jpg,1,4,0.9793540239334106,1
002637.jpg,1,0,0.968678891658783,1
002638.jpg,1,4,0.9657707214355469,1
002639.jpg,1,3,0.9069831967353821,1
002640.jpg,1,4,0.8236122727394104,1
002641.jpg,1,3,0.9785903096199036,1
002642.jpg,0,2,0.03934250399470329,0
002643.jpg,0,3,0.01182339433580637,0
002644.jpg,0,2,0.5550132393836975,1
002645.jpg,0,2,0.014392335899174213,0
002646.jpg,1,4,0.9802431464195251,1
002647.jpg,0,2,0.02546808309853077,0
002648.jpg,1,0,0.8731066584587097,1
002649.jpg,0,1,0.055720292031764984,0
002650.jpg,0,4,0.02742854319512844,0
002651.jpg,0,1,0.07668380439281464,0
002652.jpg,1,0,0.9473810195922852,1
002653.jpg,1,3,0.9530133008956909,1
002654.jpg,0,2,0.012527931481599808,0
002655.jpg,0,1,0.03167862817645073,0
002656.jpg,0,3,0.03919513523578644,0
002657.jpg,1,0,0.9342753291130066,1
002658.jpg,1,3,0.974773108959198,1
002659.jpg,0,1,0.03161877021193504,0
002660.jpg,1,0,0.8137569427490234,1
002661.jpg,0,4,0.06383161246776581,0
002662.jpg,0,1,0.2062538117170334,0
002663.jpg,0,1,0.05561761185526848,0
002664.jpg,0,4,0.07250525057315826,0
002665.jpg,0,4,0.03949040547013283,0
002666.jpg,1,1,0.8951566815376282,1
002667.jpg,0,1,0.14903530478477478,0
002668.jpeg,1,0,0.9655764698982239,1
002669.jpg,1,0,0.8801805377006531,1
002670.jpg,1,1,0.9727790951728821,1
002671.jpg,1,3,0.8881781101226807,1
002672.jpg,1,4,0.9689150452613831,1
002673.jpg,0,1,0.041852131485939026,0
002674.jpg,0,0,0.13869494199752808,0
002675.jpg,0,1,0.01652955636382103,0
002676.jpg,0,3,0.07081620395183563,0
002677.jpg,1,3,0.8613050580024719,1
002678.jpg,1,2,0.9885361194610596,1
002679.jpg,1,0,0.8987665772438049,1
002680.jpg,0,2,0.03258974477648735,0
002681.jpg,1,0,0.8721297383308411,1
002682.jpg,0,4,0.051749542355537415,0
002683.jpg,0,2,0.014503578655421734,0
002684.jpg,0,2,0.02169809490442276,0
002685.jpg,0,4,0.04385456070303917,0
002686.jpg,1,2,0.9785493016242981,1
002687.jpg,1,4,0.9867772459983826,1
002688.jpg,0,1,0.021084843203425407,0
002689.jpg,1,0,0.9630919694900513,1
002690.jpg,0,1,0.02561391517519951,0
002691.jpg,0,3,0.03378022834658623,0
002692.jpg,0,3,0.03191915154457092,0
002693.jpg,1,1,0.8115267157554626,1
002694.jpg,1,2,0.9714558720588684,1
002695.jpg,1,2,0.9318356513977051,1
002696.jpg,1,0,0.9571978449821472,1
002697.jpg,0,3,0.0468120314180851,0
002698.jpg,0,1,0.1550784707069397,0
002699.jpg,0,0,0.2575782835483551,0
002700.jpg,1,0,0.9374402165412903,1
002701.jpg,1,0,0.9385759830474854,1
002702.jpg,0,3,0.04922211542725563,0
002703.jpg,0,0,0.21683956682682037,0
002704.jpg,0,4,0.03803509101271629,0
002705.jpg,1,1,0.9906600117683411,1
002706.jpg,0,0,0.10875558853149414,0
002707.jpg,0,2,0.03853849694132805,0
002708.jpg,1,1,0.9844563603401184,1
002709.jpg,1,0,0.9788343906402588,1
002710.jpg,1,2,0.9864678382873535,1
002711.jpg,0,1,0.0364251509308815,0
002712.jpg,1,2,0.9684410095214844,1
002713.jpg,1,2,0.9764007329940796,1
002714.jpg,0,2,0.04603390395641327,0
002715.jpg,0,2,0.07159119844436646,0
002716.jpg,0,3,0.035813190042972565,0
002717.jpg,0,2,0.011687257327139378,0
002718.jpg,0,2,0.012147169560194016,0
002719.jpg,0,3,0.05429893732070923,0
002720.jpg,0,2,0.06681232899427414,0
002721.jpg,1,0,0.9464978575706482,1
002722.jpg,0,4,0.02898062951862812,0
002723.jpg,0,3,0.045777272433042526,0
002724.jpg,0,0,0.390824556350708,0
002725.jpg,0,2,0.05490385368466377,0
002726.jpg,1,0,0.8423450589179993,1
002727.jpg,0,4,0.05490385368466377,0
002728.jpg,1,0,0.7371581792831421,1
002729.jpg,0,4,0.17823956906795502,0
002730.jpg,1,2,0.9883127808570862,1
002731.jpg,1,2,0.9747251272201538,1
002732.jpg,1,2,0.9758085012435913,1
002733.jpg,1,0,0.7174080014228821,1
002734.jpg,1,2,0.6260099411010742,1
002735.jpg,1,2,0.9664738178253174,1
002736.jpg,1,1,0.9900636076927185,1
002737.jpg,0,0,0.04922211542725563,0
002738.jpg,0,1,0.015424554236233234,0
002739.jpg,0,4,0.06359857320785522,0
002740.jpg,0,3,0.05165378004312515,0
002741.jpg,1,0,0.898944079875946,1
002742.jpg,1,4,0.9683812260627747,1
002743.jpg,1,1,0.9795506000518799,1
002744.jpg,1,2,0.970687747001648,1
002745.jpg,0,4,0.020844316110014915,0
002746.jpg,1,2,0.9836598634719849,1
002747.jpg,0,2,0.047691281884908676,0
002748.jpg,0,3,0.03240552172064781,0
002749.jpg,1,0,0.9303317666053772,1
002750.jpg,1,2,0.9789553880691528,1
002751.jpg,0,3,0.09999630600214005,0
002752.jpg,0,3,0.027742892503738403,0
002753.jpg,1,3,0.9549844264984131,1
002754.jpg,1,3,0.9784671068191528,1
002755.jpg,0,2,0.0427221953868866,0
002756.jpg,0,4,0.05399883911013603,0
002757.jpg,1,3,0.9936116337776184,1
002758.jpg,0,1,0.048316068947315216,0
002759.jpg,0,4,0.3900110721588135,0
002760.jpg,1,3,0.9667260646820068,1
002761.jpg,1,0,0.895339846611023,1
002762.jpg,1,4,0.9599877595901489,1
002763.jpg,1,2,0.9802431464195251,1
002764.jpg,0,1,0.031143829226493835,0
002765.jpg,0,3,0.03949040547013283,0
002766.jpg,1,1,0.9745803475379944,1
002767.jpg,1,2,0.9794721603393555,1
002768.jpg,0,0,0.0401625856757164,0
002769.jpg,1,2,0.9591543078422546,1
002770.jpeg,0,4,0.053799647837877274,0
002771.jpg,0,3,0.08647765219211578,0
002772.jpg,0,4,0.030386749655008316,0
002773.jpg,0,0,0.22202469408512115,0
002774.jpg,0,0,0.1252792626619339,0
002775.jpg,1,1,0.9841545820236206,1
002776.jpg,1,4,0.9939963817596436,1
002777.jpg,1,2,0.9731387495994568,1
002778.jpg,0,1,0.6315943002700806,1
002779.jpg,1,2,0.9707987308502197,1
002780.jpg,1,3,0.9727790951728821,1
002781.jpg,0,3,0.5229787826538086,1
002782.jpg,0,3,0.033526163548231125,0
002783.jpg,0,0,0.056861549615859985,0
002784.jpg,1,1,0.9754835963249207,1
002785.jpg,1,1,0.9855521321296692,1
002786.jpg,1,0,0.94629967212677,1
002787.jpg,0,2,0.02522682584822178,0
002788.jpg,1,3,0.9602867364883423,1
002789.jpg,1,0,0.8657925128936768,1
002790.jpg,1,4,0.9832144975662231,1
002791.jpg,0,0,0.0972188413143158,0
002792.jpg,0,0,0.06176270171999931,0
002793.jpg,1,2,0.9230391979217529,1
002794.jpg,0,1,0.031084951013326645,0
002795.jpg,1,1,0.9753431081771851,1
002796.jpg,0,4,0.025809623301029205,0
002797.jpg,1,0,0.7816640734672546,1
002798.jpeg,0,4,0.06406543403863907,0
002799.jpg,1,0,0.6687721014022827,1
002800.jpg,1,3,0.9840936064720154,1
002801.jpg,0,2,0.030271869152784348,0
002802.jpg,0,3,0.0222861859947443,0
002803.jpg,1,1,0.9787126779556274,1
002804.jpg,1,2,0.9848109483718872,1
002805.jpg,1,1,0.9681411385536194,1
002806.jpg,0,2,0.01778039149940014,0
002807.jpg,1,0,0.9577545523643494,1
002808.jpg,0,4,0.05921025201678276,0
002809.jpg,0,4,0.04092230647802353,0
002810.jpg,0,0,0.06804042309522629,0
002811.jpg,1,2,0.9694401025772095,1
002812.jpg,1,2,0.9716179370880127,1
002813.jpg,0,3,0.03527754545211792,0
002814.jpg,1,1,0.9689738154411316,1
002815.jpg,0,1,0.02546808309853077,0
002816.jpg,0,3,0.12054229527711868,0
002817.jpg,0,0,0.07250525057315826,0
002818.jpg,1,4,0.9798997044563293,1
002819.jpg,0,3,0.06891249865293503,0
002820.jpg,0,2,0.052134253084659576,0
002821.jpg,1,2,0.9835337996482849,1
002822.jpg,0,4,0.036700356751680374,0
002823.jpg,0,2,0.026405517011880875,0
002824.jpg,0,4,0.028328312560915947,0
002825.jpg,1,4,0.9796676635742188,1
002826.jpg,1,4,0.9754368662834167,1
002827.jpg,0,1,0.03861093148589134,0
002828.jpg,0,1,0.015424554236233234,0
002829.jpg,1,3,0.9794721603393555,1
002830.jpg,1,0,0.929951012134552,1
002831.jpg,0,0,0.16913124918937683,0
002832.jpg,1,4,0.9274948239326477,1
002833.jpg,0,1,0.025323061272501945,0
002834.jpg,1,0,0.8787311315536499,1
002835.jpg,1,1,0.9798997044563293,1
002836.jpg,1,1,0.20930801331996918,0
002837.jpg,0,0,0.075721375644207,0
002838.jpg,1,0,0.9411153197288513,1
002839.jpg,1,3,0.9895108342170715,1
002840.jpg,1,1,0.9891815781593323,1
002841.jpg,1,4,0.988711953163147,1
002842.jpg,0,0,0.06681232899427414,0
002843.jpg,0,1,0.019870713353157043,0
002844.jpg,1,3,0.9620362520217896,1
002845.jpg,0,4,0.17300859093666077,0
002846.jpg,1,0,0.896251380443573,1
002847.jpg,0,4,0.026506125926971436,0
002848.jpg,0,4,0.03711691126227379,0
002849.jpg,1,4,0.963230550289154,1
002850.jpg,1,1,0.9872773289680481,1
002851.jpg,0,3,0.03963883966207504,0
002852.jpg,1,2,0.9473810195922852,1
002853.jpg,0,4,0.11377637088298798,0
002854.jpg,1,2,0.9751071333885193,1
002855.jpg,1,3,0.9783847332000732,1
002856.jpg,0,3,0.026810195297002792,0
002857.jpg,0,1,0.020410308614373207,0
002858.jpg,1,2,0.976802408695221,1
002859.jpg,1,2,0.9737446904182434,1
002860.jpg,0,1,0.03173859417438507,0
002861.jpg,1,2,0.9620362520217896,1
002862.jpg,1,3,0.9655764698982239,1
002863.jpg,0,0,0.15040281414985657,0
002864.jpg,0,1,0.03397199884057045,0
002865.jpg,1,4,0.7304821610450745,1
002866.jpg,1,3,0.9810219407081604,1
002867.jpg,1,3,0.938010573387146,1
002868.jpg,0,3,0.052814021706581116,0
002869.jpg,0,1,0.039787810295820236,0
002870.jpg,1,4,0.8626990914344788,1
002871.jpg,0,1,0.025711586698889732,0
002872.jpg,0,2,0.013689476065337658,0
002873.jpg,1,4,0.9817007184028625,1
002874.jpg,1,2,0.9064877033233643,1
002875.jpg,0,1,0.038901977241039276,0
002876.jpg,0,3,0.039048291742801666,0
002877.jpg,1,4,0.9735442399978638,1
002878.jpg,1,1,0.9026095867156982,1
002879.jpg,0,3,0.037892427295446396,0
002880.jpg,1,4,0.9733928442001343,1
002881.jpg,1,1,0.9595351815223694,1
002882.jpg,1,2,0.9842759370803833,1
002883.jpg,1,0,0.920647144317627,1
002884.jpg,1,0,0.9660280346870422,1
002885.jpg,0,0,0.11066322773694992,0
002886.jpg,1,0,0.9197867512702942,1
002887.jpg,0,1,0.04054073989391327,0
002888.jpg,1,1,0.9828232526779175,1
002889.jpg,0,3,0.02722090110182762,0
002890.jpg,1,3,0.9885361194610596,1
002891.jpg,1,0,0.9041438698768616,1
002892.jpg,1,3,0.9543930292129517,1
002893.jpg,1,3,0.5201002359390259,1
002894.jpg,1,3,0.9713473320007324,1
002895.jpg,0,1,0.013955711387097836,0
002896.jpg,1,3,0.9156582355499268,1
002897.jpg,0,2,0.09653531759977341,0
002898.jpg,1,0,0.8848377466201782,1
002899.jpg,0,4,0.10951514542102814,0
002900.jpg,1,2,0.975623369216919,1
002901.jpg,1,4,0.9667888283729553,1
002902.jpg,1,1,0.9641867876052856,1
002903.jpg,0,0,0.07963874191045761,0
002904.jpg,0,3,0.06853749603033066,0
002905.jpg,0,0,0.18315489590168,0
002906.jpg,0,4,0.014842418022453785,0
002907.jpg,1,1,0.9763104915618896,1
002908.jpg,0,1,0.025130946189165115,0
002909.jpg,0,2,0.00821969285607338,0
002910.jpg,1,3,0.8921873569488525,1
002911.jpg,0,0,0.2252461463212967,0
002912.jpeg,0,4,0.07963874191045761,0
002913.jpg,1,2,0.9805806875228882,1
002914.jpg,1,0,0.9685600996017456,1
002915.jpg,1,3,0.9526622891426086,1
002916.jpg,1,2,0.9835337996482849,1
002917.jpg,0,1,0.04620574787259102,0
002918.jpg,0,0,0.13251455128192902,0
002919.jpg,1,3,0.9750121831893921,1
002920.jpg,1,2,0.9581479430198669,1
002921.jpg,0,0,0.15027806162834167,0
002922.jpg,0,2,0.030329255387187004,0
002923.jpg,0,1,0.06336633861064911,0
002924.jpg,1,0,0.9312127232551575,1
002925.jpg,0,3,0.03365296497941017,0
002926.jpg,0,0,0.058560825884342194,0
002927.jpg,1,2,0.9265698790550232,1
002928.jpg,1,4,0.9248236417770386,1
002929.jpg,0,1,0.0616496242582798,0
002930.jpg,0,1,0.012870748527348042,0
002931.jpg,0,2,0.028652667999267578,0
002932.jpg,1,3,0.9863104820251465,1
002933.jpg,0,0,0.06278920918703079,0
002934.jpg,1,3,0.9624620079994202,1
002935.jpeg,0,2,0.03676946833729744,0
002936.jpg,1,1,0.9769347906112671,1
002937.jpg,1,0,0.8162599205970764,1
002938.jpg,1,0,0.8671482801437378,1
002939.jpg,1,1,0.9792352318763733,1
002940.jpg,1,3,0.9590777158737183,1
002941.jpg,0,0,0.1368389129638672,0
002942.jpg,1,2,0.9760836362838745,1
002943.jpg,0,1,0.022977370768785477,0
002944.jpg,0,0,0.27717941999435425,0
002945.jpg,0,0,0.032344330102205276,0
002946.jpg,0,4,0.02400774508714676,0
002947.jpg,0,2,0.022889839485287666,0
002948.jpg,1,3,0.9633685946464539,1
002949.jpg,0,4,0.05654813349246979,0
002950.jpg,1,0,0.894789457321167,1
002951.jpg,1,1,0.9686195850372314,1
002952.jpg,0,3,0.025711586698889732,0
002953.jpg,1,3,0.9129031896591187,1
002954.jpg,1,3,0.9525741338729858,1
002955.jpg,0,1,0.04655127227306366,0
002956.jpg,1,3,0.9319595694541931,1
002957.jpg,0,2,0.01851104572415352,0
002958.jpg,0,2,0.0222861859947443,0
002959.jpg,1,4,0.9587699174880981,1
002960.jpg,1,1,0.983020007610321,1
002961.jpg,1,4,0.9780936241149902,1
002962.jpg,1,3,0.9834068417549133,1
002963.jpg,1,4,0.9127477407455444,1
002964.jpg,1,0,0.9324532747268677,1
002965.jpg,0,0,0.05964693799614906,0
002966.jpg,0,1,0.0326513797044754,0
002967.jpg,0,4,0.12095703184604645,0
002968.jpg,0,1,0.02433018945157528,0
002969.jpg,0,0,0.23213601112365723,0
002970.jpg,1,0,0.945600688457489,1
002971.jpg,1,2,0.9345147609710693,1
002972.jpg,1,1,0.9788343906402588,1
002973.jpg,0,1,0.0960254892706871,0
002974.jpg,1,4,0.9742394685745239,1
002975.jpg,0,2,0.043365802615880966,0
002976.jpg,0,3,0.04501553252339363,0
002977.jpg,1,0,0.8708171844482422,1
002978.jpg,0,0,0.1919327974319458,0
002979.jpg,1,1,0.9479621648788452,1
002980.jpg,1,1,0.9822876453399658,1
002981.jpg,1,4,0.9824230670928955,1
002982.jpg,0,2,0.019643761217594147,0
002983.jpg,1,2,0.9727790951728821,1
002984.jpg,1,1,0.9452984929084778,1
002985.jpg,1,2,0.9797453284263611,1
002986.jpg,0,3,0.0237346850335598,0
002987.jpg,1,0,0.8860265612602234,1
002988.jpg,0,1,0.11616110056638718,0
002989.jpg,0,3,0.05717659741640091,0
002990.jpg,1,1,0.9426124691963196,1
002991.jpg,0,2,0.07250525057315826,0
002992.jpg,1,2,0.9828891754150391,1
002993.jpg,1,2,0.9849274158477783,1
002994.jpg,1,1,0.9859904050827026,1
002995.jpg,0,1,0.10837755352258682,0
002996.jpg,0,0,0.09999630600214005,0
002997.jpg,1,3,0.9662834405899048,1
002998.jpg,1,0,0.9245515465736389,1
002999.jpg,0,3,0.03554439917206764,0
003000.jpg,0,4,0.03365296497941017,0
003001.jpg,1,1,0.9803186058998108,1
003002.jpg,1,4,0.9810945987701416,1
003003.jpg,1,1,0.9866234660148621,1
003004.jpg,0,4,0.2825919985771179,0
003005.jpg,1,4,0.9780517220497131,1
003006.jpg,1,1,0.9649873375892639,1
003007.jpg,0,3,0.0362882986664772,0
003008.jpg,1,0,0.9518632292747498,1
003009.jpg,1,4,0.9701834917068481,1
003010.jpg,1,2,0.9135223627090454,1
003011.jpg,1,1,0.982624351978302,1
003012.jpg,0,2,0.02585877664387226,0
003013.jpg,1,1,0.9741412401199341,1
003014.jpg,1,1,0.5061337351799011,0
003015.jpg,1,3,0.9579908847808838,1
003016.jpg,0,4,0.02931223064661026,0
003017.jpg,1,2,0.964655876159668,1
003018.jpg,0,0,0.06596492975950241,0
003019.jpg,0,0,0.14258970320224762,0
003020.jpg,0,0,0.10070160776376724,0
003021.jpg,0,2,0.012288597412407398,0
003022.jpg,0,4,0.02409944497048855,0
003023.jpg,1,3,0.9805434346199036,1
003024.jpg,0,1,0.224735289812088,0
003025.jpg,0,0,0.0762699767947197,0
003026.jpg,0,0,0.12241825461387634,0
003027.jpg,0,4,0.07751766592264175,0
003028.jpg,0,4,0.045777272433042526,0
003029.jpg,1,2,0.9681411385536194,1
003030.jpg,1,3,0.9337939620018005,1
003031.jpg,1,4,0.9783433079719543,1
003032.jpg,1,3,0.9564718008041382,1
003033.jpg,0,0,0.0772387832403183,0
003034.jpg,1,2,0.9571177959442139,1
003035.jpg,0,2,0.016914913430809975,0
003036.jpg,1,3,0.9832789301872253,1
003037.jpg,0,4,0.03126191347837448,0
003038.jpg,1,4,0.9733928442001343,1
003039.jpg,1,0,0.7951813340187073,1
003040.jpg,0,2,0.04312337189912796,0
003041.jpg,0,4,0.061536744236946106,0
003042.jpg,1,4,0.9480584859848022,1
003043.jpg,1,0,0.938010573387146,1
003044.jpg,0,1,0.02132808230817318,0
003045.jpg,1,0,0.8870089650154114,1
003046.jpg,0,0,0.04146227613091469,0
003047.jpg,1,3,0.9664104580879211,1
003048.jpg,1,3,0.8671482801437378,1
003049.jpg,0,2,0.04620574787259102,0
003050.jpg,0,0,0.18787656724452972,0
003051.jpg,0,1,0.15431228280067444,0
003052.jpg,1,1,0.9767136573791504,1
003053.jpg,0,2,0.07211221009492874,0
003054.jpg,0,4,0.05942821875214577,0
003055.jpg,1,2,0.9479621648788452,1
003056.jpg,1,0,0.944587230682373,1
003057.jpg,1,3,0.804405927658081,1
003058.jpg,0,3,0.08464395999908447,0
003059.jpg,0,2,0.032161444425582886,0
003060.jpg,1,3,0.9324532747268677,1
003061.jpg,1,0,0.974628746509552,1
003062.jpg,0,4,0.06097517907619476,0
003063.jpg,1,4,0.9687380790710449,1
003064.jpg,0,2,0.017576880753040314,0
003065.jpg,0,1,0.06210312619805336,0
003066.jpg,0,2,0.029256708920001984,0
003067.jpg,0,3,0.02096424251794815,0
003068.jpg,1,3,0.9862046241760254,1
003069.jpg,1,1,0.9724147915840149,1
003070.jpg,0,0,0.06754669547080994,0
003071.jpg,0,1,0.04296247288584709,0
003072.jpg,1,2,0.9742884635925293,1
003073.jpg,0,2,0.019946934655308723,0
003074.jpg,1,2,0.9766246676445007,1
003075.jpg,0,3,0.03753800690174103,0
003076.jpg,1,0,0.889720618724823,1
003077.jpg,1,2,0.9064877033233643,1
003078.jpg,1,3,0.9238675236701965,1
003079.jpg,1,4,0.9760836362838745,1
003080.jpg,1,2,0.9678385257720947,1
003081.jpg,1,0,0.9564718008041382,1
003082.jpg,1,1,0.9732915163040161,1
003083.jpg,1,3,0.922062337398529,1
003084.jpg,1,1,0.9887987971305847,1
003085.jpg,0,1,0.15482273697853088,0
003086.jpg,0,3,0.045268092304468155,0
003087.jpg,0,0,0.13753247261047363,0
003088.jpg,0,0,0.08540366590023041,0
003089.jpg,1,0,0.9587699174880981,1
003090.jpg,1,1,0.9851003289222717,1
003091.jpg,1,1,0.982624351978302,1
003092.jpg,1,4,0.9856076240539551,1
003093.jpg,1,4,0.9836598634719849,1
003094.jpg,0,2,0.018833130598068237,0
003095.jpg,0,2,0.12210386991500854,0
003096.jpg,1,2,0.902265727519989,1
003097.jpg,1,1,0.9852146506309509,1
003098.jpg,0,2,0.01182339433580637,0
003099.jpg,0,3,0.036977555602788925,0
003100.jpg,1,0,0.9672868847846985,1
003101.jpg,0,1,0.02964751049876213,0
003102.jpg,1,0,0.9716717004776001,1
003103.jpg,0,4,0.10338596999645233,0
003104.jpg,1,1,0.9844563603401184,1
003105.jpg,1,3,0.9915544390678406,1
003106.jpg,0,0,0.04115288704633713,0
003107.jpg,1,3,0.9628831148147583,1
003108.jpg,0,4,0.6509112119674683,1
003109.jpg,0,0,0.35958901047706604,0
003110.jpg,0,3,0.04903962090611458,0
003111.jpg,0,4,0.11182181537151337,0
003112.jpg,0,3,0.03474962338805199,0
003113.jpg,1,4,0.972933828830719,1
003114.jpg,1,2,0.9665370583534241,1
003115.jpg,1,2,0.9752489924430847,1
003116.jpg,0,3,0.14965561032295227,0
003117.jpg,1,0,0.9393594861030579,1
003118.jpg,1,2,0.9017477631568909,1
003119.jpg,1,1,0.9122800230979919,1
003120.jpg,0,0,0.05644402652978897,0
003121.jpg,1,2,0.9885361194610596,1
003122.jpg,0,1,0.07696083933115005,0
003123.jpg,1,4,0.9796287417411804,1
003124.jpg,0,0,0.04940524324774742,0
003125.jpg,0,1,0.035678550601005554,0
003126.jpg,1,2,0.9711290597915649,1
003127.jpg,0,3,0.039048291742801666,0
003128.jpg,0,3,0.11456649005413055,0
003129.jpg,0,1,0.02124669961631298,0
003130.jpg,1,4,0.9118099808692932,1
003131.jpg,1,2,0.9759923219680786,1
003132.jpg,0,4,0.04001227021217346,0
003133.jpg,1,2,0.9821512699127197,1
003134.jpg,1,3,0.9619649052619934,1
003135.jpg,1,3,0.9590010046958923,1
003136.jpg,1,1,0.6884683966636658,1
003137.jpg,0,3,0.0384661927819252,0
003138.jpg,0,0,0.20370754599571228,0
003139.jpg,0,1,0.02753293886780739,0
003140.jpg,1,1,0.9473810195922852,1
003141.jpg,0,4,0.04620574787259102,0
003142.jpg,1,1,0.9862577319145203,1
003143.jpg,0,0,0.15687833726406097,0
003144.jpg,0,3,0.043446898460388184,0
003145.jpg,0,1,0.07237401604652405,0
003146.jpg,1,2,0.949669361114502,1
003147.jpg,1,2,0.9767136573791504,1
003148.jpg,0,1,0.027585282921791077,0
003149.jpg,0,0,0.05964693799614906,0
003150.jpg,1,0,0.958615243434906,1
003151.jpg,0,0,0.10913478583097458,0
003152.jpg,1,1,0.9792352318763733,1
003153.jpg,1,3,0.9702399373054504,1
003154.jpg,0,4,0.030271869152784348,0
003155.jpg,1,3,0.9892648458480835,1
003156.jpg,0,3,0.13951358199119568,0
003157.jpg,0,2,0.023962024599313736,0
003158.jpg,0,2,0.01851104572415352,0
003159.jpg,0,3,0.045268092304468155,0
003160.jpg,1,0,0.9670388102531433,1
003161.jpg,1,1,0.9727790951728821,1
003162.jpg,1,1,0.9551520943641663,1
003163.jpg,0,3,0.04248321056365967,0
003164.jpg,0,1,0.17092275619506836,0
003165.jpg,0,0,0.07463503628969193,0
003166.jpg,0,1,0.009196552447974682,0
003167.jpg,1,1,0.9882221817970276,1
003168.jpg,0,2,0.01652955636382103,0
003169.jpg,1,1,0.9537942409515381,1
003170.jpg,0,1,0.04931360110640526,0
003171.jpg,0,3,0.043365802615880966,0
003172.jpg,1,1,0.916857123374939,1
003173.jpg,0,1,0.03803509101271629,0
003174.jpg,0,3,0.03050205484032631,0
003175.jpg,0,1,0.0384661927819252,0
003176.jpg,1,2,0.9693241715431213,1
003177.jpg,0,4,0.05470151826739311,0
003178.jpg,0,0,0.08374040573835373,0
003179.jpg,1,3,0.9703524708747864,1
003180.jpg,0,2,0.03993731364607811,0
003181.jpg,1,4,0.9714016318321228,1
003182.jpg,1,1,0.9177460074424744,1
003183.jpg,0,1,0.10502681136131287,0
003184.jpg,1,3,0.7967672944068909,1
003185.jpg,1,2,0.9670388102531433,1
003186.jpg,1,1,0.9809855818748474,1
003187.jpg,0,0,0.798501193523407,1
003188.jpg,0,1,0.04099902883172035,0
003189.jpg,1,2,0.9089417457580566,1
003190.jpg,0,3,0.075721375644207,0
003191.jpg,0,1,0.049865901470184326,0
003192.jpg,1,3,0.9645892381668091,1
003193.jpg,1,1,0.9388007521629333,1
003194.jpg,0,4,0.034618839621543884,0
003195.jpg,1,3,0.8329172730445862,1
003196.jpg,0,2,0.3004376292228699,0
003197.jpg,1,2,0.9549844264984131,1
003198.jpg,1,0,0.6920179128646851,1
003199.jpg,1,2,0.9867261648178101,1
003200.jpg,1,0,0.9647224545478821,1
003201.jpg,0,0,0.15228420495986938,0
003202.jpg,1,0,0.8623515963554382,1
003203.jpg,0,0,0.24184732139110565,0
003204.jpg,0,1,0.10781263560056686,0
003205.jpg,1,2,0.9713473320007324,1
003206.jpg,1,2,0.9818405508995056,1
003207.jpg,0,4,0.04795810207724571,0
003208.jpg,1,2,0.9789151549339294,1
003209.jpg,1,3,0.9592307209968567,1
003210.jpg,1,0,0.7375364303588867,1
003211.jpg,1,4,0.974821150302887,1
003212.jpg,1,4,0.9880388379096985,1
003213.jpg,0,3,0.03346293419599533,0
003214.jpg,1,1,0.9026095867156982,1
003215.jpg,0,2,0.011915022507309914,0
003216.jpg,1,2,0.96518474817276,1
003217.jpg,0,1,0.06336633861064911,0
003218.jpg,0,4,0.04248321056365967,0
003219.jpg,1,0,0.8858291506767273,1
003220.jpg,1,1,0.9761745929718018,1
003221.jpg,1,1,0.9920312166213989,1
003222.jpg,0,2,0.024237634614109993,0
003223.jpg,1,1,0.973036527633667,1
003224.jpg,0,3,0.2391715943813324,0
003225.jpg,0,4,0.14792408049106598,0
003226.jpg,1,0,0.9118099808692932,1
003227.jpg,0,3,0.19868534803390503,0
003228.jpg,0,4,0.0874079167842865,0
003229.jpg,0,3,0.03397199884057045,0
003230.jpg,0,4,0.10141132771968842,0
003231.jpg,0,1,0.06244528666138649,0
003232.jpg,0,3,0.06142404302954674,0
003233.jpg,1,3,0.9814178347587585,1
003234.jpg,0,0,0.04216654598712921,0
003235.jpg,1,0,0.9552357196807861,1
003236.jpg,0,0,0.0555151142179966,0
003237.jpeg,0,2,0.04535258188843727,0
003238.jpg,1,3,0.982355535030365,1
003239.jpg,1,4,0.9609517455101013,1
003240.jpg,0,1,0.0237346850335598,0
003241.jpg,1,4,0.9542226791381836,1
003242.jpg,1,2,0.9925682544708252,1
003243.jpg,0,4,0.09467770159244537,0
003244.jpg,1,4,0.9745803475379944,1
003245.jpg,1,3,0.5926666259765625,1
003246.jpg,0,4,0.03993731364607811,0
003247.jpg,1,2,0.9827572107315063,1
003248.jpg,1,4,0.9471859931945801,1
003249.jpg,0,2,0.0684129148721695,0
003250.jpg,1,2,0.9150528311729431,1
003251.jpg,1,1,0.9789553880691528,1
003252.jpg,1,4,0.9776285290718079,1
003253.jpg,0,3,0.047074176371097565,0
003254.jpg,1,2,0.9811307191848755,1
003255.jpg,1,0,0.9608049392700195,1
003256.jpg,0,3,0.032344330102205276,0
003257.jpg,0,2,0.019832711666822433,0
003258.jpg,1,1,0.9925682544708252,1
003259.jpg,1,0,0.9323301911354065,1
003260.jpg,0,2,0.016277462244033813,0
003261.jpg,0,1,0.02409944497048855,0
003262.jpg,0,0,0.11357959359884262,0
003263.jpg,0,1,0.047514185309410095,0
003264.jpg,1,0,0.8450494408607483,1
003265.jpg,0,0,0.23846149444580078,0
003266.jpg,1,0,0.9015746116638184,1
003267.jpg,0,2,0.07504072040319443,0
003268.jpg,1,1,0.9846936464309692,1
003269.jpg,1,4,0.9783847332000732,1
003270.jpg,1,3,0.9031234383583069,1
003271.jpg,1,2,0.8725647330284119,1
003272.jpg,1,2,0.9811668992042542,1
003273.jpg,0,1,0.018440209329128265,0
003274.jpg,1,2,0.9812029004096985,1
003275.jpg,0,0,0.18476749956607819,0
003276.jpg,1,0,0.9506864547729492,1
003277.jpg,0,3,0.060863446444272995,0
003278.jpg,1,2,0.9677167534828186,1
003279.jpg,1,3,0.957833468914032,1
003280.jpg,0,0,0.1901218295097351,0
003281.jpg,1,2,0.9784671068191528,1
003282.jpg,1,4,0.8929365277290344,1
003283.jpg,1,1,0.9840323328971863,1
003284.jpg,1,0,0.8679338097572327,1
003285.jpg,0,1,0.025130946189165115,0
003286.jpg,1,4,0.9927391409873962,1
003287.jpg,0,2,0.017309095710515976,0
003288.jpg,0,0,0.1464531123638153,0
003289.jpg,1,3,0.9575962424278259,1
003290.jpg,1,4,0.9872281551361084,1
003291.jpg,0,2,0.03949040547013283,0
003292.jpg,1,4,0.9834068417549133,1
003293.jpg,0,2,0.01778039149940014,0
003294.jpg,1,3,0.8349459171295166,1
003295.jpg,1,0,0.9003546833992004,1
003296.jpg,0,3,0.04922211542725563,0
003297.jpg,1,0,0.8503443598747253,1
003298.jpg,1,0,0.8960696458816528,1
003299.jpg,1,2,0.95735764503479,1
003300.jpg,1,0,0.8647679686546326,1
003301.jpg,0,0,0.06903792917728424,0
003302.jpg,0,1,0.026255300268530846,0
003303.jpg,0,4,0.0446808747947216,0
003304.jpg,1,1,0.9820137619972229,1
003305.jpg,0,1,0.15482273697853088,0
003306.jpg,1,3,0.7943849563598633,1
003307.jpg,1,0,0.7262315154075623,1
003308.jpg,0,0,0.07978201657533646,0
003309.jpg,1,4,0.9835969805717468,1
003310.jpg,1,2,0.9774138927459717,1
003311.jpg,1,2,0.9799382090568542,1
003312.jpg,1,2,0.9750121831893921,1
003313.jpg,0,4,0.048316068947315216,0
003314.jpg,1,1,0.9722043871879578,1
003315.jpg,0,4,0.07198162376880646,0
003316.jpg,1,4,0.963711678981781,1
003317.jpg,1,3,0.9766246676445007,1
003318.jpg,1,4,0.9866234660148621,1
003319.jpeg,0,3,0.043936531990766525,0
003320.jpg,1,0,0.78116375207901,1
003321.jpg,1,1,0.9738444089889526,1
003322.jpg,0,3,0.03365296497941017,0
003323.jpg,0,2,0.01912403479218483,0
003324.jpg,0,3,0.29553478956222534,0
003325.jpg,1,2,0.9597620368003845,1
003326.jpg,0,0,0.18922126293182373,0
003327.jpg,0,1,0.03010033816099167,0
003328.jpg,1,2,0.986151397228241,1
003329.jpg,1,0,0.9318356513977051,1
003330.jpg,1,0,0.9331876635551453,1
003331.jpg,0,2,0.07030384987592697,0
003332.jpg,1,1,0.9859364032745361,1
003333.jpg,0,3,0.02822098508477211,0
003334.jpg,0,4,0.03488088399171829,0
003335.jpg,1,0,0.672331690788269,1
003336.jpg,1,3,0.8380180597305298,1
003337.jpg,0,3,0.05541279539465904,0
003338.jpg,0,3,0.09009299427270889,0
003339.jpg,1,1,0.9867261648178101,1
003340.jpg,1,3,0.9839708209037781,1
003341.jpg,1,2,0.9842759370803833,1
003342.jpg,1,3,0.9734434485435486,1
003343.jpg,0,1,0.06560484319925308,0
003344.jpg,1,2,0.9547319412231445,1
003345.jpg,1,3,0.9775857925415039,1
003346.jpg,1,4,0.9369805455207825,1
003347.jpg,1,1,0.9836598634719849,1
003348.jpg,0,2,0.02149176597595215,0
003349.jpg,0,0,0.07821886986494064,0
003350.jpg,1,0,0.9563905000686646,1
003351.jpg,1,4,0.8659058809280396,1
003352.jpg,1,1,0.9787938594818115,1
003353.jpg,1,2,0.8721297383308411,1
003354.jpg,0,1,0.022116590291261673,0
003355.jpg,0,3,0.054098695516586304,0
003356.jpg,1,1,0.9767136573791504,1
003357.jpg,1,1,0.7627776861190796,1
003358.jpg,1,4,0.9765800833702087,1
003359.jpg,1,1,0.958304226398468,1
003360.jpg,0,1,0.017045317217707634,0
003361.jpg,0,1,0.026506125926971436,0
003362.jpg,1,0,0.959307074546814,1
003363.jpg,0,2,0.020685462281107903,0
003364.jpeg,0,3,0.0443485863506794,0
003365.jpg,0,4,0.055208683013916016,0
003366.jpg,0,3,0.03474962338805199,0
003367.jpg,1,0,0.8893368244171143,1
003368.jpg,1,4,0.9882676005363464,1
003369.jpg,1,4,0.9490118622779846,1
003370.jpg,0,2,0.07696083933115005,0
003371.jpg,0,1,0.03817827254533768,0
003372.jpg,0,3,0.053009770810604095,0
003373.jpg,1,1,0.9755303859710693,1
003374.jpg,0,2,0.08819004148244858,0
003375.jpg,0,2,0.01815951243042946,0
003376.jpg,1,1,0.9752489924430847,1
003377.jpg,1,3,0.993561863899231,1
003378.jpg,0,0,0.11961366981267929,0
003379.jpg,1,4,0.9664104580879211,1
003380.jpg,1,4,0.9865716695785522,1
003381.jpg,1,1,0.9298236966133118,1
003382.jpg,1,3,0.9639838933944702,1
003383.jpg,1,3,0.9505029916763306,1
003384.jpg,1,1,0.9732407331466675,1
003385.jpg,0,4,0.04569203034043312,0
003386.jpg,1,1,0.972933828830719,1
003387.jpg,0,1,0.0497734472155571,0
003388.jpg,0,0,0.09334688633680344,0
003389.jpg,0,2,0.013325147330760956,0
003390.jpg,0,2,0.07640768587589264,0
003391.jpg,0,2,0.01374231930822134,0
003392.jpg,0,1,0.01890544593334198,0
003393.jpg,1,1,0.9845753908157349,1
003394.jpg,0,3,0.05370030552148819,0
003395.jpg,1,0,0.958615243434906,1
003396.jpg,1,3,0.9563905000686646,1
003397.jpeg,0,3,0.03832197189331055,0
003398.jpg,1,0,0.897335946559906,1
003399.jpeg,0,4,0.05429893732070923,0
003400.jpg,1,1,0.960212230682373,1
003401.jpg,0,1,0.03494669497013092,0
003402.jpg,1,3,0.9805434346199036,1
003403.jpg,1,1,0.9685600996017456,1
003404.jpg,0,3,0.07807817310094833,0
003405.jpg,1,1,0.9617499113082886,1
003406.jpg,0,0,0.1454792022705078,0
003407.jpg,1,1,0.986828088760376,1
003408.jpeg,0,1,0.037679389119148254,0
003409.jpg,0,3,0.019908789545297623,0
003410.jpg,0,3,0.036838702857494354,0
003411.jpg,1,3,0.939581573009491,1
003412.jpg,0,3,0.052327629178762436,0
003413.jpg,0,1,0.033148519694805145,0
003414.jpg,1,0,0.8944211602210999,1
003415.jpg,0,3,0.07250525057315826,0
003416.jpg,0,4,0.14151853322982788,0
003417.jpg,1,0,0.9118099808692932,1
003418.jpg,0,3,0.13753247261047363,0
003419.jpg,1,0,0.9111796617507935,1
003420.jpg,0,3,0.17092275619506836,0
003421.jpg,0,0,0.15752525627613068,0
003422.jpg,1,2,0.9887554049491882,1
003423.jpg,1,4,0.9439706206321716,1
003424.jpg,1,3,0.9872773289680481,1
003425.jpg,0,2,0.017917344346642494,0
003426.jpg,0,0,0.35779187083244324,0
003427.jpg,0,3,0.1603974997997284,0
003428.jpg,0,2,0.05252167582511902,0
003429.jpg,1,2,0.9892232418060303,1
003430.jpg,1,1,0.9811668992042542,1
003431.jpg,1,1,0.9903290271759033,1
003432.jpg,1,0,0.9609517455101013,1
003433.jpg,0,2,0.0383940152823925,0
003434.jpg,0,0,0.06465348601341248,0
003435.jpg,1,1,0.9870795607566833,1
003436.jpg,1,0,0.9487276077270508,1
003437.jpg,0,2,0.01621503010392189,0
003438.jpg,0,3,0.05136751011013985,0
003439.jpg,1,1,0.9784671068191528,1
003440.jpg,0,1,0.037679389119148254,0
003441.jpg,0,0,0.05480259656906128,0
003442.jpg,1,2,0.9851003289222717,1
003443.jpg,1,4,0.9772841930389404,1
003444.jpg,0,1,0.057599205523729324,0
003445.jpg,0,2,0.01930808462202549,0
003446.jpg,1,1,0.9826908707618713,1
003447.jpg,0,4,0.03258974477648735,0
003448.jpg,1,4,0.979393482208252,1
003449.jpg,0,3,0.022328782826662064,0
003450.jpg,1,2,0.973036527633667,1
003451.jpg,0,2,0.024750972166657448,0
003452.jpg,1,1,0.9711838364601135,1
003453.jpg,0,2,0.03061777912080288,0
003454.jpg,0,0,0.12463856488466263,0
003455.jpg,0,2,0.017576880753040314,0
003456.jpg,1,2,0.9885361194610596,1
003457.jpg,1,2,0.8740772008895874,1
003458.jpg,1,0,0.8844391107559204,1
003459.jpg,1,2,0.95123291015625,1
003460.jpg,1,1,0.9933330416679382,1
003461.jpg,1,4,0.9849852323532104,1
003462.jpg,1,2,0.8469578623771667,1
003463.jpg,1,4,0.985042929649353,1
003464.jpg,0,0,0.05223086103796959,0
003465.jpg,1,4,0.9681411385536194,1
003466.jpg,1,1,0.9752489924430847,1
003467.jpg,0,1,0.028925716876983643,0
003468.jpg,1,4,0.9834704995155334,1
003469.jpg,0,3,0.03455362468957901,0
003470.jpg,0,2,0.22270013391971588,0
003471.jpg,1,4,0.9556514620780945,1
003472.jpg,1,0,0.9054896235466003,1
003473.jpg,0,3,0.06477169692516327,0
003474.jpg,1,2,0.9843964576721191,1
003475.jpg,1,4,0.9681411385536194,1
003476.jpg,1,4,0.5289896726608276,1
003477.jpg,1,2,0.9596865773200989,1
003478.jpg,0,4,0.07107366621494293,0
003479.jpg,1,0,0.8916224837303162,1
003480.jpg,0,4,0.03126191347837448,0
003481.jpg,0,1,0.03308597952127457,0
003482.jpg,0,2,0.013902058824896812,0
003483.jpg,0,0,0.1672186702489853,0
003484.jpg,0,1,0.02522682584822178,0
003485.jpg,1,4,0.9369805455207825,1
003486.jpg,1,1,0.9820826053619385,1
003487.jpg,1,2,0.9714016318321228,1
003488.jpg,1,4,0.9735442399978638,1
003489.jpg,1,1,0.9683812260627747,1
003490.jpg,1,3,0.9707987308502197,1
003491.jpg,0,1,0.029201289638876915,0
003492.jpg,0,3,0.04031343758106232,0
003493.jpg,1,2,0.9694401025772095,1
003494.jpg,1,1,0.9772408604621887,1
003495.jpg,0,0,0.19238758087158203,0
003496.jpg,1,3,0.9683812260627747,1
003497.jpg,0,3,0.029986508190631866,0
003498.jpg,1,2,0.9614614844322205,1
003499.jpg,0,4,0.30084824562072754,0
003500.jpg,0,2,0.030733928084373474,0
003501.jpg,0,3,0.03521113842725754,0
003502.jpg,1,1,0.9939963817596436,1
003503.jpg,0,2,0.03403615206480026,0
003504.jpg,1,1,0.9852713346481323,1
003505.jpg,1,3,0.9879926443099976,1
003506.jpg,1,3,0.9884026646614075,1
003507.jpg,0,4,0.11008788645267487,0
003508.jpg,1,1,0.5638583302497864,1
003509.jpg,0,1,0.04099902883172035,0
003510.jpg,0,3,0.04922211542725563,0
003511.jpg,0,3,0.038756195455789566,0
003512.jpg,0,3,0.015014749020338058,0
003513.jpg,0,2,0.07779745012521744,0
003514.jpg,0,4,0.03663136437535286,0
003515.jpg,0,1,0.09670579433441162,0
003516.jpg,1,0,0.9589241147041321,1
003517.jpg,0,2,0.02136888913810253,0
003518.jpg,0,2,0.019419347867369652,0
003519.jpg,1,1,0.9653811454772949,1
003520.jpg,1,2,0.9181873202323914,1
003521.jpg,1,3,0.9460012316703796,1
003522.jpeg,0,3,0.041617803275585175,0
003523.jpg,1,4,0.9879462122917175,1
003524.jpg,1,2,0.9764007329940796,1
003525.jpg,0,1,0.037892427295446396,0
003526.jpg,0,3,0.04008736088871956,0
003527.jpg,0,4,0.03853849694132805,0
003528.jpg,0,2,0.029201289638876915,0
003529.jpg,1,4,0.9844563603401184,1
003530.jpg,1,4,0.9857729077339172,1
003531.jpg,0,0,0.13951358199119568,0
003532.jpg,1,2,0.9709092378616333,1
003533.jpg,1,0,0.8082186579704285,1
003534.jpg,0,4,0.029479410499334335,0
003535.jpg,0,4,0.051749542355537415,0
003536.jpg,0,0,0.10951514542102814,0
003537.jpg,0,1,0.056340090930461884,0
003538.jpg,1,0,0.8790429830551147,1
003539.jpg,1,1,0.6644314527511597,1
003540.jpg,0,3,0.07599522173404694,0
003541.jpg,0,4,0.06187598779797554,0
003542.jpg,1,1,0.9689150452613831,1
003543.jpg,0,3,0.08601588010787964,0
003544.jpg,0,2,0.037467505782842636,0
003545.jpg,1,1,0.9828232526779175,1
003546.jpg,1,4,0.9885361194610596,1
003547.jpg,0,4,0.039564553648233414,0
003548.jpg,1,2,0.9774571061134338,1
003549.jpg,1,2,0.9735442399978638,1
003550.jpg,1,1,0.9805434346199036,1
003551.jpg,1,4,0.9888418912887573,1
003552.jpg,1,2,0.9711838364601135,1
003553.jpg,0,2,0.025662705302238464,0
003554.jpg,0,3,0.04084571823477745,0
003555.jpg,1,3,0.87169349193573,1
003556.jpg,1,2,0.9780517220497131,1
003557.jpg,0,2,0.03155902028083801,0
003558.jpg,1,0,0.9122800230979919,1
003559.jpg,0,4,0.08787644654512405,0
003560.jpg,1,1,0.9804313778877258,1
003561.jpg,1,1,0.8617710471153259,1
003562.jpg,1,4,0.9713473320007324,1
003563.jpg,0,4,0.036700356751680374,0
003564.jpg,1,4,0.9832789301872253,1
003565.jpg,0,0,0.05665242671966553,0
003566.jpg,1,0,0.8773717284202576,1
003567.jpg,0,4,0.05389915779232979,0
003568.jpg,0,4,0.0487670972943306,0
003569.jpg,1,4,0.9529258608818054,1
003570.jpg,1,0,0.9469902515411377,1
003571.jpg,1,0,0.9746769666671753,1
003572.jpeg,0,3,0.03649376332759857,0
003573.jpg,0,3,0.10176784545183182,0
003574.jpg,1,4,0.977022647857666,1
003575.jpg,0,4,0.06313489377498627,0
003576.jpg,0,0,0.1173696517944336,0
003577.jpg,1,0,0.9515040516853333,1
003578.jpg,0,3,0.01764446310698986,0
003579.jpg,0,0,0.09534946829080582,0
003580.jpg,0,1,0.03825006261467934,0
003581.jpg,0,2,0.018404891714453697,0
003582.jpg,1,2,0.982557475566864,1
003583.jpg,0,3,0.03649376332759857,0
003584.jpg,1,2,0.9036349058151245,1
003585.jpg,1,2,0.9550683498382568,1
003586.jpg,1,0,0.8394709229469299,1
003587.jpg,1,0,0.9542226791381836,1
003588.jpg,0,0,0.0838903859257698,0
003589.jpg,0,3,0.04501553252339363,0
003590.jpg,0,1,0.03810662031173706,0
003591.jpg,0,4,0.03258974477648735,0
003592.jpg,0,4,0.034618839621543884,0
003593.jpg,0,2,0.016277462244033813,0
003594.jpg,1,3,0.9658995866775513,1
003595.jpg,0,2,0.03403615206480026,0
003596.jpg,1,2,0.9556514620780945,1
003597.jpg,0,2,0.01374231930822134,0
003598.jpg,0,0,0.07068780064582825,0
003599.jpg,1,2,0.9314625263214111,1
003600.jpg,1,4,0.9851576089859009,1
003601.jpg,0,4,0.03339982405304909,0
003602.jpg,1,4,0.9857181310653687,1
003603.jpg,0,1,0.048316068947315216,0
003604.jpg,0,4,0.042245496064424515,0
003605.jpg,0,3,0.0443485863506794,0
003606.jpg,1,4,0.9891397356987,1
003607.jpg,1,3,0.981979250907898,1
003608.jpg,1,4,0.9709643721580505,1
003609.jpg,1,3,0.9900250434875488,1
003610.jpg,1,4,0.972362220287323,1
003611.jpg,0,4,0.2752270996570587,0
003612.jpg,0,2,0.026810195297002792,0
003613.jpg,0,0,0.05439931899309158,0
003614.jpg,1,1,0.9768466353416443,1
003615.jpg,1,2,0.9705764651298523,1
003616.jpg,1,4,0.9759464263916016,1
003617.jpg,0,4,0.03149937838315964,0
003618.jpg,1,1,0.9874721169471741,1
003619.jpg,0,0,0.7595822811126709,1
003620.jpg,0,3,0.47143611311912537,0
003621.jpg,0,3,0.03155902028083801,0
003622.jpg,0,2,0.5828472375869751,1
003623.jpg,1,1,0.9693822264671326,1
003624.jpg,0,1,0.04885777831077576,0
003625.jpg,0,1,0.04248321056365967,0
003626.jpg,0,1,0.026861203834414482,0
003627.jpg,1,3,0.9824230670928955,1
003628.jpg,1,1,0.9688562154769897,1
003629.jpg,1,2,0.9762200117111206,1
003630.png,1,2,0.9846346974372864,1
003631.jpg,1,2,0.9845160245895386,1
003632.jpg,1,0,0.9433475732803345,1
003633.jpg,1,3,0.528731107711792,1
003634.jpg,0,1,0.034358687698841095,0
003635.jpg,0,3,0.05079945921897888,0
003636.jpg,1,0,0.7893961071968079,1
003637.jpg,0,0,0.14694207906723022,0
003638.jpg,0,4,0.39987027645111084,0
003639.jpg,1,0,0.8812065720558167,1
003640.jpg,0,2,0.05460060387849808,0
003641.jpg,0,2,0.012920473702251911,0
003642.jpg,0,0,0.07696083933115005,0
003643.jpg,0,2,0.011115013621747494,0
003644.jpg,1,3,0.9810945987701416,1
003645.jpg,1,2,0.9678385257720947,1
003646.jpg,1,4,0.9765353798866272,1
003647.jpg,0,1,0.027169233188033104,0
003648.jpg,0,0,0.0699218362569809,0
003649.jpg,0,3,0.04092230647802353,0
003650.jpg,0,3,0.09089675545692444,0
003651.jpg,1,3,0.9564718008041382,1
003652.jpg,1,3,0.9927672147750854,1
003653.jpg,1,4,0.983020007610321,1
003654.jpg,1,2,0.9837225079536438,1
003655.jpg,0,1,0.03676946833729744,0
003656.jpeg,0,2,0.14817042648792267,0
003657.jpg,1,3,0.9570375084877014,1
003658.jpg,1,4,0.9630919694900513,1
003659.jpg,1,2,0.973087728023529,1
003660.jpg,1,1,0.9894702434539795,1
003661.jpg,1,0,0.8812065720558167,1
003662.jpg,1,2,0.9693822264671326,1
003663.jpg,0,4,0.04046483710408211,0
003664.jpg,1,1,0.960878312587738,1
003665.jpg,0,3,0.06853749603033066,0
003666.jpg,1,0,0.9401335716247559,1
003667.jpg,0,2,0.05592617020010948,0
003668.jpg,0,4,0.044431429356336594,0
003669.jpg,0,0,0.1555909961462021,0
003670.jpg,1,0,0.8119744062423706,1
003671.jpg,0,4,0.08122775703668594,0
003672.jpg,0,4,0.026205414906144142,0
003673.jpg,1,2,0.9678385257720947,1
003674.jpg,1,4,0.9854404330253601,1
003675.jpg,1,1,0.9582260847091675,1
003676.jpg,1,4,0.9889278411865234,1
003677.jpg,1,4,0.956308901309967,1
003678.jpg,0,0,0.07793768495321274,0
003679.jpg,0,2,0.03296123817563057,0
003680.jpg,1,1,0.9755768775939941,1
003681.jpg,0,0,0.08006927371025085,0
003682.jpg,1,1,0.960878312587738,1
003683.jpg,0,3,0.03739713504910469,0
003684.jpg,0,1,0.02132808230817318,0
003685.jpg,0,4,0.03179866820573807,0
003686.jpg,1,3,0.9843964576721191,1
003687.jpg,0,3,0.040616780519485474,0
003688.jpg,1,1,0.9856629967689514,1
003689.jpg,0,2,0.03574581444263458,0
003690.jpg,1,3,0.9929060935974121,1
003691.jpg,1,0,0.9246877431869507,1
003692.jpg,1,3,0.9511421918869019,1
003693.jpg,0,1,0.0838903859257698,0
003694.jpg,1,3,0.9108630418777466,1
003695.jpg,1,2,0.986151397228241,1
003696.jpg,1,3,0.6965778470039368,1
003697.jpg,0,4,0.15921740233898163,0
003698.jpg,0,2,0.03397199884057045,0
003699.jpg,1,0,0.9130584001541138,1
003700.jpg,1,0,0.9235922694206238,1
003701.jpg,0,2,0.025711586698889732,0
003702.jpg,1,2,0.9579908847808838,1
003703.jpg,0,3,0.06176270171999931,0
003704.jpg,0,1,0.015845362097024918,0
003705.jpg,0,3,0.02203226462006569,0
003706.jpg,1,1,0.9567152261734009,1
003707.jpg,1,4,0.9662834405899048,1
003708.jpg,1,4,0.9317114353179932,1
003709.jpg,0,2,0.047337714582681656,0
003710.jpg,1,4,0.9932287931442261,1
003711.jpg,1,4,0.916857123374939,1
003712.jpg,0,3,0.057918090373277664,0
003713.jpg,0,3,0.15329550206661224,0
003714.jpg,0,3,0.05582314357161522,0
003715.jpg,0,0,0.11221037805080414,0
003716.jpg,1,0,0.9264369606971741,1
003717.jpg,0,2,0.011463796719908714,0
003718.jpg,0,2,0.014559519477188587,0
003719.jpg,0,0,0.043446898460388184,0
003720.jpg,1,0,0.9549844264984131,1
003721.jpg,0,1,0.020371295511722565,0
003722.jpg,0,2,0.034293949604034424,0
003723.jpg,1,4,0.9797453284263611,1
003724.jpg,1,0,0.9320833086967468,1
003725.jpg,1,4,0.9697281122207642,1
003726.jpg,0,3,0.12603029608726501,0
003727.jpg,0,1,0.07185126841068268,0
003728.jpg,0,0,0.043365802615880966,0
003729.jpg,1,3,0.9799765348434448,1
003730.jpg,0,4,0.04594820365309715,0
003731.jpg,1,2,0.9488224983215332,1
003732.jpg,0,1,0.06572466343641281,0
003733.jpg,1,1,0.6193561553955078,1
003734.jpg,0,3,0.04385456070303917,0
003735.jpg,1,0,0.925094723701477,1
003736.jpg,0,0,0.05561761185526848,0
003737.jpg,1,4,0.9835969805717468,1
003738.jpg,0,2,0.018761081621050835,0
003739.jpg,0,3,0.20561502873897552,0
003740.jpg,0,0,0.08540366590023041,0
003741.jpg,1,0,0.9091032147407532,1
003742.jpg,1,0,0.9043130874633789,1
003743.jpg,0,4,0.0772387832403183,0
003744.jpg,1,0,0.945600688457489,1
003745.jpg,1,4,0.9851576089859009,1
003746.jpg,1,2,0.9703524708747864,1
003747.jpg,1,3,0.9626027941703796,1
003748.jpg,1,3,0.9851003289222717,1
003749.jpg,1,4,0.7714993357658386,1
003750.jpg,1,1,0.9196425676345825,1
003751.jpg,1,0,0.9489172697067261,1
003752.jpg,1,4,0.9874235987663269,1
003753.jpg,0,1,0.01578456163406372,0
003754.jpg,1,1,0.9876639246940613,1
003755.jpg,0,1,0.041695769876241684,0
003756.jpg,1,1,0.9728307723999023,1
003757.jpg,1,3,0.9890975952148438,1
003758.jpg,0,1,0.01778039149940014,0
003759.jpg,1,1,0.9865716695785522,1
003760.jpg,1,1,0.9886244535446167,1
003761.jpg,1,1,0.9735442399978638,1
003762.jpg,1,4,0.9136765599250793,1
003763.jpg,0,2,0.2844766080379486,0
003764.jpg,0,1,0.03711691126227379,0
003765.jpg,1,1,0.9789553880691528,1
003766.jpg,1,2,0.9614614844322205,1
003767.jpg,0,0,0.3100672960281372,0
003768.jpg,0,4,0.026355354115366936,0
003769.jpg,0,0,0.06742378324270248,0
003770.jpg,0,3,0.051749542355537415,0
003771.jpg,1,1,0.9808025360107422,1
003772.jpg,0,3,0.04476431384682655,0
003773.jpg,0,4,0.043204035609960556,0
003774.jpg,1,3,0.9424007534980774,1
003775.jpg,0,4,0.027585282921791077,0
003776.jpg,1,3,0.7446563243865967,1
003777.jpg,1,4,0.986929178237915,1
003778.jpg,1,3,0.9505029916763306,1
003779.jpg,0,0,0.048496000468730927,0
003780.jpg,0,2,0.3085026443004608,0
003781.jpg,1,4,0.9820826053619385,1
003782.jpg,1,4,0.9474782943725586,1
003783.jpg,0,1,0.02169809490442276,0
003784.jpg,1,0,0.9051547646522522,1
003785.jpg,1,4,0.973993182182312,1
003786.jpg,0,1,0.0360160693526268,0
003787.jpg,0,1,0.03321117162704468,0
003788.jpg,1,2,0.9393594861030579,1
003789.jpg,1,0,0.7450275421142578,1
003790.jpg,1,3,0.9801293015480042,1
003791.jpg,0,0,0.07906799018383026,0
003792.jpg,1,4,0.9835969805717468,1
003793.jpg,1,3,0.9111796617507935,1
003794.jpg,1,2,0.975623369216919,1
003795.jpg,1,2,0.9731387495994568,1
003796.jpg,1,4,0.70537930727005,1
003797.jpg,0,0,0.07043161243200302,0
003798.jpg,1,1,0.9795506000518799,1
003799.jpg,0,3,0.10557883977890015,0
003800.jpg,0,2,0.01005236990749836,0
003801.jpg,0,3,0.03676946833729744,0
003802.jpg,1,2,0.9845160245895386,1
003803.jpg,1,2,0.9892648458480835,1
003804.jpg,0,1,0.04232459142804146,0
003805.jpg,0,3,0.07250525057315826,0
003806.jpg,1,3,0.954562783241272,1
003807.jpg,1,4,0.9835337996482849,1
003808.jpg,0,2,0.016914913430809975,0
003809.jpg,1,0,0.9688562154769897,1
003810.jpg,1,4,0.9872281551361084,1
003811.jpg,1,3,0.8840392827987671,1
003812.jpg,0,3,0.04280214384198189,0
003813.jpg,0,2,0.024191483855247498,0
003814.jpg,1,4,0.9732407331466675,1
003815.jpg,0,2,0.013222821988165379,0
003816.jpg,0,4,0.04288223758339882,0
003817.jpg,0,0,0.08945459872484207,0
003818.jpg,0,1,0.049865901470184326,0
003819.jpg,1,0,0.9493886232376099,1
003820.jpg,0,2,0.01711088791489601,0
003821.jpg,0,3,0.034358687698841095,0
003822.jpg,0,2,0.0541987307369709,0
003823.jpg,1,3,0.9828891754150391,1
003824.jpg,1,0,0.9410068988800049,1
003825.jpg,0,2,0.0445975735783577,0
003826.jpg,0,3,0.12710988521575928,0
003827.jpg,0,2,0.019050901755690575,0
003828.jpg,0,2,0.02779562398791313,0
003829.jpg,1,1,0.9649212956428528,1
003830.jpg,1,3,0.9549844264984131,1
003831.jpg,0,1,0.09235979616641998,0
003832.jpg,0,0,0.0401625856757164,0
003833.jpg,1,1,0.9862577319145203,1
003834.jpg,1,3,0.9501341581344604,1
003835.jpg,1,0,0.9150528311729431,1
003836.jpg,0,4,0.059866417199373245,0
003837.jpg,0,3,0.058560825884342194,0
003838.jpg,1,0,0.5393168330192566,1
003839.jpg,0,3,0.11516222357749939,0
003840.jpg,0,3,0.040769271552562714,0
003841.jpg,1,3,0.9884026646614075,1
003842.jpg,1,3,0.9691494703292847,1
003843.jpg,1,3,0.9710743427276611,1
003844.jpg,0,1,0.037256766110658646,0
003845.jpg,1,4,0.9803937673568726,1
003846.jpg,0,0,0.0650087296962738,0
003847.jpg,0,1,0.0792103260755539,0
003848.jpg,1,4,0.91804039478302,1
003849.jpg,1,3,0.9707987308502197,1
003850.jpg,0,1,0.021864555776119232,0
003851.jpg,1,3,0.916857123374939,1
003852.jpg,1,2,0.9765800833702087,1
003853.jpg,0,1,0.02964751049876213,0
003854.jpg,1,0,0.9493886232376099,1
003855.jpg,1,1,0.984752357006073,1
003856.jpg,0,0,0.04742587357759476,0
003857.jpg,1,4,0.9400236010551453,1
003858.jpg,0,4,0.03711691126227379,0
003859.jpg,1,1,0.9848692417144775,1
003860.jpg,0,4,0.05389915779232979,0
003861.jpg,0,2,0.03547750413417816,0
003862.jpg,0,1,0.033526163548231125,0
003863.jpg,1,4,0.8745065331459045,1
003864.jpg,0,1,0.03346293419599533,0
003865.jpg,0,2,0.007937993854284286,0
003866.jpg,1,3,0.9642541408538818,1
003867.jpg,1,4,0.9567959308624268,1
003868.jpg,1,0,0.9186264276504517,1
003869.jpg,0,2,0.020606476813554764,0
003870.jpg,1,0,0.920647144317627,1
003871.jpg,1,3,0.9256342649459839,1
003872.jpg,1,3,0.9698426127433777,1
003873.jpg,1,1,0.9412234425544739,1
003874.jpg,1,2,0.9763104915618896,1
003875.jpg,0,1,0.026056302711367607,0
003876.jpg,0,1,0.06717857718467712,0
003877.jpg,0,3,0.06536578387022018,0
003878.jpg,0,1,0.037892427295446396,0
003879.jpg,0,0,0.05510690063238144,0
003880.jpg,1,4,0.9796287417411804,1
003881.jpg,1,2,0.9528381824493408,1
003882.jpg,1,2,0.9159594178199768,1
003883.jpg,1,0,0.9170058369636536,1
003884.jpg,0,4,0.05033063143491745,0
003885.jpg,1,0,0.8794577121734619,1
003886.jpg,0,3,0.0905744731426239,0
003887.jpg,0,3,0.04115288704633713,0
003888.jpg,1,1,0.9836598634719849,1
003889.jpg,0,1,0.020527787506580353,0
003890.jpg,0,0,0.055720292031764984,0
003891.jpg,0,1,0.012383784167468548,0
003892.jpg,0,1,0.042245496064424515,0
003893.jpg,0,1,0.02157406695187092,0
003894.jpg,1,0,0.9094254970550537,1
003895.jpg,0,1,0.06233103200793266,0
003896.jpg,0,3,0.03416481614112854,0
003897.jpg,1,2,0.9824904799461365,1
003898.jpg,0,0,0.19482697546482086,0
003899.jpg,1,4,0.9793145656585693,1
003900.jpg,0,2,0.011244560591876507,0
003901.jpg,1,0,0.7836575508117676,1
003902.jpg,0,3,0.05033063143491745,0
003903.jpg,1,4,0.9921233057975769,1
003904.jpg,0,3,0.09518112242221832,0
003905.jpg,1,2,0.9797840118408203,1
003906.jpg,0,0,0.06779313087463379,0
003907.jpg,1,2,0.9808759689331055,1
003908.jpg,1,0,0.9161096215248108,1
003909.jpg,0,3,0.021125193685293198,0
003910.jpg,1,1,0.9830850958824158,1
003911.jpg,1,4,0.9734434485435486,1
003912.jpg,1,3,0.9476723670959473,1
003913.jpg,1,0,0.9111796617507935,1
003914.jpg,1,1,0.9711290597915649,1
003915.jpg,1,0,0.9130584001541138,1
003916.jpg,1,3,0.9613890647888184,1
003917.jpg,0,0,0.23423145711421967,0
003918.jpg,0,1,0.026607107371091843,0
003919.jpg,0,0,0.11318691074848175,0
003920.jpg,0,3,0.0468120314180851,0
003921.jpg,0,1,0.10743748396635056,0
003922.jpg,1,4,0.9540517926216125,1
003923.jpg,0,1,0.015306354500353336,0
003924.jpg,0,0,0.07185126841068268,0
003925.jpeg,0,4,0.05490385368466377,0
003926.jpg,0,4,0.06097517907619476,0
003927.jpg,1,0,0.8889517188072205,1
003928.jpg,0,3,0.053403329104185104,0
003929.jpg,1,0,0.7479842901229858,1
003930.jpg,0,1,0.0204885546118021,0
003931.jpg,0,4,0.13318955898284912,0
003932.jpg,0,3,0.042562730610370636,0
003933.jpg,0,0,0.07793768495321274,0
003934.jpg,1,0,0.8714748620986938,1
003935.jpg,1,1,0.9894702434539795,1
003936.jpg,1,1,0.988711953163147,1
003937.jpg,1,1,0.9776712656021118,1
003938.jpg,0,2,0.032344330102205276,0
003939.jpeg,1,1,0.9711290597915649,1
003940.jpg,1,3,0.9499486684799194,1
003941.jpg,0,1,0.029256708920001984,0
003942.jpg,1,4,0.9864678382873535,1
003943.jpg,0,4,0.058560825884342194,0
003944.jpg,1,3,0.9811307191848755,1
003945.jpg,1,0,0.9491063356399536,1
003946.jpg,0,4,0.509215235710144,0
003947.jpg,0,0,0.07696083933115005,0
003948.jpg,1,0,0.9419752359390259,1
003949.jpg,1,3,0.9267027974128723,1
003950.jpg,1,2,0.9663469791412354,1
003951.jpg,0,3,0.036700356751680374,0
003952.jpg,0,0,0.09551806002855301,0
003953.jpg,0,4,0.06656918674707413,0
003954.jpg,1,2,0.9808025360107422,1
003955.jpg,1,2,0.9818056225776672,1
003956.jpg,0,4,0.06596492975950241,0
003957.jpg,1,2,0.9696707129478455,1
003958.jpg,1,0,0.8980534672737122,1
003959.jpg,1,3,0.9771101474761963,1
003960.jpg,0,3,0.03384403511881828,0
003961.jpg,0,4,0.035678550601005554,0
003962.jpg,1,0,0.953880250453949,1
003963.jpg,1,1,0.9793145656585693,1
003964.jpg,1,1,0.9683213829994202,1
003965.jpg,1,0,0.8775817155838013,1
003966.jpg,0,2,0.008813166990876198,0
003967.jpg,0,0,0.05921025201678276,0
003968.jpg,0,0,0.09619516879320145,0
003969.jpg,0,1,0.02779562398791313,0
003970.jpg,1,2,0.972727358341217,1
003971.jpg,0,4,0.043936531990766525,0
003972.jpg,0,4,0.04107589274644852,0
003973.jpg,1,3,0.929440438747406,1
003974.jpg,1,4,0.6266955137252808,1
003975.jpg,1,4,0.96518474817276,1
003976.jpg,1,4,0.9383503198623657,1
003977.jpg,1,4,0.9680808186531067,1
003978.jpg,1,1,0.985042929649353,1
003979.jpg,1,1,0.9598374962806702,1
003980.jpg,0,3,0.03384403511881828,0
003981.jpg,1,3,0.9808025360107422,1
003982.jpg,1,1,0.9740919470787048,1
003983.jpg,1,2,0.985042929649353,1
003984.jpg,1,1,0.9071478247642517,1
003985.jpg,0,3,0.3647775650024414,0
003986.jpg,1,2,0.9428234100341797,1
003987.jpg,1,4,0.9672868847846985,1
003988.jpg,0,3,0.04552200436592102,0
003989.jpg,0,3,0.03403615206480026,0
003990.jpg,1,1,0.972933828830719,1
003991.jpg,0,3,0.06325051933526993,0
003992.jpg,0,3,0.05561761185526848,0
003993.jpg,1,3,0.972362220287323,1
003994.jpg,0,1,0.03608394414186478,0
003995.jpg,1,2,0.9878996014595032,1
003996.jpg,1,0,0.9426124691963196,1
003997.jpg,1,2,0.9049869179725647,1
003998.jpg,1,2,0.9579908847808838,1
003999.jpg,1,3,0.9259026646614075,1
004000.jpg,1,3,0.9522199034690857,1
004001.jpg,1,1,0.9706321954727173,1
004002.jpg,1,1,0.9807657599449158,1
004003.jpg,1,4,0.9312127232551575,1
004004.jpg,0,2,0.03868349641561508,0
004005.jpg,0,2,0.020371295511722565,0
004006.jpg,1,4,0.9525741338729858,1
004007.jpg,0,3,0.03561141714453697,0
004008.jpg,1,2,0.9832789301872253,1
004009.jpg,0,3,0.052618954330682755,0
004010.jpg,1,4,0.9879926443099976,1
004011.jpg,0,1,0.04153997078537941,0
004012.jpg,1,3,0.9885361194610596,1
004013.jpg,1,3,0.9099069833755493,1
004014.jpg,0,4,0.05953749269247055,0
004015.jpg,1,1,0.9605836272239685,1
004016.jpg,0,1,0.03963883966207504,0
004017.jpg,1,4,0.963711678981781,1
004018.jpg,0,1,0.05165378004312515,0
004019.jpg,0,2,0.017576880753040314,0
004020.jpg,1,0,0.97334223985672,1
004021.jpg,1,1,0.9734938144683838,1
004022.jpg,1,0,0.9621787071228027,1
004023.jpg,1,0,0.9282788634300232,1
004024.png,0,3,0.13161905109882355,0
004025.jpg,0,2,0.07821886986494064,0
004026.jpg,1,1,0.9872773289680481,1
004027.jpg,0,1,0.0360160693526268,0
004028.jpg,0,4,0.02931223064661026,0
004029.jpg,0,3,0.08404061198234558,0
004030.jpg,1,4,0.9901401400566101,1
004031.jpg,1,2,0.9840323328971863,1
004032.jpg,0,1,0.4797168970108032,0
004033.jpg,0,3,0.3534281849861145,0
004034.jpg,1,0,0.9320833086967468,1
004035.jpg,1,4,0.9782188534736633,1
004036.jpg,1,3,0.9800530076026917,1
004037.jpg,0,2,0.011732463724911213,0
004038.jpg,1,0,0.9273633360862732,1
004039.jpg,1,2,0.9808392524719238,1
004040.jpg,1,2,0.963230550289154,1
004041.jpg,1,0,0.9396923184394836,1
004042.jpg,1,4,0.98046875,1
004043.jpg,1,2,0.7784809470176697,1
004044.jpg,1,3,0.9660280346870422,1
004045.jpg,1,2,0.9862046241760254,1
004046.jpg,1,3,0.9694401025772095,1
004047.jpg,0,3,0.037892427295446396,0
004048.jpg,1,0,0.7279754281044006,1
004049.jpg,0,1,0.03825006261467934,0
004050.jpg,1,1,0.9696707129478455,1
004051.jpg,0,4,0.04031343758106232,0
004052.jpg,0,0,0.07423137128353119,0
004053.jpg,1,3,0.9537942409515381,1
004054.jpg,1,1,0.9806178212165833,1
004055.jpg,0,1,0.03796369582414627,0
004056.jpg,1,4,0.9872281551361084,1
004057.jpg,1,3,0.9843964576721191,1
004058.jpg,1,3,0.9820826053619385,1
004059.jpg,1,2,0.9652503728866577,1
004060.jpg,1,3,0.9213575720787048,1
004061.jpg,1,0,0.8942365646362305,1
004062.jpg,0,3,0.047074176371097565,0
004063.jpg,1,0,0.9448931217193604,1
004064.jpg,1,2,0.9817007184028625,1
004065.jpg,1,3,0.9590777158737183,1
004066.jpg,1,0,0.9674102663993835,1
004067.jpg,1,4,0.9837850332260132,1
004068.jpg,1,4,0.9706321954727173,1
004069.jpg,1,0,0.9322068691253662,1
004070.jpg,1,0,0.8971559405326843,1
004071.jpg,1,3,0.964655876159668,1
004072.jpg,1,3,0.9632996320724487,1
004073.jpg,0,4,0.16465072333812714,0
004074.jpg,0,0,0.04940524324774742,0
004075.jpg,0,1,0.06681232899427414,0
004076.jpg,1,3,0.9465966820716858,1
004077.jpg,1,4,0.8608377575874329,1
004078.jpg,1,2,0.974628746509552,1
004079.jpg,0,2,0.11981949955224991,0
004080.jpg,0,3,0.0445975735783577,0
004081.jpg,1,3,0.8792504668235779,1
004082.jpg,1,4,0.9851003289222717,1
004083.jpg,0,3,0.052618954330682755,0
004084.jpg,1,2,0.959307074546814,1
004085.jpg,0,2,0.05644402652978897,0
004086.jpg,0,4,0.023330770432949066,0
004087.jpg,0,3,0.12231338024139404,0
004088.jpg,0,1,0.06512754410505295,0
004089.jpg,0,4,0.04288223758339882,0
004090.jpg,0,1,0.030444350093603134,0
004091.jpg,1,3,0.9795114994049072,1
004092.jpg,1,4,0.9611709713935852,1
004093.jpg,0,3,0.12646116316318512,0
004094.jpg,0,2,0.03574581444263458,0
004095.jpg,1,4,0.9601374864578247,1
004096.jpg,1,4,0.9918121099472046,1
004097.jpg,0,4,0.06131153553724289,0
004098.jpg,1,0,0.791015088558197,1
004099.jpg,1,4,0.9795897603034973,1
004100.jpg,1,0,0.891999363899231,1
004101.jpg,1,3,0.9781771898269653,1
004102.jpg,0,3,0.0389750711619854,0
004103.jpg,0,0,0.07316472381353378,0
004104.jpg,0,0,0.14878776669502258,0
004105.jpg,1,3,0.9895513653755188,1
004106.jpg,1,4,0.9553191661834717,1
004107.jpg,0,1,0.04401864856481552,0
004108.jpg,1,4,0.9857181310653687,1
004109.jpg,0,1,0.7306743860244751,1
004110.jpg,1,4,0.9851576089859009,1
004111.jpg,0,3,0.028274601325392723,0
004112.jpg,0,3,0.1368389129638672,0
004113.jpg,1,2,0.9815597534179688,1
004114.jpg,0,2,0.02822098508477211,0
004115.jpg,1,4,0.9813465476036072,1
004116.jpg,0,1,0.024516336619853973,0
004117.jpeg,0,1,0.04742587357759476,0
004118.jpg,0,2,0.06371499598026276,0
004119.jpg,0,0,0.15140381455421448,0
004120.jpg,1,3,0.9209320545196533,1
004121.jpg,0,1,0.0586685985326767,0
004122.jpg,0,4,0.04099902883172035,0
004123.jpg,1,3,0.9803562164306641,1
004124.jpg,1,4,0.9833430051803589,1
004125.jpg,1,2,0.9468920826911926,1
004126.jpg,0,1,0.014337030239403248,0
004127.jpg,0,4,0.03185885399580002,0
004128.jpg,1,4,0.9852713346481323,1
004129.png,0,4,0.21518577635288239,0
004130.jpg,1,1,0.9648551344871521,1
004131.jpg,1,2,0.9607312679290771,1
004132.jpg,1,1,0.9799382090568542,1
004133.jpg,1,1,0.9647224545478821,1
004134.jpg,1,1,0.2538610100746155,0
004135.jpg,1,1,0.9787533283233643,1
004136.jpg,1,4,0.9547319412231445,1
004137.jpg,0,4,0.08882029354572296,0
004138.jpg,1,0,0.8541562557220459,1
004139.jpg,0,0,0.06075189635157585,0
004140.jpg,0,3,0.030386749655008316,0
004141.jpg,0,3,0.03963883966207504,0
004142.jpg,0,2,0.028652667999267578,0
004143.jpg,1,4,0.7804952263832092,1
004144.jpg,1,0,0.9493886232376099,1
004145.jpg,1,4,0.8828325867652893,1
004146.jpg,1,0,0.9149009585380554,1
004147.jpg,0,0,0.05877655744552612,0
004148.jpg,1,1,0.9623913168907166,1
004149.jpg,1,0,0.9627432227134705,1
004150.jpg,1,3,0.9447912573814392,1
004151.jpg,1,3,0.8737544417381287,1
004152.jpg,0,0,0.06198946014046669,0
004153.jpg,0,0,0.053009770810604095,0
004154.jpg,1,1,0.9711290597915649,1
004155.jpg,0,3,0.027585282921791077,0
004156.jpg,0,4,0.038756195455789566,0
004157.jpg,1,3,0.982624351978302,1
004158.jpg,0,1,0.026056302711367607,0
004159.jpg,1,0,0.9457011222839355,1
004160.jpg,0,0,0.10158944875001907,0
004161.jpg,1,1,0.9910838603973389,1
004162.jpg,1,3,0.9413313865661621,1
004163.jpg,1,4,0.9805060625076294,1
004164.jpg,0,1,0.0383940152823925,0
004165.jpg,1,1,0.9737945199012756,1
004166.jpg,0,2,0.021287353709340096,0
004167.jpg,1,4,0.9605836272239685,1
004168.jpg,1,0,0.980205237865448,1
004169.jpg,1,4,0.9785903096199036,1
004170.jpg,1,4,0.9799765348434448,1
004171.jpg,0,1,0.38902416825294495,0
004172.jpg,1,3,0.960212230682373,1
004173.jpg,0,3,0.042009059339761734,0
004174.jpg,1,0,0.8413047790527344,1
004175.jpg,0,2,0.03912165015935898,0
004176.jpg,0,0,0.0772387832403183,0
004177.jpg,1,0,0.9362850189208984,1
004178.jpg,1,1,0.9857181310653687,1
004179.jpg,1,0,0.8580061793327332,1
004180.jpg,1,2,0.9717254042625427,1
004181.jpg,1,4,0.9497627019882202,1
004182.jpg,1,4,0.9817706942558289,1
004183.jpg,1,0,0.9444848895072937,1
004184.jpg,0,2,0.016850078478455544,0
004185.jpg,1,2,0.9836598634719849,1
004186.jpg,1,2,0.9875203371047974,1
004187.jpg,0,4,0.11596072465181351,0
004188.jpg,1,2,0.9902915358543396,1
004189.jpg,0,0,0.04535258188843727,0
004190.jpg,1,2,0.9822876453399658,1
004191.jpg,1,1,0.9762653708457947,1
004192.jpeg,1,3,0.873214840888977,1
004193.jpg,1,2,0.9803562164306641,1
004194.jpg,0,0,0.05490385368466377,0
004195.jpg,0,1,0.043042849749326706,0
004196.jpg,1,1,0.9797840118408203,1
004197.jpg,0,2,0.0484059602022171,0
004198.jpg,1,0,0.9362850189208984,1
004199.jpg,0,0,0.05942821875214577,0
004200.jpg,1,0,0.7890712022781372,1
004201.jpg,0,3,0.05654813349246979,0
004202.jpg,1,4,0.9122800230979919,1
004203.jpg,1,4,0.9728823304176331,1
004204.jpg,1,0,0.8938665986061096,1
004205.jpg,0,4,0.026155617088079453,0
004206.jpg,1,0,0.9019206762313843,1
004207.jpg,0,2,0.07055959850549698,0
004208.jpg,1,3,0.9753431081771851,1
004209.jpg,0,2,0.010652512311935425,0
004210.jpg,0,2,0.023197626695036888,0
004211.jpg,1,3,0.9533619284629822,1
004212.jpg,0,3,0.04099902883172035,0
004213.jpg,1,4,0.986415684223175,1
004214.jpg,0,4,0.06548520922660828,0
004215.jpg,1,3,0.9621787071228027,1
004216.jpg,0,1,0.021822823211550713,0
004217.jpg,1,4,0.9495759606361389,1
004218.jpg,0,0,0.13161905109882355,0
004219.jpg,0,0,0.07558479905128479,0
004220.jpg,0,4,0.023241925984621048,0
004221.jpg,1,1,0.9870795607566833,1
004222.jpg,1,2,0.9482505321502686,1
004223.jpg,1,4,0.6294329762458801,1
004224.jpg,0,4,0.06754669547080994,0
004225.jpg,0,0,0.06336633861064911,0
004226.jpg,1,1,0.9810945987701416,1
004227.jpg,1,4,0.9893885254859924,1
004228.jpg,0,4,0.036908067762851715,0
004229.jpg,1,1,0.9873262047767639,1
004230.jpg,1,2,0.9543930292129517,1
004231.jpg,1,4,0.9856076240539551,1
004232.jpg,0,4,0.03390796110033989,0
004233.jpg,0,3,0.15623359382152557,0
004234.jpg,1,3,0.7409248948097229,1
004235.jpg,1,0,0.9209320545196533,1
004236.jpg,0,0,0.0948452427983284,0
004237.jpg,1,1,0.9820826053619385,1
004238.jpg,1,2,0.9618934392929077,1
004239.jpg,0,1,0.034423552453517914,0
004240.jpg,1,1,0.9854404330253601,1
004241.jpg,0,4,0.055310651659965515,0
004242.jpg,1,0,0.8625832796096802,1
004243.jpg,0,0,0.14977994561195374,0
004244.jpg,1,3,0.9772841930389404,1
004245.jpg,0,4,0.12220858037471771,0
004246.jpg,1,0,0.9485372304916382,1
004247.jpg,0,4,0.16871994733810425,0
004248.jpg,1,1,0.9364014267921448,1
004249.jpg,1,1,0.9824904799461365,1
004250.jpg,1,4,0.9051547646522522,1
004251.jpg,0,0,0.06210312619805336,0
004252.jpg,0,2,0.0204885546118021,0
004253.jpg,1,0,0.954562783241272,1
004254.jpg,1,1,0.970687747001648,1
004255.jpg,1,1,0.9827572107315063,1
004256.jpg,1,1,0.7900447845458984,1
004257.jpg,1,2,0.9898303151130676,1
004258.jpg,0,3,0.03608394414186478,0
004259.jpg,1,0,0.9348725080490112,1
004260.jpg,1,1,0.9844563603401184,1
004261.jpg,0,1,0.028167473152279854,0
004262.jpg,1,3,0.9606574773788452,1
004263.jpg,1,1,0.974821150302887,1
004264.jpg,1,0,0.8115267157554626,1
004265.jpg,1,0,0.9554024338722229,1
004266.jpg,0,1,0.0384661927819252,0
004267.jpg,1,2,0.9816303849220276,1
004268.jpg,0,1,0.020100237801671028,0
004269.jpg,0,0,0.037047166377305984,0
004270.jpg,1,2,0.9862577319145203,1
004271.jpg,0,4,0.036838702857494354,0
004272.jpg,0,0,0.13799647986888885,0
004273.jpg,0,3,0.029535338282585144,0
004274.jpg,1,0,0.9038048982620239,1
004275.jpg,1,2,0.9862577319145203,1
004276.jpg,1,3,0.9508692026138306,1
004277.jpg,0,4,0.03289904072880745,0
004278.jpg,1,2,0.9824230670928955,1
004279.jpg,1,2,0.9639160633087158,1
004280.jpg,1,1,0.9770664572715759,1
004281.jpg,0,1,0.024798156693577766,0
004282.jpg,1,3,0.9708540439605713,1
004283.jpg,1,1,0.9820137619972229,1
004284.jpg,1,0,0.8767399787902832,1
004285.jpg,0,2,0.017712298780679703,0
004286.jpg,1,2,0.9707432389259338,1
004287.jpg,0,1,0.028544150292873383,0
004288.jpg,1,1,0.9835969805717468,1
004289.jpg,0,1,0.033148519694805145,0
004290.jpg,0,1,0.1141708493232727,0
004291.jpg,1,3,0.5588988661766052,1
004292.jpg,0,4,0.023109277710318565,0
004293.jpg,0,2,0.027324529364705086,0
004294.jpg,0,4,0.03494669497013092,0
004295.jpg,0,1,0.016029147431254387,0
004296.jpg,0,2,0.03191915154457092,0
004297.jpg,1,2,0.9805060625076294,1
004298.jpg,0,3,0.05023736134171486,0
004299.jpg,1,4,0.9640516638755798,1
004300.jpg,0,4,0.043204035609960556,0
004301.jpg,0,4,0.043936531990766525,0
004302.jpg,1,4,0.9527502655982971,1
004303.jpg,0,0,0.13568955659866333,0
004304.jpg,0,3,0.03541072830557823,0
004305.jpg,0,0,0.12852515280246735,0
004306.jpg,0,1,0.026455776765942574,0
004307.jpg,0,1,0.024145422503352165,0
004308.jpg,1,4,0.9749646186828613,1
004309.jpg,1,0,0.9167081117630005,1
004310.jpg,1,2,0.9196425676345825,1
004311.jpg,0,1,0.030214587226510048,0
004312.jpg,0,0,0.04940524324774742,0
004313.jpg,0,0,0.05942821875214577,0
004314.jpg,0,0,0.05899302288889885,0
004315.jpg,0,3,0.05389915779232979,0
004316.jpg,0,2,0.02881619706749916,0
004317.jpg,0,4,0.024283869192004204,0
004318.jpg,0,2,0.13330236077308655,0
004319.jpg,1,2,0.9618217349052429,1
004320.jpg,0,2,0.07369627058506012,0
004321.jpg,0,2,0.015130727551877499,0
004322.jpg,0,3,0.07668380439281464,0
004323.jpg,1,4,0.9064877033233643,1
004324.jpg,1,2,0.9828232526779175,1
004325.jpg,1,0,0.8775817155838013,1
004326.jpg,1,4,0.9684410095214844,1
004327.jpg,1,0,0.9446893334388733,1
004328.jpg,1,3,0.9210741519927979,1
004329.jpg,1,2,0.956308901309967,1
004330.jpg,0,4,0.02585877664387226,0
004331.jpg,1,4,0.9401335716247559,1
004332.jpg,0,4,0.045777272433042526,0
004333.jpg,0,4,0.06210312619805336,0
004334.jpg,0,4,0.04069295525550842,0
004335.jpg,1,0,0.9401335716247559,1
004336.jpg,0,3,0.023065226152539253,0
004337.jpg,0,3,0.06816437095403671,0
004338.jpg,0,4,0.02600678615272045,0
004339.jpg,0,1,0.03191915154457092,0
004340.jpg,1,4,0.9520419239997864,1
004341.jpg,1,1,0.8689380288124084,1
004342.jpg,0,3,0.7335473299026489,1
004343.png,0,3,0.15974101424217224,0
004344.jpg,1,1,0.7223312258720398,1
004345.jpg,0,3,0.03919513523578644,0
004346.jpg,0,3,0.03191915154457092,0
004347.jpg,0,2,0.11838509887456894,0
004348.jpg,1,2,0.9674717783927917,1
004349.jpg,1,3,0.9806178212165833,1
004350.jpg,1,3,0.9534487724304199,1
004351.jpg,1,1,0.9849852323532104,1
004352.jpg,0,1,0.03861093148589134,0
004353.jpg,0,4,0.03588069602847099,0
004354.jpg,0,2,0.07068780064582825,0
004355.jpg,1,4,0.9865716695785522,1
004356.jpg,1,0,0.8521990180015564,1
004357.jpg,0,3,0.03474962338805199,0
004358.jpg,0,0,0.3789186179637909,0
004359.jpg,0,4,0.04698663949966431,0
004360.jpg,0,0,0.0593191459774971,0
004361.jpg,0,0,0.13330236077308655,0
004362.jpg,0,1,0.04031343758106232,0
004363.jpg,1,4,0.9820826053619385,1
004364.jpg,1,3,0.9094254970550537,1
004365.jpg,1,3,0.9625324606895447,1
004366.jpg,0,4,0.03397199884057045,0
004367.jpg,1,3,0.9740919470787048,1
004368.jpg,0,4,0.03926875442266464,0
004369.jpg,0,0,0.18624301254749298,0
004370.jpg,0,0,0.07211221009492874,0
004371.jpg,1,1,0.9769347906112671,1
004372.jpg,0,3,0.04352813959121704,0
004373.jpg,1,2,0.9174507260322571,1
004374.jpg,0,2,0.015247589908540249,0
004375.jpg,1,2,0.9775429368019104,1
004376.jpg,0,1,0.09756221622228622,0
004377.jpg,0,0,0.04620574787259102,0
004378.jpg,1,1,0.9774138927459717,1
004379.jpg,0,2,0.026810195297002792,0
004380.jpg,0,4,0.025419652462005615,0
004381.jpg,0,1,0.014899643138051033,0
004382.jpg,1,2,0.9630224108695984,1
004383.jpg,1,2,0.9846346974372864,1
004384.jpg,0,0,0.09518112242221832,0
004385.jpg,1,0,0.9099069833755493,1
004386.jpg,1,4,0.9706321954727173,1
004387.jpg,1,4,0.9505029916763306,1
004388.jpg,1,1,0.9896718263626099,1
004389.jpg,1,2,0.970520555973053,1
004390.jpg,1,3,0.8866168856620789,1
004391.jpg,1,4,0.9817357659339905,1
004392.jpg,1,3,0.9604353904724121,1
004393.jpg,1,2,0.9797065258026123,1
004394.jpg,0,1,0.02806073985993862,0
004395.jpg,1,3,0.9668514132499695,1
004396.jpg,0,0,0.8838388919830322,1
004397.jpg,0,1,0.02437659725546837,0
004398.jpg,0,3,0.036356665194034576,0
004399.jpg,0,0,0.2458084672689438,0
004400.jpg,1,3,0.9880849719047546,1
004401.jpg,1,4,0.8949732184410095,1
004402.jpg,1,3,0.933552086353302,1
004403.jpg,0,2,0.034423552453517914,0
004404.jpg,1,2,0.975296139717102,1
004405.jpg,1,2,0.9566342234611511,1
004406.jpg,0,3,0.07055959850549698,0
004407.jpg,1,0,0.975623369216919,1
004408.jpg,0,2,0.014559519477188587,0
004409.jpg,1,4,0.9623913168907166,1
004410.jpg,0,1,0.01711088791489601,0
004411.jpg,0,2,0.021206121891736984,0
004412.jpg,0,3,0.03919513523578644,0
004413.jpg,1,0,0.9202179908752441,1
004414.jpg,0,3,0.03346293419599533,0
004415.jpg,1,2,0.9761291742324829,1
004416.jpg,0,4,0.046899255365133286,0
004417.jpg,1,0,0.9084556102752686,1
004418.jpg,0,1,0.03222229704260826,0
004419.jpg,1,3,0.7525585293769836,1
004420.jpg,1,4,0.9707432389259338,1
004421.jpg,0,0,0.08993300795555115,0
004422.jpg,1,1,0.9817706942558289,1
004423.jpg,1,2,0.9763556718826294,1
004424.jpg,1,2,0.9904035329818726,1
004425.jpg,0,4,0.02203226462006569,0
004426.jpg,1,3,0.966156005859375,1
004427.jpg,0,4,0.08678673207759857,0
004428.jpg,0,3,0.05399883911013603,0
004429.jpg,0,4,0.042009059339761734,0
004430.jpg,1,0,0.8691603541374207,1
004431.jpg,0,2,0.01829933375120163,0
004432.jpg,1,3,0.9832144975662231,1
004433.jpg,1,3,0.9753900170326233,1
004434.jpg,1,3,0.9932287931442261,1
004435.jpg,1,3,0.9924227595329285,1
004436.jpg,0,2,0.0398624911904335,0
004437.jpg,1,3,0.9913892149925232,1
004438.jpg,0,3,0.040769271552562714,0
004439.jpg,1,3,0.9792352318763733,1
004440.jpg,0,4,0.02876158617436886,0
004441.jpg,1,4,0.9296960830688477,1
004442.jpg,1,0,0.922062337398529,1
004443.jpg,1,0,0.9248236417770386,1
004444.jpg,0,4,0.09807931631803513,0
004445.jpg,1,0,0.8622356653213501,1
004446.jpg,1,0,0.9506864547729492,1
004447.jpg,0,4,0.017176708206534386,0
004448.jpg,1,3,0.9476723670959473,1
004449.jpg,1,1,0.9222025275230408,1
004450.jpg,0,4,0.050051309168338776,0
004451.jpg,1,3,0.9817357659339905,1
004452.jpg,1,0,0.8824278712272644,1
004453.jpg,1,1,0.9866234660148621,1
004454.jpg,1,0,0.929951012134552,1
004455.jpg,0,1,0.03803509101271629,0
004456.jpg,1,3,0.9805060625076294,1
004457.jpg,1,1,0.985042929649353,1
004458.jpg,0,3,0.05942821875214577,0
004459.jpg,0,2,0.02849004603922367,0
004460.jpg,0,3,0.04031343758106232,0
004461.jpg,0,2,0.018941707909107208,0
004462.jpg,1,0,0.9226218461990356,1
004463.jpg,1,3,0.9728307723999023,1
004464.jpg,1,3,0.898944079875946,1
004465.jpg,0,3,0.03289904072880745,0
004466.jpg,1,3,0.967100977897644,1
004467.jpg,1,1,0.9841545820236206,1
004468.jpg,0,2,0.04603390395641327,0
004469.jpg,1,1,0.9765353798866272,1
004470.jpg,0,3,0.13857832551002502,0
004471.jpg,1,4,0.9843964576721191,1
004472.jpg,0,0,0.07477004826068878,0
004473.jpg,1,3,0.9757161140441895,1
004474.jpg,0,1,0.029479410499334335,0
004475.jpg,0,4,0.02859835885465145,0
004476.jpg,1,1,0.9741412401199341,1
004477.jpg,0,3,0.05291181057691574,0
004478.jpg,0,0,0.04760265722870827,0
004479.jpg,0,2,0.06644792854785919,0
004480.jpg,0,4,0.0326513797044754,0
004481.jpg,0,0,0.045268092304468155,0
004482.jpg,1,2,0.9844563603401184,1
004483.jpg,0,0,0.07640768587589264,0
004484.jpg,0,4,0.022457052022218704,0
004485.jpg,0,2,0.027324529364705086,0
004486.jpg,0,3,0.04280214384198189,0
004487.jpg,1,0,0.9525741338729858,1
004488.jpg,0,3,0.26645269989967346,0
004489.jpg,1,4,0.9870296716690063,1
004490.jpg,0,3,0.041617803275585175,0
004491.jpg,1,0,0.8927496671676636,1
004492.jpg,0,1,0.03663136437535286,0
004493.jpg,0,0,0.32777589559555054,0
004494.jpg,1,4,0.9889278411865234,1
004495.jpg,0,0,0.0832919254899025,0
004496.jpg,1,3,0.957833468914032,1
004497.jpg,1,3,0.9826908707618713,1
004498.jpg,1,2,0.9897909760475159,1
004499.jpg,1,4,0.9630224108695984,1
004500.jpg,0,0,0.05480259656906128,0
004501.jpg,1,1,0.9032942056655884,1
004502.jpg,1,2,0.9859364032745361,1
004503.jpg,0,0,0.03868349641561508,0
004504.jpg,1,3,0.9610249400138855,1
004505.jpg,0,2,0.029816539958119392,0
004506.jpg,1,1,0.9800149202346802,1
004507.jpg,0,4,0.01737566478550434,0
004508.jpg,1,3,0.911337673664093,1
004509.jpg,0,3,0.10158944875001907,0
004510.jpg,0,1,0.02190636470913887,0
004511.jpg,1,1,0.9700703024864197,1
004512.jpg,0,3,0.03240552172064781,0
004513.jpg,1,4,0.9774571061134338,1
004514.jpg,0,2,0.034618839621543884,0
004515.jpg,1,0,0.9430335760116577,1
004516.jpg,1,4,0.9891815781593323,1
004517.jpg,1,4,0.4081588387489319,0
004518.jpg,1,4,0.9834068417549133,1
004519.jpg,1,3,0.9343951344490051,1
004520.jpg,0,0,0.3563346564769745,0
004521.jpg,1,1,0.9840936064720154,1
004522.jpg,1,3,0.9893062710762024,1
004523.jpg,0,2,0.040616780519485474,0
004524.jpg,0,4,0.020567096769809723,0
004525.jpg,1,4,0.9150528311729431,1
004526.jpg,0,3,0.057705316692590714,0
004527.jpg,1,0,0.7784809470176697,1
004528.jpg,1,0,0.8910549879074097,1
004529.jpg,1,4,0.9927391409873962,1
004530.jpg,1,4,0.9723097085952759,1
004531.jpg,1,1,0.975669801235199,1
004532.jpg,1,0,0.8714748620986938,1
004533.jpg,0,2,0.01353214867413044,0
004534.jpg,1,3,0.9609517455101013,1
004535.jpg,1,1,0.9434518814086914,1
004536.jpg,0,0,0.03796369582414627,0
004537.jpg,1,0,0.9516838788986206,1
004538.jpg,1,1,0.9549003839492798,1
004539.jpg,0,3,0.03527754545211792,0
004540.jpg,0,3,0.042562730610370636,0
004541.jpg,1,0,0.93475341796875,1
004542.jpg,1,3,0.9899086952209473,1
004543.jpg,1,4,0.8264318704605103,1
004544.jpg,1,1,0.9797453284263611,1
004545.jpg,1,3,0.9788343906402588,1
004546.jpg,1,4,0.9638481140136719,1
004547.jpg,0,1,0.12797923386096954,0
004548.jpg,0,4,0.06406543403863907,0
004549.jpg,0,1,0.06560484319925308,0
004550.jpg,1,3,0.9245515465736389,1
004551.jpg,0,1,0.031084951013326645,0
004552.jpg,0,2,0.02044939436018467,0
004553.jpg,1,2,0.966092050075531,1
004554.jpg,0,2,0.01923426054418087,0
004555.jpg,1,0,0.8738621473312378,1
004556.jpg,1,2,0.9733928442001343,1
004557.jpg,1,2,0.975623369216919,1
004558.jpg,0,2,0.014728614129126072,0
004559.jpg,0,4,0.04552200436592102,0
004560.jpg,0,1,0.04001227021217346,0
004561.jpg,0,0,0.06052939593791962,0
004562.jpg,1,2,0.9795114994049072,1
004563.jpg,0,0,0.3302551507949829,0
004564.jpg,0,2,0.01971912942826748,0
004565.jpg,1,4,0.9751545190811157,1
004566.jpg,1,1,0.9737446904182434,1
004567.jpg,0,2,0.28239402174949646,0
004568.jpg,0,1,0.05813159793615341,0
004569.jpg,0,1,0.07120273262262344,0
004570.jpg,1,4,0.9731897711753845,1
004571.jpg,1,0,0.8635067343711853,1
004572.jpg,0,3,0.02655657008290291,0
004573.jpg,1,3,0.7890712022781372,1
004574.jpg,1,0,0.9403530955314636,1
004575.jpg,1,0,0.9597620368003845,1
004576.jpg,1,1,0.9928508996963501,1
004577.jpg,1,1,0.8834372758865356,1
004578.jpg,1,1,0.8613050580024719,1
004579.jpg,1,1,0.9509603977203369,1
004580.jpg,1,1,0.9675332307815552,1
004581.jpg,1,4,0.9714558720588684,1
004582.jpg,0,2,0.0844927504658699,0
004583.jpg,1,1,0.9833430051803589,1
004584.jpg,0,2,0.017712298780679703,0
004585.jpg,0,1,0.04248321056365967,0
004586.jpg,1,0,0.9431384205818176,1
004587.jpg,0,3,0.5017013549804688,0
004588.jpg,1,3,0.9785493016242981,1
004589.jpg,1,2,0.8830344080924988,1
004590.jpg,0,4,0.057918090373277664,0
004591.jpg,0,3,0.1063188686966896,0
004592.jpg,1,2,0.9837850332260132,1
004593.jpg,0,1,0.13857832551002502,0
004594.jpg,0,4,0.02790137566626072,0
004595.jpg,0,2,0.42274293303489685,0
004596.jpg,0,1,0.023509452119469643,0
004597.jpg,1,0,0.9322068691253662,1
004598.jpg,1,3,0.9655764698982239,1
004599.jpg,1,4,0.9874235987663269,1
004600.jpg,0,0,0.7969253659248352,1
004601.jpg,1,2,0.9728823304176331,1
004602.jpg,1,1,0.9754368662834167,1
004603.jpg,0,4,0.09999630600214005,0
004604.jpg,1,1,0.9792749285697937,1
004605.jpg,1,1,0.9892648458480835,1
004606.jpg,0,3,0.053403329104185104,0
004607.jpg,0,0,0.17809657752513885,0
004608.jpg,0,3,0.08834723383188248,0
004609.jpg,0,4,0.053304679691791534,0
004610.jpg,1,4,0.9641192555427551,1
004611.jpg,1,3,0.9897116422653198,1
004612.jpg,0,3,0.10017221421003342,0
004613.jpg,0,2,0.06928940862417221,0
004614.jpg,1,2,0.9735944867134094,1
004615.jpg,1,3,0.9788343906402588,1
004616.jpg,0,4,0.06632687151432037,0
004617.jpg,0,3,0.026759279891848564,0
004618.jpg,0,2,0.047691281884908676,0
004619.jpg,1,3,0.9558166265487671,1
004620.jpg,1,1,0.9458011984825134,1
004621.jpg,0,4,0.04092230647802353,0
004622.jpg,1,4,0.9400236010551453,1
004623.jpg,1,1,0.9759005904197693,1
004624.jpg,1,1,0.9900636076927185,1
004625.jpg,1,2,0.9412234425544739,1
004626.jpg,1,1,0.9840936064720154,1
004627.jpg,0,2,0.03277498483657837,0
004628.jpg,0,0,0.24454335868358612,0
004629.jpg,1,1,0.9858821630477905,1
004630.jpg,0,4,0.03197956085205078,0
004631.jpg,1,3,0.8740772008895874,1
004632.jpg,1,0,0.824603259563446,1
004633.jpg,1,3,0.9684410095214844,1
004634.jpg,0,2,0.08993300795555115,0
004635.jpg,1,3,0.9596865773200989,1
004636.jpg,1,1,0.9808759689331055,1
004637.jpg,0,3,0.043365802615880966,0
004638.jpg,0,2,0.02561391517519951,0
004639.jpg,1,1,0.9863104820251465,1
004640.jpg,1,0,0.8978744745254517,1
004641.jpg,1,1,0.9777563810348511,1
004642.jpg,1,3,0.9155072569847107,1
004643.jpg,1,4,0.9845160245895386,1
004644.jpg,1,1,0.9783433079719543,1
004645.jpg,1,1,0.9817007184028625,1
004646.jpg,1,4,0.7816640734672546,1
004647.jpg,0,1,0.02241421677172184,0
004648.jpg,1,4,0.9767580628395081,1
004649.jpg,1,4,0.961605966091156,1
004650.jpg,0,2,0.022542964667081833,0
004651.jpg,1,4,0.8449215292930603,1
004652.jpg,1,0,0.896251380443573,1
004653.jpg,0,1,0.0511774942278862,0
004654.jpg,1,4,0.9601374864578247,1
004655.jpg,1,1,0.3906501829624176,0
004656.jpg,0,4,0.022201230749487877,0
004657.jpg,1,1,0.9807657599449158,1
004658.jpg,0,3,0.1564912348985672,0
004659.jpg,0,3,0.03346293419599533,0
004660.jpg,0,4,0.034100428223609924,0
004661.jpg,1,2,0.9863631129264832,1
004662.jpg,0,1,0.03197956085205078,0
004663.jpg,1,2,0.8586000204086304,1
004664.jpg,1,2,0.9625324606895447,1
004665.jpg,1,3,0.9524857997894287,1
004666.jpg,1,2,0.9783847332000732,1
004667.jpg,1,1,0.746508777141571,1
004668.jpg,0,1,0.0991208553314209,0
004669.jpg,0,1,0.024516336619853973,0
004670.jpg,0,3,0.019946934655308723,0
004671.jpg,0,4,0.04629189893603325,0
004672.jpg,0,1,0.021739594638347626,0
004673.jpg,0,0,0.09434341639280319,0
004674.jpg,0,1,0.02280263788998127,0
004675.jpg,1,4,0.977022647857666,1
004676.jpg,1,0,0.6956482529640198,1
004677.jpg,1,3,0.9066531658172607,1
004678.jpg,1,4,0.8708171844482422,1
004679.jpg,1,2,0.9841545820236206,1
004680.jpg,0,1,0.08494710177183151,0
004681.jpg,0,3,0.05738753825426102,0
004682.jpg,0,3,0.08570928126573563,0
004683.jpg,1,4,0.6850020289421082,1
004684.jpg,1,1,0.9718325734138489,1
004685.jpg,0,0,0.15687833726406097,0
004686.jpg,0,2,0.04484790563583374,0
004687.jpg,0,1,0.02498779445886612,0
004688.jpg,0,0,0.14475229382514954,0
004689.jpg,1,3,0.9469902515411377,1
004690.jpg,1,2,0.9736947417259216,1
004691.jpg,1,2,0.9161096215248108,1
004692.jpg,0,0,0.05592617020010948,0
004693.jpg,0,3,0.13106197118759155,0
004694.jpg,1,2,0.9099069833755493,1
004695.jpg,0,4,0.22017472982406616,0
004696.jpg,1,4,0.6176279783248901,1
004697.jpg,0,0,0.04586266353726387,0
004698.jpg,0,2,0.02460992895066738,0
004699.jpg,1,3,0.9817007184028625,1
004700.jpg,0,2,0.014559519477188587,0
004701.jpg,1,4,0.9771973490715027,1
004702.jpg,1,0,0.9505947232246399,1
004703.jpg,0,0,0.06853749603033066,0
004704.jpg,0,0,0.06359857320785522,0
004705.jpg,1,4,0.9399133324623108,1
004706.jpg,0,1,0.09894659370183945,0
004707.jpg,0,4,0.09964530169963837,0
004708.jpg,0,3,0.03711691126227379,0
004709.jpg,0,0,0.09041372686624527,0
004710.jpg,1,4,0.9854404330253601,1
004711.jpg,1,3,0.9537942409515381,1
004712.jpg,1,2,0.9649873375892639,1
004713.jpg,0,2,0.014172366820275784,0
004714.jpg,0,1,0.026657739654183388,0
004715.jpg,0,4,0.0360160693526268,0
004716.jpg,1,4,0.9462003111839294,1
004717.jpg,0,4,0.05310790240764618,0
004718.jpg,1,3,0.9369805455207825,1
004719.jpg,1,4,0.968678891658783,1
004720.jpg,0,3,0.05370030552148819,0
004721.jpg,0,4,0.049958519637584686,0
004722.jpg,1,2,0.9342753291130066,1
004723.jpg,0,1,0.01678548939526081,0
004724.jpg,1,2,0.9802431464195251,1
004725.jpg,1,4,0.9884026646614075,1
004726.jpg,0,0,0.10913478583097458,0
004727.jpg,1,3,0.9837850332260132,1
004728.jpg,0,3,0.04885777831077576,0
004729.jpg,0,3,0.051082734018564224,0
004730.jpg,1,0,0.896251380443573,1
004731.jpg,0,4,0.043691061437129974,0
004732.jpg,1,2,0.9534487724304199,1
004733.jpg,1,3,0.7994423508644104,1
004734.jpg,1,1,0.9821512699127197,1
004735.jpg,1,2,0.9691494703292847,1
004736.jpg,1,3,0.9832789301872253,1
004737.jpg,0,0,0.1619819700717926,0
004738.jpg,0,0,0.07316472381353378,0
004739.jpg,1,3,0.9665370583534241,1
004740.jpg,0,0,0.07055959850549698,0
004741.jpg,0,2,0.029873091727495193,0
004742.jpeg,0,1,0.02898062951862812,0
004743.jpg,1,4,0.9764904975891113,1
004744.jpg,0,2,0.08897849172353745,0
004745.jpg,0,3,0.1458437740802765,0
004746.jpg,0,3,0.0616496242582798,0
004747.jpg,1,1,0.9862577319145203,1
004748.jpg,1,0,0.8426043391227722,1
004749.jpg,0,1,0.05561761185526848,0
004750.jpeg,0,0,0.10594828426837921,0
004751.jpg,1,4,0.9933330416679382,1
004752.jpg,0,1,0.0593191459774971,0
004753.jpg,0,0,0.22202469408512115,0
004754.jpg,0,0,0.04931360110640526,0
004755.jpg,1,3,0.9587699174880981,1
004756.jpg,1,4,0.9709643721580505,1
004757.jpeg,0,2,0.03574581444263458,0
004758.jpg,0,0,0.16586315631866455,0
004759.jpg,1,3,0.9831499457359314,1
004760.jpg,0,4,0.09964530169963837,0
004761.jpg,0,2,0.02722090110182762,0
004762.jpg,1,0,0.8737544417381287,1
004763.jpg,1,3,0.972151517868042,1
004764.jpg,0,1,0.01901443488895893,0
004765.jpg,1,0,0.8629302382469177,1
004766.jpg,1,1,0.9853278994560242,1
004767.jpg,1,3,0.8951566815376282,1
004768.jpg,1,4,0.9937829375267029,1
004769.jpg,0,4,0.044431429356336594,0
004770.jpg,0,1,0.057705316692590714,0
004771.jpg,1,4,0.8523219227790833,1
004772.jpg,0,2,0.017309095710515976,0
004773.jpg,0,0,0.1201288029551506,0
004774.jpg,1,3,0.9872281551361084,1
004775.jpg,0,1,0.019681409001350403,0
004776.jpg,1,0,0.8530579209327698,1
004777.jpg,1,3,0.9272316098213196,1
004778.jpg,0,4,0.0389750711619854,0
004779.jpg,1,3,0.9872773289680481,1
004780.jpeg,0,2,0.05223086103796959,0
004781.jpg,0,2,0.013020490296185017,0
004782.jpg,1,4,0.9734938144683838,1
004783.jpg,1,1,0.9893474578857422,1
004784.jpg,0,3,0.03739713504910469,0
004785.jpg,0,3,0.02806073985993862,0
004786.jpg,1,4,0.40975210070610046,0
004787.jpg,1,0,0.9702962636947632,1
004788.jpg,1,3,0.9802808165550232,1
004789.jpg,0,0,0.05997643992304802,0
004790.jpg,1,4,0.985496461391449,1
004791.jpeg,0,0,0.04603390395641327,0
004792.jpg,0,1,0.0626743733882904,0
004793.jpg,1,1,0.9796676635742188,1
004794.jpg,0,3,0.11818140745162964,0
004795.jpg,0,2,0.0398624911904335,0
004796.jpg,1,3,0.95735764503479,1
004797.jpg,1,2,0.9735442399978638,1
004798.jpg,1,0,0.8951566815376282,1
004799.jpg,1,1,0.966092050075531,1
004800.jpg,1,0,0.8873999118804932,1
004801.jpg,0,2,0.010529712773859501,0
004802.jpg,0,3,0.057599205523729324,0
004803.jpg,1,2,0.9709092378616333,1
004804.jpg,0,4,0.04401864856481552,0
004805.jpg,1,3,0.9170058369636536,1
004806.jpg,0,3,0.03521113842725754,0
004807.jpg,1,3,0.6062070727348328,1
004808.jpg,0,3,0.039564553648233414,0
004809.jpg,0,0,0.08374040573835373,0
004810.jpg,0,0,0.0634823590517044,0
004811.jpg,0,0,0.06441766768693924,0
004812.jpg,0,1,0.03138043358922005,0
004813.jpg,1,1,0.9356999397277832,1
004814.jpg,0,3,0.03191915154457092,0
004815.jpg,0,1,0.026657739654183388,0
004816.jpg,1,2,0.9493886232376099,1
004817.jpg,1,3,0.9903290271759033,1
004818.jpg,1,1,0.987616240978241,1
004819.jpg,1,3,0.9432430863380432,1
004820.jpg,0,3,0.02779562398791313,0
004821.jpg,0,1,0.06394842267036438,0
004822.jpg,1,0,0.8598991632461548,1
004823.jpg,0,1,0.034100428223609924,0
004824.jpg,1,2,0.9710743427276611,1
004825.jpg,1,0,0.9274948239326477,1
004826.jpg,0,1,0.007846239022910595,0
004827.jpeg,0,0,0.13341522216796875,0
004828.jpg,1,0,0.9559813141822815,1
004829.jpg,0,1,0.0838903859257698,0
004830.jpg,0,1,0.032466813921928406,0
004831.jpg,1,3,0.9761291742324829,1
004832.jpg,1,3,0.9290551543235779,1
004833.jpg,1,0,0.911337673664093,1
004834.jpg,0,3,0.12646116316318512,0
004835.jpg,1,1,0.9839090704917908,1
004836.jpg,0,4,0.048496000468730927,0
004837.jpg,1,0,0.948441743850708,1
004838.jpg,0,3,0.023779986426234245,0
004839.jpg,1,0,0.9547319412231445,1
004840.jpg,0,2,0.024423090741038322,0
004841.jpg,0,2,0.037047166377305984,0
004842.jpg,1,1,0.9693822264671326,1
004843.jpg,0,2,0.03179866820573807,0
004844.jpg,1,3,0.9871788024902344,1
004845.jpg,1,3,0.9384632706642151,1
004846.jpg,1,1,0.9779256582260132,1
004847.jpg,0,0,0.1114344596862793,0
004848.jpg,0,3,0.09739040583372116,0
004849.jpg,0,4,0.24635200202465057,0
004850.jpg,0,1,0.04922211542725563,0
004851.jpg,1,0,0.9367494583129883,1
004852.jpg,0,2,0.018440209329128265,0
004853.jpg,0,1,0.021165620535612106,0
004854.jpg,1,0,0.9012274742126465,1
004855.jpg,1,2,0.9744347929954529,1
004856.jpg,0,3,0.0271176565438509,0
004857.jpg,0,0,0.09025323390960693,0
004858.jpg,1,4,0.9565531015396118,1
004859.jpg,1,0,0.9596109390258789,1
004860.jpg,0,2,0.01805533468723297,0
004861.jpg,1,3,0.8693822026252747,1
004862.jpg,0,4,0.03468417376279831,0
004863.jpg,1,4,0.9859364032745361,1
004864.jpg,1,0,0.9253649115562439,1
004865.jpg,0,4,0.054098695516586304,0
004866.jpg,0,3,0.5038756728172302,0
004867.jpg,0,4,0.02964751049876213,0
004868.jpg,0,2,0.8875949382781982,1
004869.jpg,1,3,0.9362850189208984,1
004870.jpg,1,4,0.9820826053619385,1
004871.jpg,0,4,0.0443485863506794,0
004872.jpg,0,0,0.1651887148618698,0
004873.jpg,0,2,0.014063626527786255,0
004874.jpg,1,0,0.9519526958465576,1
004875.jpg,1,1,0.8714748620986938,1
004876.jpg,1,2,0.9334307909011841,1
004877.jpg,1,3,0.9654463529586792,1
004878.jpg,1,2,0.9298236966133118,1
004879.jpg,0,2,0.018404891714453697,0
004880.jpg,0,4,0.7352616786956787,1
004881.jpg,0,3,0.043936531990766525,0
004882.jpg,1,4,0.9794329404830933,1
004883.jpg,1,2,0.9782188534736633,1
004884.jpg,0,2,0.023464659228920937,0
004885.jpg,1,2,0.986929178237915,1
004886.jpg,1,0,0.7568970322608948,1
004887.jpg,1,1,0.980205237865448,1
004888.jpg,0,1,0.11616110056638718,0
004889.jpg,1,2,0.9473810195922852,1
004890.jpg,0,4,0.07172112911939621,0
004891.jpg,1,0,0.9511421918869019,1
004892.jpg,0,3,0.3172147274017334,0
004893.jpg,0,1,0.052327629178762436,0
004894.jpg,1,0,0.8661325573921204,1
004895.jpg,0,4,0.501032829284668,0
004896.jpg,1,3,0.9656413197517395,1
004897.jpg,0,2,0.016850078478455544,0
004898.jpg,0,3,0.039564553648233414,0
004899.jpg,0,2,0.018020739778876305,0
004900.jpg,0,3,0.04248321056365967,0
004901.jpg,0,3,0.031084951013326645,0
004902.jpg,0,2,0.022586042061448097,0
004903.jpg,0,2,0.7536479830741882,1
004904.jpg,1,2,0.9388007521629333,1
004905.jpg,0,4,0.4390257000923157,0
004906.jpg,1,4,0.946793794631958,1
004907.jpg,1,4,0.973993182182312,1
004908.jpg,0,2,0.024237634614109993,0
004909.jpg,1,1,0.9744833707809448,1
004910.jpg,0,2,0.026056302711367607,0
004911.jpg,0,4,0.03252822160720825,0
004912.jpg,0,2,0.05921025201678276,0
004913.jpg,0,4,0.07737810909748077,0
004914.jpg,1,2,0.9840936064720154,1
004915.jpg,1,2,0.9650533199310303,1
004916.jpg,1,0,0.9230391979217529,1
004917.jpg,1,0,0.8873999118804932,1
004918.jpg,1,0,0.9359345436096191,1
004919.jpg,1,3,0.8569320440292358,1
004920.jpg,0,4,0.0751764103770256,0
004921.jpg,1,2,0.9795897603034973,1
004922.jpg,0,0,0.10176784545183182,0
004923.jpg,1,4,0.9403530955314636,1
004924.jpg,1,4,0.5394381880760193,1
004925.jpg,0,4,0.04493164271116257,0
004926.jpg,0,4,0.04038906842470169,0
004927.jpg,1,1,0.9789956212043762,1
004928.jpg,1,0,0.8887588381767273,1
004929.jpg,0,1,0.03004337102174759,0
004930.jpg,0,0,0.06052939593791962,0
004931.jpg,1,1,0.9718325734138489,1
004932.jpg,0,3,0.33676713705062866,0
004933.jpg,1,2,0.925499677658081,1
004934.jpg,0,2,0.013020490296185017,0
004935.jpg,1,2,0.9750121831893921,1
004936.jpg,1,0,0.929951012134552,1
004937.jpg,0,1,0.030733928084373474,0
004938.jpg,0,2,0.021864555776119232,0
004939.jpg,0,2,0.014172366820275784,0
004940.jpg,1,0,0.8193157911300659,1
004941.jpg,1,4,0.9623205661773682,1
004942.jpg,0,4,0.03554439917206764,0
004943.jpg,0,0,0.06891249865293503,0
004944.jpg,1,4,0.9725714921951294,1
004945.jpg,1,3,0.9582260847091675,1
004946.jpg,1,4,0.9890975952148438,1
004947.jpg,0,1,0.1535491645336151,0
004948.jpg,1,1,0.9883127808570862,1
004949.jpeg,1,4,0.9747251272201538,1
004950.jpg,0,3,0.04023794084787369,0
004951.jpg,1,0,0.9178933501243591,1
004952.jpg,1,2,0.9857729077339172,1
004953.jpg,0,2,0.016850078478455544,0
004954.jpg,1,3,0.9799765348434448,1
004955.jpg,1,0,0.963230550289154,1
004956.jpg,0,0,0.2278127372264862,0
004957.jpg,1,4,0.9819446802139282,1
004958.jpg,0,4,0.05033063143491745,0
004959.jpg,1,0,0.8002240657806396,1
004960.jpg,0,1,0.031321119517087936,0
004961.jpg,0,0,0.11516222357749939,0
004962.jpg,1,1,0.9732407331466675,1
004963.jpg,0,0,0.23022674024105072,0
004964.jpg,1,2,0.9603611826896667,1
004965.jpg,0,3,0.03258974477648735,0
004966.jpg,0,2,0.015424554236233234,0
004967.jpg,1,3,0.9533619284629822,1
004968.jpg,0,4,0.036977555602788925,0
004969.jpg,1,1,0.9534487724304199,1
004970.jpg,0,1,0.02849004603922367,0
004971.jpg,0,3,0.03926875442266464,0
004972.jpg,1,4,0.9901019334793091,1
004973.jpg,0,0,0.26779094338417053,0
004974.jpg,1,3,0.9256342649459839,1
004975.jpg,1,2,0.9760379791259766,1
004976.jpg,1,0,0.8610715270042419,1
004977.jpg,1,0,0.934155285358429,1
004978.jpg,1,2,0.9816303849220276,1
004979.jpg,0,3,0.0819595456123352,0
004980.jpg,1,1,0.9722043871879578,1
004981.jpg,1,0,0.9152045845985413,1
004982.jpg,0,1,0.04352813959121704,0
004983.jpg,0,0,0.06406543403863907,0
004984.jpg,0,4,0.05184547230601311,0
004985.jpg,0,4,0.0699218362569809,0
004986.jpg,0,3,0.03912165015935898,0
004987.jpg,1,2,0.9735442399978638,1
004988.jpg,1,0,0.9489172697067261,1
004989.jpg,0,2,0.023330770432949066,0
004990.jpg,0,1,0.018941707909107208,0
004991.jpg,1,2,0.8858291506767273,1
004992.jpg,1,0,0.8470844030380249,1
004993.jpg,1,0,0.8253083229064941,1
004994.jpg,1,2,0.9858275651931763,1
004995.jpg,1,0,0.9196425676345825,1
004996.jpg,0,4,0.029479410499334335,0
004997.jpg,1,4,0.9839708209037781,1
004998.jpg,1,2,0.9725714921951294,1
004999.jpg,0,4,0.029986508190631866,0
005000.jpg,1,1,0.879974365234375,1
005001.jpg,0,4,0.033148519694805145,0
005002.jpg,0,2,0.014392335899174213,0
005003.jpg,1,3,0.985496461391449,1
005004.jpg,1,4,0.9904406070709229,1
005005.jpg,1,0,0.8958876132965088,1
005006.jpg,0,3,0.043691061437129974,0
005007.jpg,1,2,0.956308901309967,1
005008.jpg,1,1,0.9619649052619934,1
005009.jpg,0,0,0.13488984107971191,0
005010.jpg,0,1,0.09041372686624527,0
005011.jpg,0,0,0.18025091290473938,0
005012.jpg,1,3,0.9613164663314819,1
005013.jpg,1,2,0.9400236010551453,1
005014.jpg,0,2,0.031084951013326645,0
005015.jpg,0,2,0.019160708412528038,0
005016.jpg,0,1,0.022074386477470398,0
005017.jpg,1,0,0.9511421918869019,1
005018.jpg,0,1,0.21933749318122864,0
005019.jpg,1,2,0.9803937673568726,1
005020.jpg,0,0,0.04903962090611458,0
005021.jpg,1,3,0.9880849719047546,1
005022.jpg,1,4,0.9840323328971863,1
005023.jpg,0,4,0.032161444425582886,0
005024.jpg,0,3,0.03085050918161869,0
005025.jpg,1,1,0.9723097085952759,1
005026.jpg,0,4,0.025035422295331955,0
005027.jpg,1,2,0.9693241715431213,1
005028.jpg,0,0,0.08632347732782364,0
005029.jpg,0,2,0.03588069602847099,0
005030.jpg,0,3,0.5045202970504761,0
005031.jpg,1,4,0.9310875535011292,1
005032.jpg,1,0,0.9319595694541931,1
005033.jpg,0,1,0.036838702857494354,0
005034.jpg,1,3,0.987616240978241,1
005035.jpg,1,3,0.967100977897644,1
005036.jpg,0,3,0.05654813349246979,0
005037.jpg,1,3,0.9019206762313843,1
005038.jpg,0,4,0.051749542355537415,0
005039.jpg,0,0,0.10356715321540833,0
005040.jpg,0,1,0.036977555602788925,0
005041.jpg,0,0,0.04509957134723663,0
005042.jpg,0,0,0.10141132771968842,0
005043.jpg,0,2,0.019160708412528038,0
005044.jpg,0,4,0.03346293419599533,0
005045.jpg,0,4,0.1063188686966896,0
005046.jpg,1,3,0.9635062217712402,1
005047.jpg,1,1,0.9108630418777466,1
005048.jpg,0,2,0.02881619706749916,0
005049.jpg,1,1,0.9602867364883423,1
005050.jpg,0,3,0.04509957134723663,0
005051.jpg,1,2,0.8891444206237793,1
005052.jpg,0,1,0.21717143058776855,0
005053.jpg,1,0,0.939024806022644,1
005054.jpg,1,1,0.9782188534736633,1
005055.jpg,0,0,0.05997643992304802,0
005056.jpg,0,2,0.026506125926971436,0
005057.jpg,1,1,0.9932811260223389,1
005058.jpg,1,2,0.9540517926216125,1
005059.jpg,1,4,0.9796287417411804,1
005060.jpg,0,3,0.03782128542661667,0
005061.jpg,1,1,0.9674102663993835,1
005062.jpg,0,1,0.0401625856757164,0
005063.jpg,0,1,0.11066322773694992,0
005064.jpg,1,4,0.9680808186531067,1
005065.jpg,0,2,0.027954399585723877,0
005066.jpg,0,4,0.022328782826662064,0
005067.jpg,0,3,0.027690259739756584,0
005068.jpg,1,1,0.9461008310317993,1
005069.jpg,1,0,0.9003546833992004,1
005070.jpg,0,2,0.044265877455472946,0
005071.jpg,0,4,0.033526163548231125,0
005072.jpg,0,3,0.05665242671966553,0
005073.jpg,1,0,0.9401335716247559,1
005074.jpg,1,3,0.973087728023529,1
005075.jpg,0,3,0.04698663949966431,0
005076.jpg,1,2,0.9708540439605713,1
005077.jpg,1,4,0.91804039478302,1
005078.jpg,0,4,0.04193052276968956,0
005079.jpg,1,2,0.982557475566864,1
005080.jpg,0,4,0.030157409608364105,0
005081.jpg,1,4,0.9899476170539856,1
005082.jpg,1,3,0.9757624268531799,1
005083.jpg,0,0,0.10613343864679337,0
005084.jpg,0,3,0.03941638767719269,0
005085.jpg,0,4,0.11377637088298798,0
005086.jpg,0,3,0.04716186597943306,0
005087.jpg,0,2,0.05480259656906128,0
005088.jpg,1,1,0.9828232526779175,1
005089.jpg,1,1,0.9696707129478455,1
005090.jpg,0,2,0.011508148163557053,0
005091.jpg,1,4,0.9824230670928955,1
005092.jpg,0,3,0.026506125926971436,0
005093.jpg,0,2,0.011331754736602306,0
005094.jpg,0,3,0.0427221953868866,0
005095.jpg,0,0,0.2972659170627594,0
005096.jpg,0,3,0.051082734018564224,0
005097.jpg,0,0,0.12294380366802216,0
005098.jpg,0,0,0.06394842267036438,0
