id,label,fold,probability,prediction
000001.jpg,1,1,0.9999849796295166,1
000002.jpg,1,2,0.9999967813491821,1
000003.jpg,0,0,5.133655122335767e-06,0
000004.jpg,1,3,0.999998927116394,1
000005.jpg,1,1,0.9999774694442749,1
000006.jpg,0,1,9.972942280001007e-06,0
000007.jpg,1,2,0.9996775388717651,1
000008.jpg,1,2,0.9999942779541016,1
000009.jpg,1,3,0.9999973773956299,1
000010.jpg,1,0,0.9999876022338867,1
000011.jpg,0,0,6.643434062425513e-06,0
000012.jpg,0,3,1.018809143715771e-06,0
000013.jpg,0,4,0.00013032974675297737,0
000014.jpg,1,1,0.999982476234436,1
000015.jpg,0,3,6.591734290850582e-06,0
000016.jpg,1,2,0.9995253086090088,1
000017.jpg,1,2,0.9999958276748657,1
000018.jpg,1,4,0.9999966621398926,1
000019.jpg,1,2,0.9993563294410706,1
000020.jpg,0,2,5.727003099309513e-06,0
000021.jpg,0,2,2.030369250860531e-05,0
000022.jpg,1,1,0.999982476234436,1
000023.jpg,1,4,0.9999632835388184,1
000024.jpg,0,0,4.2559531721053645e-06,0
000025.jpg,1,0,0.9999732971191406,1
000026.jpg,1,4,0.9999741315841675,1
000027.jpg,1,0,0.9983320832252502,1
000028.jpg,1,3,0.9999885559082031,1
000029.jpg,1,4,0.9999958276748657,1
000030.jpg,0,2,5.817189503432019e-06,0
000031.jpg,1,4,0.9999923706054688,1
000032.jpg,1,1,0.9998766183853149,1
000033.jpg,0,4,0.00047285438631661236,0
000034.jpg,0,3,2.207963916589506e-06,0
000035.jpg,0,0,7.527989509981126e-06,0
000036.jpg,0,0,4.898569386568852e-06,0
000037.jpg,1,3,0.9999853372573853,1
000038.jpg,1,0,0.9999083280563354,1
000039.jpg,1,0,0.999991774559021,1
000040.jpg,1,1,0.9998488426208496,1
000041.jpg,0,2,0.002387409098446369,0
000042.jpg,0,2,6.8009767346666194e-06,0
000043.jpg,0,4,1.1478767191874795e-05,0
000044.jpg,1,0,0.9998028874397278,1
000045.jpg,1,0,0.9999810457229614,1
000046.jpg,1,2,0.9999921321868896,1
000047.jpg,0,0,6.14417513133958e-06,0
000048.jpg,0,2,3.975192521465942e-05,0
000049.jpg,0,0,4.391050879348768e-06,0
000050.jpg,0,4,7.3536061790946405e-06,0
000051.jpg,0,3,1.414475946148741e-06,0
000052.jpg,0,4,0.00015000566781964153,0
000053.jpg,0,4,1.4285516954259947e-05,0
000054.jpg,0,2,1.9373937902855687e-05,0
000055.jpg,1,0,0.9999890327453613,1
000056.jpeg,0,2,3.047914469789248e-05,0
000057.jpg,1,1,0.9999737739562988,1
000058.jpg,1,4,0.9999911785125732,1
000059.jpg,1,2,0.9999940395355225,1
000060.jpg,0,0,0.0004747042548842728,0
000061.jpg,0,4,1.0533520253375173e-05,0
000062.jpg,0,1,1.903384486467985e-06,0
000063.jpeg,0,4,0.0001511819864390418,0
000064.jpg,1,4,0.9999803304672241,1
000065.jpg,0,2,5.638214133796282e-06,0
000066.jpg,1,0,0.9999927282333374,1
000067.jpg,1,2,0.9999871253967285,1
000068.jpg,0,2,5.054065695730969e-06,0
000069.jpg,1,0,0.9999709129333496,1
000070.jpg,0,0,4.74785701953806e-06,0
000071.jpg,1,0,0.9998089671134949,1
000072.jpg,1,2,0.9999421834945679,1
000073.jpg,0,2,9.993031562771648e-05,0
000074.jpg,0,4,0.0008393599418923259,0
000075.jpg,1,1,0.9999772310256958,1
000076.jpg,0,0,4.189971605228493e-06,0
000077.jpg,1,0,0.9997387528419495,1
000078.jpg,0,0,9.7615658887662e-05,0
000079.jpg,0,4,3.321419353596866e-05,0
000080.jpg,0,1,2.0261420559108956e-06,0
000081.jpg,1,4,0.9999171495437622,1
000082.jpg,1,3,0.9999961853027344,1
000083.jpg,0,1,1.4255697351472918e-06,0
000084.jpg,1,0,0.9999897480010986,1
000085.jpg,1,3,0.9999972581863403,1
000086.jpg,1,3,0.9999954700469971,1
000087.jpg,0,2,7.766951966914348e-06,0
000088.jpg,1,3,0.9999939203262329,1
000089.jpg,1,2,0.9999970197677612,1
000090.jpg,1,2,0.999995231628418,1
000091.jpg,0,0,3.7931622500764206e-05,0
000092.jpg,1,2,0.9999920129776001,1
000093.jpg,1,4,0.9999960660934448,1
000094.jpg,0,1,0.00011235327838221565,0
000095.jpg,1,0,0.9997527003288269,1
000096.jpg,1,4,0.9999873638153076,1
000097.jpg,1,0,0.9993904829025269,1
000098.jpg,0,3,1.051149638442439e-06,0
000099.jpg,0,4,0.00011412239109631628,0
000100.jpg,1,3,0.9999983310699463,1
000101.png,0,1,0.023286305367946625,0
000102.jpg,1,1,0.999984622001648,1
000103.jpg,1,4,0.999994158744812,1
000104.jpg,0,4,1.2805474398192018e-05,0
000105.jpg,1,2,0.9999932050704956,1
000106.jpg,0,0,3.4001819585682824e-05,0
000107.jpg,0,4,8.092757343547419e-05,0
000108.jpg,1,1,0.999990701675415,1
000109.jpg,1,4,0.9999909400939941,1
000110.jpg,1,3,0.9999972581863403,1
000111.jpg,1,2,0.9999964237213135,1
000112.jpg,0,0,2.507159297238104e-05,0
000113.jpg,0,4,7.3536061790946405e-06,0
000114.jpg,0,4,1.1389440260245465e-05,0
000115.jpg,1,4,0.9999903440475464,1
000116.jpg,0,4,5.783766391687095e-05,0
000117.jpg,1,1,0.9999749660491943,1
000118.jpg,1,0,0.99998939037323,1
000119.jpg,0,4,0.0001476803736295551,0
000120.jpg,0,0,2.2474090656032786e-05,0
000121.jpg,0,2,1.2411496754793916e-05,0
000122.jpg,0,0,6.24093036094564e-06,0
000123.jpg,0,4,0.00019110430730506778,0
000124.jpg,0,4,1.3007128472963814e-05,0
000125.jpg,1,0,0.998095691204071,1
000126.jpg,0,0,6.3889292505336925e-06,0
000127.jpg,1,2,0.999977707862854,1
000128.jpg,1,0,0.9999759197235107,1
000129.jpg,1,2,0.9999833106994629,1
000130.jpg,0,3,7.168220577113971e-07,0
000131.jpg,0,0,1.1478767191874795e-05,0
000132.jpg,0,4,6.205049430718645e-05,0
000133.jpg,0,4,1.907357909658458e-05,0
000134.jpg,1,2,0.9999947547912598,1
000135.jpg,1,2,0.9999798536300659,1
000136.jpg,1,4,0.9999274015426636,1
000137.jpg,1,4,0.9999735355377197,1
000138.jpg,0,0,4.289332991902484e-06,0
000139.jpg,1,4,0.9999946355819702,1
000140.jpg,1,3,0.999995231628418,1
000141.jpg,0,2,3.024195939360652e-05,0
000142.jpg,0,3,1.0030140629169182e-06,0
000143.jpg,1,2,0.9999626874923706,1
000144.jpg,0,4,3.21923362207599e-05,0
000145.jpg,0,2,2.2474090656032786e-05,0
000146.jpg,1,0,0.9999394416809082,1
000147.jpg,0,2,6.339210813166574e-06,0
000148.jpg,0,1,8.732609785511158e-06,0
000149.jpg,0,2,4.539786823443137e-05,0
000150.jpg,1,0,0.9996874332427979,1
000151.jpg,0,2,0.00043224150431342423,0
000152.jpg,0,1,3.4001819585682824e-05,0
000153.jpg,1,0,0.9175984263420105,1
000154.jpg,0,0,0.00010229986219201237,0
000155.jpg,1,2,0.9999560117721558,1
000156.jpg,1,4,0.9999068975448608,1
000157.jpg,1,4,0.9999889135360718,1
000158.jpg,0,1,1.7778553228708915e-05,0
000159.jpg,0,4,8.818924106890336e-05,0
000160.jpg,0,4,1.6314539607265033e-05,0
000161.jpg,0,2,0.0002323141961824149,0
000162.jpg,1,4,0.9999921321868896,1
000163.jpg,0,4,7.296379862964386e-06,0
000164.jpg,0,3,2.507159297238104e-05,0
000165.jpg,0,1,4.4001182686770335e-05,0
000166.jpg,1,4,0.9999933242797852,1
000167.jpg,0,1,3.815013769781217e-06,0
000168.jpg,1,2,0.9999923706054688,1
000169.jpg,1,0,0.9998822212219238,1
000170.jpg,0,2,1.485457869421225e-05,0
000171.jpg,1,2,0.9999922513961792,1
000172.jpg,1,3,0.9999985694885254,1
000173.jpg,0,4,8.597226042184047e-06,0
000174.jpg,0,0,3.095910506090149e-05,0
000175.jpg,0,2,1.202963903779164e-05,0
000176.jpg,1,0,0.9999699592590332,1
000177.jpg,1,2,0.9999969005584717,1
000178.jpg,0,3,1.1568795343919192e-05,0
000179.jpg,1,2,0.9999849796295166,1
000180.jpg,0,4,1.3315579053596593e-05,0
000181.jpg,1,0,0.9993588328361511,1
000182.jpg,0,2,2.6274772608303465e-05,0
000183.jpg,0,4,9.972942280001007e-06,0
000184.jpg,0,2,6.00184603172238e-06,0
000185.jpg,1,2,0.9999972581863403,1
000186.jpg,1,3,0.9999908208847046,1
000187.jpg,1,2,0.9999969005584717,1
000188.jpg,1,1,0.999984860420227,1
000189.jpg,0,4,5.0250619096914306e-05,0
000190.jpg,0,1,1.9679026081576012e-05,0
000191.jpg,0,4,0.0003583672805689275,0
000192.jpg,1,1,0.9999016523361206,1
000193.jpg,0,0,6.253713218029588e-05,0
000194.jpg,1,4,0.9998766183853149,1
000195.jpg,0,2,6.854317234683549e-06,0
000196.jpg,1,0,0.9999849796295166,1
000197.jpg,0,2,5.862813850399107e-06,0
000198.jpg,0,1,1.6666595001879614e-06,0
000199.jpg,1,2,0.9999886751174927,1
000200.jpg,0,4,0.0001387341326335445,0
000201.jpg,1,4,0.9999960660934448,1
000202.jpg,1,3,0.9999762773513794,1
000203.jpg,0,0,6.289878911047708e-06,0
000204.jpg,1,3,0.9999957084655762,1
000205.jpg,0,3,1.0760769555417937e-06,0
000206.jpg,1,0,0.9999935626983643,1
000207.jpg,0,2,1.8925147742265835e-05,0
000208.jpg,0,4,3.4537253668531775e-05,0
000209.jpeg,0,2,1.683241134742275e-05,0
000210.jpeg,0,4,0.00016865275392774493,0
000211.jpg,0,1,1.553497554596106e-06,0
000212.jpg,0,4,5.6824351304385345e-06,0
000213.jpg,0,0,3.9135655242716894e-05,0
000214.jpg,1,1,0.9999885559082031,1
000215.jpg,1,2,0.9999966621398926,1
000216.jpg,1,1,0.0006238938658498228,0
000217.jpg,1,4,0.999992847442627,1
000218.jpg,0,0,4.4602002162719145e-06,0
000219.jpg,1,4,0.9999184608459473,1
000220.jpg,1,2,0.9999942779541016,1
000221.jpg,0,2,6.591734290850582e-06,0
000222.jpg,1,2,0.9999961853027344,1
000223.jpg,1,3,0.9999986886978149,1
000224.jpg,1,1,0.99993896484375,1
000225.jpg,1,3,0.9999885559082031,1
000226.jpg,1,4,0.9999909400939941,1
000227.jpg,1,3,0.9999778270721436,1
000228.jpg,0,4,6.3889292505336925e-06,0
000229.jpg,1,2,0.9999961853027344,1
000230.jpg,0,0,6.14417513133958e-06,0
000231.jpg,0,0,7.031184213701636e-05,0
000232.jpg,1,4,0.9999959468841553,1
000233.jpg,1,1,0.9999877214431763,1
000234.jpg,0,3,1.248270905307436e-06,0
000235.jpg,1,3,0.9999938011169434,1
000236.jpg,1,3,0.9993687272071838,1
000237.jpg,1,0,0.9997507929801941,1
000238.jpg,0,0,3.419757376832422e-06,0
000239.jpg,1,3,0.9999983310699463,1
000240.jpg,0,0,5.817189503432019e-06,0
000241.jpg,1,3,0.9999991655349731,1
000242.jpg,1,3,0.9999501705169678,1
000243.jpg,1,0,0.999991774559021,1
000244.jpg,1,1,0.9999755620956421,1
000245.jpg,0,4,0.0003785036678891629,0
000246.jpg,0,4,8.547617471776903e-05,0
000247.jpg,0,2,6.908075192768592e-06,0
000248.jpg,0,2,7.127359822334256e-06,0
000249.jpg,0,1,2.1233784082141938e-06,0
000250.jpg,1,4,0.999995231628418,1
000251.jpg,1,2,0.9999880790710449,1
000252.jpg,0,0,5.380023594625527e-06,0
000253.jpg,1,1,0.9999799728393555,1
000254.jpg,1,0,0.5105880498886108,1
000255.jpg,1,0,0.9991474151611328,1
000256.jpg,1,2,0.9999929666519165,1
000257.jpg,0,4,9.535461140330881e-05,0
000258.jpg,0,0,4.0294567043019924e-06,0
000259.jpg,0,3,9.349120091428631e-07,0
000260.jpg,1,1,0.9993563294410706,1
000261.jpg,1,3,0.9999986886978149,1
000262.jpg,1,1,0.9999792575836182,1
000263.jpg,0,3,8.990961077870452e-07,0
000264.jpg,0,0,5.0937055675603915e-06,0
000265.jpg,1,4,0.9999920129776001,1
000266.jpg,0,1,2.747854296103469e-06,0
000267.jpg,1,3,0.9999985694885254,1
000268.jpg,0,4,0.00013658353418577462,0
000269.jpg,0,3,1.9525885363691486e-05,0
000270.jpg,1,4,0.9999949932098389,1
000271.jpg,1,1,0.9999853372573853,1
000272.jpg,1,1,0.9999904632568359,1
000273.jpg,0,2,1.1039027413062286e-05,0
000274.jpg,0,1,1.81622237960255e-06,0
000275.jpg,1,4,0.9999926090240479,1
000276.jpg,1,2,0.9995575547218323,1
000277.jpg,1,1,0.9999117851257324,1
000278.jpg,1,3,0.999994158744812,1
000279.jpg,1,3,0.999966025352478,1
000280.jpg,0,2,1.8631746570463292e-05,0
000281.jpg,1,0,0.999983549118042,1
000282.jpg,0,0,4.495181656238856e-06,0
000283.jpg,0,3,9.00981012819102e-06,0
000284.jpg,0,4,1.4510477740259375e-05,0
000285.jpg,1,1,0.9999599456787109,1
000286.jpeg,0,0,0.0011380005162209272,0
000287.jpg,1,3,0.9999991655349731,1
000288.jpg,1,3,0.9999990463256836,1
000289.jpg,0,0,4.64743934571743e-05,0
000290.jpg,0,1,1.3315579053596593e-05,0
000291.jpg,0,3,6.276704311858339e-07,0
000292.jpg,0,3,0.9731897711753845,1
000293.jpg,1,1,0.9999158382415771,1
000294.jpg,1,1,0.9999215602874756,1
000295.jpg,1,1,0.9999909400939941,1
000296.jpg,0,4,1.4064044080441818e-05,0
000297.jpg,1,2,0.9999927282333374,1
000298.jpg,0,2,3.047914469789248e-05,0
000299.jpg,0,4,7.722192094661295e-05,0
000300.jpg,0,3,7.395764782813785e-07,0
000301.jpg,0,0,4.495181656238856e-06,0
000302.jpg,0,2,8.267873454315122e-06,0
000303.jpg,1,2,0.9737446904182434,1
000304.jpg,0,0,0.00010472556459717453,0
000305.jpg,1,0,0.9996259212493896,1
000306.jpg,0,4,0.0010242064017802477,0
000307.jpg,1,2,0.9999542236328125,1
000308.jpg,0,1,1.5903378880466335e-06,0
000309.jpg,0,1,1.3287774436321342e-06,0
000310.jpg,1,2,0.9999967813491821,1
000311.jpg,0,4,0.00028462239424698055,0
000312.jpg,1,0,0.9979007244110107,1
000313.jpg,0,2,1.750292540236842e-05,0
000314.jpg,0,2,0.9999184608459473,1
000315.jpg,0,1,3.734356505447067e-05,0
000316.jpg,0,3,2.857316076187999e-06,0
000317.jpg,1,4,0.9999831914901733,1
000318.jpg,0,4,1.086788597604027e-05,0
000319.jpg,0,1,1.6408203009632416e-06,0
000320.jpg,0,4,5.874842099728994e-05,0
000321.jpg,0,4,0.00019260287808720022,0
000322.jpg,1,2,0.9999933242797852,1
000323.jpg,1,0,0.9999852180480957,1
000324.jpg,1,3,0.9999960660934448,1
000325.jpg,0,4,0.0001409185497323051,0
000326.jpg,1,2,0.9999626874923706,1
000327.jpg,0,2,6.00184603172238e-06,0
000328.jpg,1,2,0.9999977350234985,1
000329.jpg,1,2,0.9999914169311523,1
000330.jpg,0,4,6.761842087144032e-05,0
000331.jpg,0,2,4.64743934571743e-05,0
000332.jpg,1,2,0.9999097585678101,1
000333.jpg,0,2,3.8831109122838825e-05,0
000334.jpg,1,0,0.9999750852584839,1
000335.jpg,0,2,4.611274925991893e-05,0
000336.jpg,0,1,1.979206672331202e-06,0
000337.jpeg,0,3,9.080475138034672e-06,0
000338.jpg,1,3,0.999994158744812,1
000339.jpg,0,4,0.0001547666179249063,0
000340.jpg,0,4,1.4738982827111613e-05,0
000341.jpg,1,1,0.9999892711639404,1
000342.jpg,0,1,1.8020886045633233e-06,0
000343.jpg,0,3,1.4593761079595424e-06,0
000344.jpg,0,4,0.00012339458044152707,0
000345.jpg,1,1,0.9999855756759644,1
000346.jpg,0,0,4.189971605228493e-06,0
000347.jpg,1,3,0.9999158382415771,1
000348.jpg,0,3,1.1365636964910664e-06,0
000349.jpg,0,4,6.502816540887579e-05,0
000350.jpg,1,0,0.9996498823165894,1
000351.jpg,1,0,0.991355836391449,1
000352.jpg,1,3,0.9999990463256836,1
000353.jpg,1,2,0.9999632835388184,1
000354.jpg,1,2,0.9999854564666748,1
000355.jpg,1,3,0.9999980926513672,1
000356.jpg,0,2,8.597226042184047e-06,0
000357.jpg,0,3,9.952085520126275e-07,0
000358.jpg,0,0,4.198630995233543e-05,0
000359.jpg,1,1,0.9999897480010986,1
000360.jpg,1,1,0.9999665021896362,1
000361.jpg,1,0,0.9999878406524658,1
000362.jpg,1,3,0.9999947547912598,1
000363.jpg,1,2,0.9999949932098389,1
000364.jpg,0,1,1.81622237960255e-06,0
000365.jpg,1,1,0.9999842643737793,1
000366.jpg,0,1,2.3007036361377686e-05,0
000367.jpg,0,3,1.5294129980247817e-06,0
000368.jpg,0,3,1.517511009296868e-06,0
000369.jpg,1,1,0.9997783303260803,1
000370.jpg,0,1,9.741921530803666e-06,0
000371.jpg,1,1,0.9999822378158569,1
000372.jpg,1,2,0.9999637603759766,1
000373.jpg,1,1,0.9999724626541138,1
000374.jpg,1,2,0.9999339580535889,1
000375.jpg,1,3,0.999990701675415,1
000376.jpg,1,4,0.9999016523361206,1
000377.jpg,0,0,0.00024923254386521876,0
000378.jpg,1,3,0.9999982118606567,1
000379.jpg,1,0,0.9971103668212891,1
000380.jpg,0,3,8.446226615888008e-07,0
000381.jpg,1,2,0.9999947547912598,1
000382.jpg,0,1,5.96735262661241e-05,0
000383.jpg,0,1,2.058049176412169e-06,0
000384.jpg,1,2,0.9999964237213135,1
000385.jpg,0,1,1.287895315726928e-06,0
000386.jpg,0,0,4.2228334677929524e-06,0
000387.jpg,1,4,0.9999951124191284,1
000388.jpg,1,0,0.9998928308486938,1
000389.jpg,1,1,0.9999908208847046,1
000390.jpg,0,4,0.00022167809947859496,0
000391.jpg,1,3,0.9999991655349731,1
000392.jpg,0,4,5.42221869181958e-06,0
000393.jpg,0,0,0.010570489801466465,0
000394.jpg,0,0,6.489539373433217e-06,0
000395.jpg,1,3,0.9994826316833496,1
000396.jpg,0,4,4.94715895911213e-05,0
000397.jpg,1,4,0.9999732971191406,1
000398.jpg,0,2,6.402005965355784e-05,0
000399.jpg,0,0,0.00011501735571073368,0
000400.jpg,0,0,7.141901005525142e-05,0
000401.jpg,1,0,0.9999738931655884,1
000402.jpg,1,0,0.9999016523361206,1
000403.jpg,1,3,0.999998927116394,1
000404.jpg,0,4,0.00011591933434829116,0
000405.jpg,0,0,2.1444948288262822e-05,0
000406.jpg,1,4,0.9999914169311523,1
000407.jpg,0,0,4.4602002162719145e-06,0
000408.jpg,1,0,0.9999910593032837,1
000409.jpg,0,2,8.664653250889387e-06,0
000410.jpg,1,3,0.999996542930603,1
000411.jpg,1,4,0.9999929666519165,1
000412.jpg,1,1,0.9999805688858032,1
000413.jpg,1,0,0.9999885559082031,1
000414.jpg,1,4,0.9999890327453613,1
000415.jpg,1,4,0.9999932050704956,1
000416.jpg,1,2,0.9999239444732666,1
000417.jpg,1,0,0.9998812675476074,1
000418.jpg,0,3,0.00032503585680387914,0
000419.jpg,1,0,0.999762237071991,1
000420.jpg,0,0,4.6742488848394714e-06,0
000421.jpg,1,1,0.9999053478240967,1
000422.jpeg,0,1,1.3109142855682876e-05,0
000423.jpg,1,0,0.9999778270721436,1
000424.jpg,0,0,4.061060280946549e-06,0
000425.jpg,0,2,8.076349331531674e-06,0
000426.jpg,0,3,7.3536061790946405e-06,0
000427.jpg,1,3,0.9999982118606567,1
000428.jpg,0,2,4.264747258275747e-05,0
000429.jpg,0,4,1.0370214113208931e-05,0
000430.jpeg,0,4,0.00010071399447042495,0
000431.jpg,1,3,0.9999988079071045,1
000432.jpg,1,0,0.9999849796295166,1
000433.jpg,1,3,0.9999983310699463,1
000434.jpg,0,4,0.0011695103021338582,0
000435.jpg,0,2,1.0953123819490429e-05,0
000436.jpg,0,2,2.355261858610902e-05,0
000437.jpg,1,0,0.9999508857727051,1
000438.jpg,0,0,4.637873189494712e-06,0
000439.jpg,0,0,4.710908797278535e-06,0
000440.jpg,0,4,3.4808123018592596e-05,0
000441.jpg,0,1,1.5903378880466335e-06,0
000442.jpg,0,3,3.237761802665773e-06,0
000443.jpg,0,3,9.952085520126275e-07,0
000444.jpg,1,4,0.9999103546142578,1
000445.jpg,0,0,5.01473505210015e-06,0
000446.jpg,1,3,0.9999938011169434,1
000447.jpg,0,0,5.594337835646002e-06,0
000448.jpg,1,3,0.9999946355819702,1
000449.jpg,0,2,9.242113446816802e-05,0
000450.jpg,1,0,0.9999713897705078,1
000451.jpg,1,4,0.9997981190681458,1
000452.jpg,1,3,0.9999980926513672,1
000453.jpg,1,1,0.9999817609786987,1
000454.jpg,1,0,0.9999719858169556,1
000455.jpg,0,2,2.6897845600615256e-05,0
000456.jpg,1,2,0.9999959468841553,1
000457.jpg,1,4,0.9999920129776001,1
000458.jpg,0,3,8.122656822706631e-07,0
000459.jpg,1,0,0.9998390674591064,1
000460.jpg,0,3,8.851568509271601e-07,0
000461.jpg,1,0,0.9997933506965637,1
000462.jpg,1,4,0.9999946355819702,1
000463.jpg,0,2,5.2966147450206336e-06,0
000464.jpg,1,4,0.999919056892395,1
000465.jpg,1,3,0.9999980926513672,1
000466.jpg,0,0,4.936989171255846e-06,0
000467.jpg,1,3,0.9999983310699463,1
000468.jpg,1,2,0.9999814033508301,1
000469.jpg,0,2,3.647853736765683e-05,0
000470.jpg,0,1,2.4061025669652736e-06,0
000471.jpg,1,1,0.9999904632568359,1
000472.jpg,1,3,0.999997615814209,1
000473.jpg,0,0,5.955139840807533e-06,0
000474.jpg,1,2,0.9999773502349854,1
000475.jpg,1,1,0.9979731440544128,1
000476.jpg,0,3,2.2125668692751788e-05,0
000477.jpg,0,0,6.04891829425469e-06,0
000478.jpg,1,4,0.9999879598617554,1
000479.jpg,0,2,7.951139195938595e-06,0
000480.jpg,0,2,7.646537596883718e-06,0
000481.jpg,1,3,0.9999819993972778,1
000482.jpg,1,4,0.9999881982803345,1
000483.jpg,1,2,0.9999865293502808,1
000484.jpg,1,2,0.9992504715919495,1
000485.jpg,0,2,7.239599653985351e-06,0
000486.jpg,0,0,0.007232763804495335,0
000487.jpg,1,4,0.9999892711639404,1
000488.jpg,0,4,0.00010804956400534138,0
000489.jpg,0,0,4.575391358230263e-05,0
000490.jpg,0,2,2.161314114346169e-05,0
000491.jpg,0,0,4.74785701953806e-06,0
000492.jpg,1,1,0.9999890327453613,1
000493.jpg,1,1,0.9998944997787476,1
000494.jpg,0,1,1.414475946148741e-06,0
000495.jpg,1,2,0.99998939037323,1
000496.jpg,0,2,8.398072168347426e-06,0
000497.jpg,0,2,9.314593626186252e-05,0
000498.jpg,0,1,6.65701663820073e-05,0
000499.jpg,1,0,0.9984632730484009,1
000500.jpg,1,1,0.9999895095825195,1
000501.jpg,1,4,0.9999583959579468,1
000502.jpg,1,1,0.9999878406524658,1
000503.jpg,0,3,4.391050879348768e-06,0
000504.jpg,0,1,8.870127203408629e-06,0
000505.jpg,1,2,0.9999958276748657,1
000506.jpg,0,3,4.539786823443137e-05,0
000507.jpg,1,4,0.9999853372573853,1
000508.jpg,0,2,6.24093036094564e-06,0
000509.jpg,1,3,0.9351099133491516,1
000510.jpg,0,2,5.550802143261535e-06,0
000511.jpg,0,3,1.3287774436321342e-06,0
000512.jpg,0,0,0.00012053648970322683,0
000513.jpg,1,1,0.9995102882385254,1
000514.jpg,0,2,1.1300809092062991e-05,0
000515.jpg,1,3,0.9999974966049194,1
000516.jpg,0,3,8.059445804065035e-07,0
000517.jpg,0,2,4.469407576834783e-05,0
000518.jpg,0,3,3.017926701431861e-06,0
000519.jpg,1,4,0.9999233484268188,1
000520.jpg,1,2,0.9999853372573853,1
000521.jpg,1,3,0.9999988079071045,1
000522.jpg,0,4,0.0012303582625463605,0
000523.jpg,1,1,0.9999885559082031,1
000524.jpg,0,2,2.0462934116949327e-05,0
000525.jpg,1,4,0.9999865293502808,1
000526.jpg,1,4,0.9998960494995117,1
000527.jpg,0,0,5.6824351304385345e-06,0
000528.jpg,0,0,6.205049430718645e-05,0
000529.jpg,1,1,0.9999868869781494,1
000530.jpg,1,2,0.9999737739562988,1
000531.jpg,0,4,6.814872176619247e-05,0
000532.jpg,0,2,5.771919859398622e-06,0
000533.jpg,1,3,0.9999967813491821,1
000534.jpg,0,1,1.4738982827111613e-05,0
000535.jpg,1,0,0.999987006187439,1
000536.jpg,0,0,6.14417513133958e-06,0
000537.jpg,1,2,0.9999464750289917,1
000538.jpg,1,2,0.9999963045120239,1
000539.jpg,1,0,0.9998044371604919,1
000540.jpg,1,1,0.9999858140945435,1
000541.jpg,0,4,7.646537596883718e-06,0
000542.jpg,1,4,0.9999730587005615,1
000543.jpg,0,2,7.127359822334256e-06,0
000544.jpg,1,2,0.9999464750289917,1
000545.jpg,0,0,6.439037861127872e-06,0
000546.jpg,1,3,0.9999983310699463,1
000547.jpg,0,2,6.04891829425469e-06,0
000548.jpg,0,2,9.442196642339695e-06,0
000549.jpg,1,4,0.9999843835830688,1
000550.jpg,1,4,0.9999611377716064,1
000551.jpg,1,4,0.9999921321868896,1
000552.jpg,1,2,0.9999946355819702,1
000553.jpg,0,4,0.000398213102016598,0
000554.jpg,1,2,0.9796676635742188,1
000555.jpg,1,4,0.9999889135360718,1
000556.jpg,0,4,8.481104305246845e-05,0
000557.jpg,1,4,0.9999920129776001,1
000558.jpg,1,3,0.9999959468841553,1
000559.jpg,0,2,1.877787508419715e-05,0
000560.jpg,1,4,0.9999932050704956,1
000561.jpg,0,2,8.939696272136644e-06,0
000562.jpg,1,3,0.9999716281890869,1
000563.jpg,1,1,0.9999803304672241,1
000564.jpg,0,4,8.349628478754312e-05,0
000565.jpg,1,2,0.9999889135360718,1
000566.jpg,1,2,0.9999948740005493,1
000567.jpg,0,0,0.002521268092095852,0
000568.jpg,0,3,2.0785171727766283e-05,0
000569.jpg,0,3,1.248270905307436e-06,0
000570.jpg,0,0,4.710908797278535e-06,0
000571.jpg,1,4,0.9999531507492065,1
000572.jpg,0,2,7.951139195938595e-06,0
000573.jpg,0,2,0.0005442132824100554,0
000574.jpg,0,3,1.2411496754793916e-05,0
000575.jpg,1,1,0.9999847412109375,1
000576.jpg,0,4,0.0003569706459529698,0
000577.jpeg,0,1,7.411279511870816e-06,0
000578.jpg,1,1,0.9999508857727051,1
000579.jpg,1,3,0.9999821186065674,1
000580.jpg,0,4,9.00981012819102e-06,0
000581.jpg,1,4,0.9999953508377075,1
000582.jpg,0,0,1.0783312063722406e-05,0
000583.jpeg,1,2,0.9999402761459351,1
000584.jpg,1,0,0.9999657869338989,1
000585.jpg,1,1,0.9999901056289673,1
000586.jpg,0,0,6.591734290850582e-06,0
000587.jpg,0,1,0.0002472934720572084,0
000588.jpg,0,3,5.550802143261535e-06,0
000589.jpg,0,0,0.0014214043039828539,0
000590.jpg,0,2,7.016861218289705e-06,0
000591.jpg,1,4,0.9999902248382568,1
000592.jpg,0,1,1.963804152183002e-06,0
000593.jpeg,1,2,0.9999344348907471,1
000594.jpg,0,3,2.0785171727766283e-05,0
000595.jpg,0,4,6.643434062425513e-06,0
000596.jpg,1,4,0.9999923706054688,1
000597.jpg,1,4,0.9998745918273926,1
000598.jpg,1,3,0.9999982118606567,1
000599.jpg,0,0,4.356879799161106e-06,0
000600.jpg,1,1,0.9999822378158569,1
000601.jpg,0,3,7.224441560538253e-07,0
000602.jpg,1,3,0.9999980926513672,1
000603.jpg,0,4,0.0003500686143524945,0
000604.jpg,0,4,0.017576880753040314,0
000605.jpg,1,2,0.9999939203262329,1
000606.jpg,1,3,0.9999983310699463,1
000607.jpg,0,0,1.9988920030300505e-05,0
000608.jpg,1,4,0.9999209642410278,1
000609.jpg,0,4,6.00184603172238e-06,0
000610.png,0,2,1.7231572201126255e-05,0
000611.jpg,1,2,0.9999711513519287,1
000612.jpg,1,0,0.9999842643737793,1
000613.jpg,0,2,6.761842087144032e-05,0
000614.jpg,1,3,0.9999969005584717,1
000615.jpg,0,1,2.0741906610055594e-06,0
000616.jpg,1,1,0.9999662637710571,1
000617.jpg,1,1,0.9999605417251587,1
000618.jpg,1,3,0.9999979734420776,1
000619.jpg,1,2,0.9935368895530701,1
000620.jpg,1,3,0.9999171495437622,1
000621.jpg,1,4,0.9999946355819702,1
000622.jpg,1,0,0.9997783303260803,1
000623.jpg,1,0,0.999652624130249,1
000624.jpg,0,0,5.054065695730969e-06,0
000625.jpg,1,2,0.9999785423278809,1
000626.jpg,1,0,0.9999881982803345,1
000627.jpg,0,0,5.054065695730969e-06,0
000628.jpg,1,3,0.9999938011169434,1
000629.jpg,1,1,0.9999862909317017,1
000630.jpg,1,2,0.9999955892562866,1
000631.jpg,0,0,2.030369250860531e-05,0
000632.jpg,0,3,1.5414084373333026e-06,0
000633.jpg,0,2,6.695538559142733e-06,0
000634.jpg,0,3,3.5008547456527594e-06,0
000635.jpg,1,2,0.9999922513961792,1
000636.jpg,0,0,3.4001819585682824e-05,0
000637.jpg,1,2,0.9999943971633911,1
000638.jpg,1,2,0.9556514620780945,1
000639.jpg,1,0,0.9999227523803711,1
000640.jpg,1,3,0.9999889135360718,1
000641.jpg,1,2,0.9999825954437256,1
000642.jpg,0,4,1.6442494597868063e-05,0
000643.jpg,1,0,0.9999880790710449,1
000644.jpg,0,2,6.643434062425513e-06,0
000645.jpg,1,2,0.9999964237213135,1
000646.jpg,1,2,0.9999958276748657,1
000647.jpg,1,0,0.9996125102043152,1
000648.jpg,0,4,1.6187581422855146e-05,0
000649.jpg,0,0,1.1389440260245465e-05,0
000650.jpeg,0,4,0.0008626077324151993,0
000651.jpg,0,2,2.9541426556534134e-05,0
000652.jpg,1,3,0.9974689483642578,1
000653.jpg,0,1,2.3737338779028505e-05,0
000654.jpg,1,4,0.9999912977218628,1
000655.jpg,1,1,0.9999549388885498,1
000656.jpg,0,1,1.6701422282494605e-05,0
000657.jpg,0,0,0.00013342000602278858,0
000658.jpg,1,4,0.999995231628418,1
000659.jpg,0,3,1.0593939805403352e-06,0
000660.jpg,0,2,3.676462802104652e-05,0
000661.jpg,0,2,0.000374095601728186,0
000662.jpg,0,4,0.9997695088386536,1
000663.jpg,0,3,1.1544620974746067e-06,0
000664.jpg,1,2,0.999984622001648,1
000665.jpg,0,4,1.2314909326960333e-05,0
000666.jpg,1,3,0.9999980926513672,1
000667.jpg,1,4,0.9999943971633911,1
000668.jpg,0,2,2.710879925871268e-05,0
000669.jpg,0,4,0.00016093083831947297,0
000670.jpg,0,1,1.508850164100295e-05,0
000671.jpg,0,1,5.225226777838543e-05,0
000672.jpg,0,4,1.3007128472963814e-05,0
000673.jpg,0,4,0.00010150383604923263,0
000674.jpg,0,0,6.15676399320364e-05,0
000675.jpg,1,2,0.9999955892562866,1
000676.jpg,0,2,8.076349331531674e-06,0
000677.jpg,0,2,6.096360266383272e-06,0
000678.jpg,1,3,0.9999641180038452,1
000679.jpg,1,4,0.9999938011169434,1
000680.jpg,1,0,0.9999918937683105,1
000681.jpg,1,1,0.999977707862854,1
000682.jpg,1,0,0.9999855756759644,1
000683.jpg,0,0,5.727003099309513e-06,0
000684.jpg,0,3,2.0462934116949327e-05,0
000685.jpg,0,0,4.86044837089139e-06,0
000686.jpg,1,0,0.999376118183136,1
000687.jpg,1,0,0.9997695088386536,1
000688.jpg,0,2,5.771919859398622e-06,0
000689.jpg,1,1,0.9999911785125732,1
000690.jpg,1,4,0.9998902082443237,1
000691.jpg,1,1,0.999977707862854,1
000692.jpg,0,3,4.289332991902484e-06,0
000693.jpg,1,2,0.9999966621398926,1
000694.jpg,0,1,1.979206672331202e-06,0
000695.jpg,1,4,0.9998190999031067,1
000696.jpg,0,4,0.0009253848693333566,0
000697.jpg,1,3,0.9999778270721436,1
000698.jpg,1,1,0.9999803304672241,1
000699.jpg,1,0,0.999984860420227,1
000700.jpg,0,3,3.0006622182554565e-05,0
000701.jpg,0,2,6.695538559142733e-06,0
000702.jpg,1,2,0.999995231628418,1
000703.jpg,1,0,0.9999815225601196,1
000704.jpg,1,1,0.9999855756759644,1
000705.jpg,1,0,0.9999878406524658,1
000706.jpg,0,4,0.00046190584544092417,0
000707.jpg,1,1,0.9999593496322632,1
000708.jpg,1,0,0.9999865293502808,1
000709.jpg,1,2,0.9999948740005493,1
000710.jpg,0,1,1.963804152183002e-06,0
000711.jpg,1,1,0.9998162388801575,1
000712.jpg,0,3,1.248270905307436e-06,0
000713.jpg,0,4,0.9942474365234375,1
000714.jpg,0,1,1.9333585896674776e-06,0
000715.jpg,0,1,0.000374095601728186,0
000716.jpg,0,4,7.602480036439374e-05,0
000717.jpg,0,1,1.508850164100295e-05,0
000718.jpg,1,1,0.9999538660049438,1
000719.jpg,1,0,0.9993880987167358,1
000720.jpg,1,0,0.9996566772460938,1
000721.jpg,1,2,0.9999960660934448,1
000722.jpg,0,0,9.242113446816802e-05,0
000723.jpg,0,0,2.6274772608303465e-05,0
000724.jpg,1,0,0.9999873638153076,1
000725.jpg,1,4,0.9999916553497314,1
000726.jpg,1,2,0.9999935626983643,1
000727.jpg,0,4,6.814872176619247e-05,0
000728.jpg,0,4,7.411279511870816e-06,0
000729.jpg,1,4,0.999995231628418,1
000730.jpg,1,4,0.9999916553497314,1
000731.jpg,0,1,1.4823580158918048e-06,0
000732.jpg,1,2,0.9999948740005493,1
000733.jpg,1,3,0.9999923706054688,1
000734.jpg,1,4,0.9999895095825195,1
000735.jpg,0,2,5.649793456541374e-05,0
000736.jpg,1,1,0.999985933303833,1
000737.jpg,1,0,0.999823272228241,1
000738.jpg,0,4,0.000178131100255996,0
000739.jpg,0,4,6.04891829425469e-06,0
000740.jpg,1,3,0.9999895095825195,1
000741.jpg,0,2,7.3536061790946405e-06,0
000742.jpg,1,4,0.9999030828475952,1
000743.jpg,1,0,0.9998952150344849,1
000744.jpg,1,3,0.9999986886978149,1
000745.jpg,0,2,1.0699396625568625e-05,0
000746.jpg,1,2,0.9999942779541016,1
000747.jpg,1,2,0.9999964237213135,1
000748.jpg,0,2,2.355261858610902e-05,0
000749.jpg,0,4,3.944259151467122e-05,0
000750.jpg,0,1,1.3081765928291134e-06,0
000751.jpg,0,1,1.6408203009632416e-06,0
000752.jpg,0,4,0.00013238185783848166,0
000753.jpg,0,1,2.526822754589375e-05,0
000754.jpg,1,2,0.9999940395355225,1
000755.jpg,1,3,0.9999974966049194,1
000756.jpg,0,4,0.039713259786367416,0
000757.jpg,1,2,0.9999645948410034,1
000758.jpg,0,0,2.710879925871268e-05,0
000759.jpg,1,4,0.9999871253967285,1
000760.jpg,1,4,0.9999909400939941,1
000761.jpg,0,3,8.714337695892027e-07,0
000762.jpg,0,2,5.214498287386959e-06,0
000763.jpg,0,2,6.289878911047708e-06,0
000764.jpg,1,3,0.9999991655349731,1
000765.jpg,1,0,0.9999922513961792,1
000766.jpg,0,1,6.591734290850582e-06,0
000767.jpg,1,0,0.9999940395355225,1
000768.jpg,1,3,0.9999969005584717,1
000769.jpg,0,3,4.061060280946549e-06,0
000770.jpg,1,1,0.9999611377716064,1
000771.jpg,1,1,0.9999831914901733,1
000772.jpg,0,1,1.683241134742275e-05,0
000773.jpg,1,4,0.99993896484375,1
000774.jpg,0,1,2.6070305466419086e-05,0
000775.jpg,0,3,4.365877975942567e-05,0
000776.jpg,1,3,0.9999982118606567,1
000777.jpg,1,4,0.9999895095825195,1
000778.jpg,1,0,0.9999892711639404,1
000779.jpg,0,1,1.553497554596106e-06,0
000780.jpg,0,3,1.0760769555417937e-06,0
000781.jpg,1,0,0.9999617338180542,1
000782.jpg,1,3,0.9999985694885254,1
000783.jpg,0,2,6.192363798618317e-06,0
000784.jpeg,0,4,0.0004477008187677711,0
000785.jpg,0,2,5.955139840807533e-06,0
000786.png,1,0,0.9999402761459351,1
000787.jpg,0,0,7.602480036439374e-05,0
000788.jpg,1,3,0.9999854564666748,1
000789.jpg,1,3,0.9999825954437256,1
000790.jpg,0,3,7.750693384878105e-07,0
000791.jpg,1,1,0.9999799728393555,1
000792.jpg,1,0,0.9999251365661621,1
000793.jpg,1,0,0.9998089671134949,1
000794.jpg,1,4,0.9999887943267822,1
000795.jpg,0,0,3.844934781227494e-06,0
000796.jpg,1,4,0.9999959468841553,1
000797.jpg,0,1,2.8350802949717036e-06,0
000798.jpg,1,3,0.9999921321868896,1
000799.jpg,0,0,4.822624305234058e-06,0
000800.jpg,0,0,0.00012533750850707293,0
000801.jpg,1,2,0.999993085861206,1
000802.jpg,1,0,0.9997981190681458,1
000803.jpeg,0,2,2.178264912799932e-05,0
000804.jpg,0,1,1.4823580158918048e-06,0
000805.jpg,1,1,0.9999872446060181,1
000806.jpg,1,2,0.9999977350234985,1
000807.jpg,1,3,0.9999979734420776,1
000808.jpg,0,4,0.0007264874875545502,0
000809.jpg,1,3,0.9999990463256836,1
000810.jpg,1,0,0.999841570854187,1
000811.jpg,1,4,0.999991774559021,1
000812.jpg,0,1,1.5414084373333026e-06,0
000813.jpg,0,1,0.000539980421308428,0
000814.jpg,1,4,0.9999945163726807,1
000815.jpg,0,4,5.862813850399107e-06,0
000816.jpg,0,0,8.332718607562128e-06,0
000817.jpg,0,0,5.01473505210015e-06,0
000818.jpg,0,3,1.6408203009632416e-06,0
000819.jpg,0,2,2.4300241420860402e-05,0
000820.jpg,1,1,0.9999873638153076,1
000821.jpg,0,0,3.321419353596866e-05,0
000822.jpg,1,2,0.9999951124191284,1
000823.jpg,0,4,0.0010859444737434387,0
000824.jpg,1,3,0.999998927116394,1
000825.jpg,0,2,1.9373937902855687e-05,0
000826.jpg,1,2,0.9999760389328003,1
000827.jpg,0,0,2.8632557587116025e-05,0
000828.jpg,0,4,8.092757343547419e-05,0
000829.jpg,0,1,2.818866414600052e-05,0
000830.jpg,1,2,0.9999961853027344,1
000831.jpg,1,1,0.9999827146530151,1
000832.jpg,1,4,0.9999938011169434,1
000833.jpg,0,0,5.338155915524112e-06,0
000834.jpg,1,0,0.9999637603759766,1
000835.jpg,0,3,1.2098656725356705e-06,0
000836.jpg,0,2,4.898569386568852e-06,0
000837.jpg,1,1,0.9999840259552002,1
000838.jpg,0,0,3.822911094175652e-05,0
000839.jpg,0,3,1.7061830703823944e-06,0
000840.jpg,1,0,0.9999803304672241,1
000841.jpg,0,0,4.601781256496906e-06,0
000842.jpg,0,0,0.00010889690747717395,0
000843.jpg,1,3,0.9999977350234985,1
000844.jpg,0,4,5.638214133796282e-06,0
000845.jpg,1,1,0.9999864101409912,1
000846.jpg,1,1,0.9999744892120361,1
000847.jpg,1,4,0.9999895095825195,1
000848.jpg,1,1,0.999985933303833,1
000849.jpg,1,1,0.9999524354934692,1
000850.jpg,0,4,1.5206839634629432e-05,0
000851.jpg,0,1,1.517511009296868e-06,0
000852.jpg,1,4,0.9999914169311523,1
000853.jpg,0,2,3.5633544030133635e-05,0
000854.jpg,0,0,5.46474529983243e-06,0
000855.jpg,1,3,0.9999932050704956,1
000856.jpg,0,1,1.1125607670692261e-05,0
000857.jpg,0,4,0.002074867021292448,0
000858.jpg,0,1,1.948522140082787e-06,0
000859.jpg,0,3,6.591734290850582e-06,0
000860.jpg,1,3,0.9999943971633911,1
000861.jpg,0,4,2.1112482500029728e-05,0
000862.jpg,0,1,7.031184213701636e-05,0
000863.jpg,0,1,8.801101103017572e-06,0
000864.jpg,0,4,0.0008328334079124033,0
000865.jpg,0,1,8.664653250889387e-06,0
000866.jpg,1,1,0.9999145269393921,1
000867.jpg,0,1,2.010374601013609e-06,0
000868.jpg,1,2,0.9999716281890869,1
000869.jpg,0,1,1.2606946256710216e-05,0
000870.jpg,1,1,0.9999699592590332,1
000871.jpg,1,4,0.9999912977218628,1
000872.jpg,1,1,0.9999843835830688,1
000873.jpg,0,0,6.3889292505336925e-06,0
000874.jpg,1,4,0.999995231628418,1
000875.jpg,0,0,0.0004255431122146547,0
000876.jpg,1,0,0.9999737739562988,1
000877.jpg,1,3,0.9999977350234985,1
000878.jpg,1,4,0.9999874830245972,1
000879.jpg,1,3,0.9999982118606567,1
000880.jpg,0,3,1.163516571978107e-06,0
000881.jpg,1,2,0.9999845027923584,1
000882.jpg,0,4,1.750292540236842e-05,0
000883.jpg,0,4,9.368716746394057e-06,0
000884.jpg,1,4,0.999995231628418,1
000885.jpg,0,1,2.8797257982660085e-06,0
000886.jpg,1,3,0.9999982118606567,1
000887.jpg,0,3,1.5779618252054206e-06,0
000888.jpg,0,3,2.6842005809157854e-06,0
000889.jpg,0,2,5.104190859128721e-05,0
000890.jpg,1,2,0.9999943971633911,1
000891.jpg,0,2,8.332718607562128e-06,0
000892.jpg,1,0,0.9999485015869141,1
000893.jpg,1,1,0.9999822378158569,1
000894.jpg,0,0,5.46474529983243e-06,0
000895.jpg,1,2,0.9999939203262329,1
000896.jpg,0,1,1.8342892872169614e-05,0
000897.jpg,1,4,0.9998511075973511,1
000898.jpg,0,3,8.782686791164451e-07,0
000899.jpg,0,4,1.9833367332466878e-05,0
000900.jpg,1,1,0.9999788999557495,1
000901.jpg,1,3,0.9999990463256836,1
000902.jpg,1,3,0.9999977350234985,1
000903.jpg,0,3,1.6536896509933285e-06,0
000904.jpg,0,3,7.002168445069401e-07,0
000905.jpg,0,2,4.1335399146191776e-05,0
000906.jpg,1,2,0.9998044371604919,1
000907.jpg,0,0,0.0002472934720572084,0
000908.jpg,1,1,0.9999858140945435,1
000909.jpg,0,1,2.1233784082141938e-06,0
000910.jpg,1,3,0.9999990463256836,1
000911.jpg,0,3,1.1544620974746067e-06,0
000912.jpg,0,3,7.3536061790946405e-06,0
000913.jpg,0,3,3.1627598673367174e-06,0
000914.jpg,1,0,0.9999804496765137,1
000915.jpg,1,2,0.9999489784240723,1
000916.jpg,0,2,1.9679026081576012e-05,0
000917.jpg,1,3,0.9999992847442627,1
000918.jpg,1,1,0.9999903440475464,1
000919.jpg,0,1,2.747854296103469e-06,0
000920.jpg,0,2,3.822911094175652e-05,0
000921.jpg,0,2,1.2905907169624697e-05,0
000922.jpg,0,0,2.0623423552024178e-05,0
000923.jpg,1,0,0.9999854564666748,1
000924.jpg,1,2,0.9999948740005493,1
000925.jpg,1,3,0.9999982118606567,1
000926.jpg,1,1,0.999985933303833,1
000927.jpg,0,2,5.1442217227304354e-05,0
000928.jpg,1,0,0.9997240900993347,1
000929.jpg,0,0,0.0002673826238606125,0
000930.jpg,0,3,5.1845658163074404e-05,0
000931.jpg,0,1,3.619466951931827e-05,0
000932.jpg,0,2,7.5870320870308205e-06,0
000933.jpg,0,1,7.411279511870816e-06,0
000934.jpg,1,1,0.9986749291419983,1
000935.jpg,0,2,1.7097478121286258e-05,0
000936.jpg,1,3,0.9999988079071045,1
000937.jpg,1,0,0.9999895095825195,1
000938.jpg,1,1,0.9998623132705688,1
000939.jpg,0,3,1.267928269044205e-06,0
000940.jpg,1,0,0.9999822378158569,1
000941.jpg,1,1,0.999981164932251,1
000942.jpg,1,2,0.9999934434890747,1
000943.jpg,0,1,2.769405909930356e-06,0
000944.jpg,0,0,3.7558677377091954e-06,0
000945.jpg,1,1,0.9999704360961914,1
000946.jpg,0,3,9.741921530803666e-06,0
000947.jpg,1,4,0.9999954700469971,1
000948.jpg,1,4,0.9999785423278809,1
000949.jpg,1,3,0.9999958276748657,1
000950.jpg,1,1,0.9999845027923584,1
000951.jpg,1,3,0.9999823570251465,1
000952.jpg,0,0,2.93115390377352e-05,0
000953.jpeg,0,1,7.183260549936676e-06,0
000954.jpg,1,1,0.999988317489624,1
000955.jpg,1,4,0.9999939203262329,1
000956.jpg,1,0,0.999969482421875,1
000957.jpg,1,3,0.999998927116394,1
000958.jpg,1,3,0.9999967813491821,1
000959.jpg,0,1,1.8885723420680733e-06,0
000960.jpg,1,1,0.999841570854187,1
000961.jpg,1,0,0.9999873638153076,1
000962.jpg,1,1,0.9999889135360718,1
000963.jpg,0,3,4.785094461112749e-06,0
000964.jpg,1,4,0.9999899864196777,1
000965.jpg,0,3,7.934496011330339e-07,0
000966.jpg,1,3,0.999996542930603,1
000967.jpg,0,4,1.045154840539908e-05,0
000968.jpeg,1,4,0.9999743700027466,1
000969.jpg,1,0,0.9999905824661255,1
000970.jpg,0,0,5.771919859398622e-06,0
000971.jpg,0,1,1.1750976227631327e-05,0
000972.jpg,0,2,3.0006622182554565e-05,0
000973.jpg,0,1,1.517511009296868e-06,0
000974.jpg,0,2,7.3536061790946405e-06,0
000975.jpg,0,2,9.151693120657e-06,0
000976.jpg,0,2,2.6070305466419086e-05,0
000977.jpg,1,4,0.9998623132705688,1
000978.jpg,0,4,0.00012533750850707293,0
000979.jpg,0,2,1.1750976227631327e-05,0
000980.jpg,1,1,0.9996373653411865,1
000981.jpg,0,0,5.550802143261535e-06,0
000982.jpg,0,2,6.00184603172238e-06,0
000983.jpg,0,1,1.4939843140382436e-06,0
000984.jpg,1,2,0.9999755620956421,1
000985.jpg,1,2,0.9999969005584717,1
000986.jpg,1,1,0.9999889135360718,1
000987.jpg,0,0,3.5633544030133635e-05,0
000988.jpg,0,2,8.22018992039375e-05,0
000989.jpeg,0,2,1.6964426322374493e-05,0
000990.jpg,1,2,0.9999948740005493,1
000991.jpg,0,1,1.3817098079016432e-06,0
000992.jpg,0,4,9.741921530803666e-06,0
000993.jpg,1,4,0.9999936819076538,1
000994.jpg,1,1,0.9999884366989136,1
000995.png,0,4,0.0008231386309489608,0
000996.jpg,0,3,1.5414084373333026e-06,0
000997.jpg,0,2,7.254361844388768e-05,0
000998.jpg,0,0,0.0001214817602885887,0
000999.jpg,1,1,0.9999593496322632,1
001000.jpg,0,3,1.3184367162466515e-06,0
001001.jpg,1,2,0.9999803304672241,1
001002.jpg,1,1,0.9996825456619263,1
001003.jpg,0,1,5.727003099309513e-06,0
001004.jpg,1,2,0.999991774559021,1
001005.jpg,1,0,0.9998785257339478,1
001006.jpg,0,2,6.854317234683549e-06,0
001007.jpg,1,4,0.9999954700469971,1
001008.jpg,0,1,3.3667390653135953e-06,0
001009.jpg,0,1,3.4736103771138005e-06,0
001010.jpg,1,2,0.9999706745147705,1
001011.jpg,0,2,8.530320883437525e-06,0
001012.jpg,1,1,0.9999784231185913,1
001013.jpg,1,1,0.9999853372573853,1
001014.jpg,1,3,0.9999982118606567,1
001015.jpg,1,3,0.937210738658905,1
001016.jpg,0,4,1.32119585032342e-05,0
001017.jpg,1,1,0.999983549118042,1
001018.jpg,0,1,2.010374601013609e-06,0
001019.jpg,1,4,0.9999842643737793,1
001020.jpg,1,2,0.9999964237213135,1
001021.jpg,0,1,2.1112482500029728e-05,0
001022.jpg,1,3,0.9998910427093506,1
001023.jpg,1,3,0.9999971389770508,1
001024.jpg,1,0,0.9997933506965637,1
001025.jpg,0,3,1.6153819615283282e-06,0
001026.jpg,1,2,0.9999942779541016,1
001027.jpg,1,4,0.9999957084655762,1
001028.jpg,0,0,9.590887202648446e-06,0
001029.jpg,1,4,0.9999549388885498,1
001030.jpg,1,4,0.9999291896820068,1
001031.jpg,1,1,0.9998452663421631,1
001032.jpg,1,2,0.9999964237213135,1
001033.jpg,1,3,0.999997615814209,1
001034.jpg,1,0,0.9999923706054688,1
001035.jpg,1,2,0.9999881982803345,1
001036.jpg,0,1,2.225281377832289e-06,0
001037.jpg,1,0,0.9999877214431763,1
001038.jpeg,0,1,0.4259634017944336,1
001039.jpg,1,0,0.999982476234436,1
001040.jpg,0,1,2.541350113460794e-06,0
001041.jpg,1,0,0.9999589920043945,1
001042.jpg,1,4,0.9999938011169434,1
001043.jpg,0,0,4.898569386568852e-06,0
001044.jpg,1,3,0.9999967813491821,1
001045.jpg,0,1,1.5903378880466335e-06,0
001046.jpg,1,2,0.9999632835388184,1
001047.jpg,1,0,0.9998286962509155,1
001048.jpg,1,4,0.999562680721283,1
001049.jpg,1,1,0.9999599456787109,1
001050.jpg,0,4,8.530320883437525e-06,0
001051.jpg,0,0,0.00029365462251007557,0
001052.jpg,0,4,0.00017952795315068215,0
001053.jpg,0,3,1.051149638442439e-06,0
001054.jpg,1,1,0.9999872446060181,1
001055.jpg,1,2,0.9999961853027344,1
001056.jpg,1,1,0.9999493360519409,1
001057.jpg,1,1,0.9999481439590454,1
001058.jpg,0,2,5.173918907530606e-06,0
001059.jpg,1,2,0.999985933303833,1
001060.jpg,1,3,0.9999983310699463,1
001061.jpg,1,2,0.999995231628418,1
001062.jpg,0,2,1.5446308680111542e-05,0
001063.jpg,0,1,2.521573378544417e-06,0
001064.jpg,1,2,0.9999951124191284,1
001065.jpg,1,1,0.9999841451644897,1
001066.jpg,0,4,6.922183820279315e-05,0
001067.jpg,1,4,0.9999949932098389,1
001068.jpg,1,4,0.9999816417694092,1
001069.jpg,1,2,0.999967098236084,1
001070.jpg,1,0,0.9999849796295166,1
001071.jpg,0,4,3.2955729693640023e-05,0
001072.jpg,1,1,0.9999866485595703,1
001073.jpg,1,4,0.999994158744812,1
001074.jpg,1,3,0.9999970197677612,1
001075.jpg,0,4,0.000337979436153546,0
001076.jpg,1,3,0.9999983310699463,1
001077.jpg,1,1,0.9994162321090698,1
001078.jpg,0,4,1.4510477740259375e-05,0
001079.jpg,0,0,4.601781256496906e-06,0
001080.jpg,0,2,0.9462003111839294,1
001081.jpg,1,3,0.999997615814209,1
001082.jpg,1,4,0.999994158744812,1
001083.jpg,1,3,0.9999957084655762,1
001084.jpg,0,1,6.591734290850582e-06,0
001085.jpg,1,4,0.9999874830245972,1
001086.jpg,0,2,7.031184213701636e-05,0
001087.jpg,0,1,1.6408203009632416e-06,0
001088.jpg,0,4,2.7751651941798627e-05,0
001089.jpg,1,1,0.9999889135360718,1
001090.jpg,1,0,0.9999881982803345,1
001091.jpg,1,3,0.9999979734420776,1
001092.jpg,1,2,0.9999970197677612,1
001093.jpg,0,1,2.5019505756063154e-06,0
001094.jpg,1,1,0.9999171495437622,1
001095.jpg,0,0,5.054065695730969e-06,0
001096.jpg,1,2,0.9999939203262329,1
001097.jpg,1,1,0.9999852180480957,1
001098.jpg,0,3,9.349120091428631e-07,0
001099.jpg,1,0,0.9998028874397278,1
001100.jpg,1,4,0.9999911785125732,1
001101.jpg,1,4,0.9999914169311523,1
001102.jpg,1,2,0.9999951124191284,1
001103.jpg,0,3,8.186363515960693e-07,0
001104.jpg,0,3,1.0267999641655479e-06,0
001105.jpg,1,2,0.9999940395355225,1
001106.jpg,0,1,5.0644717703107744e-05,0
001107.jpg,0,0,5.783766391687095e-05,0
001108.jpg,0,2,6.854317234683549e-06,0
001109.jpg,0,3,1.267928269044205e-06,0
001110.jpg,0,0,2.0145689632045105e-05,0
001111.jpg,1,1,0.9999804496765137,1
001112.jpg,0,0,0.00019563532259780914,0
001113.jpg,1,4,0.9985505938529968,1
001114.jpg,0,0,4.4602002162719145e-06,0
001115.jpeg,0,1,3.144662332488224e-05,0
001116.jpg,1,2,0.9999910593032837,1
001117.jpg,1,1,0.9998148083686829,1
001118.jpg,0,0,0.0003889920481014997,0
001119.jpg,1,1,0.999869704246521,1
001120.jpg,1,1,0.9999853372573853,1
001121.jpg,0,1,6.695538559142733e-06,0
001122.jpg,1,1,0.9999439716339111,1
001123.jpg,1,3,0.9999867677688599,1
001124.jpg,1,0,0.9986541271209717,1
001125.jpg,1,4,0.9999940395355225,1
001126.jpg,1,4,0.9999940395355225,1
001127.jpg,1,3,0.9999984502792358,1
001128.jpg,0,4,1.2905907169624697e-05,0
001129.jpg,0,1,1.1212864592380356e-05,0
001130.jpg,0,3,7.81148287387623e-07,0
001131.jpg,0,1,1.6442494597868063e-05,0
001132.jpg,1,1,0.999990701675415,1
001133.jpg,0,3,1.0030140629169182e-06,0
001134.jpg,1,4,0.9999854564666748,1
001135.jpg,1,2,0.9999831914901733,1
001136.jpg,1,3,0.9999990463256836,1
001137.jpg,1,0,0.9996199607849121,1
001138.jpg,1,2,0.9999629259109497,1
001139.jpg,0,1,1.6929056982917245e-06,0
001140.jpg,1,2,0.999966025352478,1
001141.jpg,1,0,0.9976403713226318,1
001142.jpg,0,1,1.6442494597868063e-05,0
001143.jpg,1,1,0.9999860525131226,1
001144.jpg,1,3,0.9999991655349731,1
001145.jpg,1,4,0.9999955892562866,1
001146.jpg,1,4,0.999995231628418,1
001147.jpg,1,3,0.9999899864196777,1
001148.jpg,1,3,0.9999983310699463,1
001149.jpg,0,3,8.380498002225067e-07,0
001150.jpg,1,0,0.999931812286377,1
001151.jpg,1,3,0.9999948740005493,1
001152.jpg,0,4,8.332718607562128e-06,0
001153.jpg,0,1,1.3497025292963372e-06,0
001154.jpg,1,1,0.9999815225601196,1
001155.jpg,0,0,9.818326361710206e-06,0
001156.jpg,1,3,0.9999837875366211,1
001157.jpg,1,4,0.9999825954437256,1
001158.jpg,1,0,0.9993563294410706,1
001159.jpg,0,3,2.1737328097515274e-06,0
001160.jpg,0,0,4.1335399146191776e-05,0
001161.jpg,1,0,0.9999920129776001,1
001162.jpg,0,3,1.0108807373399031e-06,0
001163.jpg,0,2,2.3737338779028505e-05,0
001164.jpg,0,1,1.5206839634629432e-05,0
001165.jpg,0,4,1.0129991096619051e-05,0
001166.jpg,1,1,0.9998756647109985,1
001167.jpg,1,3,0.9999967813491821,1
001168.jpg,1,3,0.9999759197235107,1
001169.jpg,1,4,0.9999605417251587,1
001170.jpg,0,2,0.0005442132824100554,0
001171.jpg,0,1,0.00019871552649419755,0
001172.jpg,1,0,0.13939638435840607,1
001173.jpg,0,2,0.0772387832403183,0
001174.jpg,1,4,0.9999938011169434,1
001175.jpg,0,0,1.8631746570463292e-05,0
001176.jpg,1,0,0.9999865293502808,1
001177.jpeg,0,1,0.019271137192845345,0
001178.jpg,1,3,0.999992847442627,1
001179.jpg,0,4,5.955139840807533e-06,0
001180.jpg,1,0,0.999982476234436,1
001181.jpg,0,0,2.3737338779028505e-05,0
001182.jpg,0,2,7.016861218289705e-06,0
001183.jpg,0,2,5.955139840807533e-06,0
001184.jpg,1,0,0.9999840259552002,1
001185.jpg,1,3,0.9999985694885254,1
001186.jpg,1,0,0.999988317489624,1
001187.jpg,1,1,0.9997884631156921,1
001188.jpg,1,2,0.9999762773513794,1
001189.jpg,1,4,0.9997950196266174,1
001190.jpg,0,3,8.380498002225067e-07,0
001191.jpg,1,3,0.9999984502792358,1
001192.jpg,1,3,0.9999982118606567,1
001193.jpg,1,0,0.9999852180480957,1
001194.jpg,1,4,0.999975323677063,1
001195.jpg,1,4,0.999840259552002,1
001196.jpg,0,1,2.207963916589506e-06,0
001197.jpg,1,1,0.9999845027923584,1
001198.jpg,0,4,0.00021654405281879008,0
001199.jpg,0,1,3.936114808311686e-06,0
001200.jpg,0,3,1.788064537322498e-06,0
001201.jpg,1,4,0.9999560117721558,1
001202.jpg,1,0,0.9999891519546509,1
001203.jpg,0,2,8.732609785511158e-06,0
001204.jpg,1,0,0.999841570854187,1
001205.jpg,0,4,1.7097478121286258e-05,0
001206.jpg,0,4,6.962256520637311e-06,0
001207.jpg,1,0,0.99997878074646,1
001208.jpg,1,4,0.999991774559021,1
001209.jpg,0,0,7.602480036439374e-05,0
001210.jpg,1,3,0.9999982118606567,1
001211.jpg,1,4,0.9999954700469971,1
001212.jpg,0,1,8.732609785511158e-06,0
001213.jpg,1,4,0.9999942779541016,1
001214.jpg,0,2,2.2474090656032786e-05,0
001215.jpg,0,3,2.769405909930356e-06,0
001216.jpg,1,3,0.9999980926513672,1
001217.jpg,0,1,0.00010472556459717453,0
001218.jpg,1,0,0.9999632835388184,1
001219.jpg,0,0,4.565969902614597e-06,0
001220.jpg,1,4,0.9524857997894287,1
001221.jpg,0,1,1.4397557606571354e-05,0
001222.jpg,1,0,0.9999552965164185,1
001223.jpg,0,2,8.415109186898917e-05,0
001224.jpg,0,0,5.054065695730969e-06,0
001225.jpg,1,3,0.999992847442627,1
001226.jpg,1,1,0.999988317489624,1
001227.jpeg,0,2,3.2955729693640023e-05,0
001228.jpg,1,4,0.9998190999031067,1
001229.jpg,0,3,7.996727049430774e-07,0
001230.jpg,1,0,0.9998133778572083,1
001231.jpg,1,0,0.9999904632568359,1
001232.jpg,0,4,5.908796538278693e-06,0
001233.jpg,0,3,8.415109186898917e-05,0
001234.jpg,1,4,0.9999804496765137,1
001235.jpg,0,0,4.975709998689126e-06,0
001236.jpg,1,2,0.9999531507492065,1
001237.jpg,1,1,0.982355535030365,1
001238.jpg,1,1,0.999985933303833,1
001239.jpg,0,0,4.6742488848394714e-06,0
001240.jpg,1,0,0.9999904632568359,1
001241.jpg,0,2,8.076349331531674e-06,0
001242.jpg,0,0,5.518923353520222e-05,0
001243.jpg,1,2,0.9999874830245972,1
001244.jpg,1,0,0.9997153878211975,1
001245.jpg,0,2,7.766951966914348e-06,0
001246.jpg,0,3,1.2979962775716558e-06,0
001247.jpg,0,1,2.332074700461817e-06,0
001248.jpg,0,0,4.822624305234058e-06,0
001249.jpg,0,4,1.0370214113208931e-05,0
001250.jpg,1,4,0.999992847442627,1
001251.jpg,0,1,8.732609785511158e-06,0
001252.jpg,1,1,0.9999860525131226,1
001253.jpg,0,3,9.42244525958813e-07,0
001254.jpg,0,1,1.6280514500977006e-06,0
001255.jpg,1,4,0.999992847442627,1
001256.jpg,1,0,0.9998218417167664,1
001257.jpg,0,0,6.3889292505336925e-06,0
001258.jpg,0,0,2.161314114346169e-05,0
001259.jpg,1,1,0.9999823570251465,1
001260.jpg,1,2,0.9999798536300659,1
001261.jpg,0,1,1.3709570794162573e-06,0
001262.jpg,0,2,1.373825580230914e-05,0
001263.jpg,0,4,0.2859697937965393,1
001264.jpg,1,3,0.9999984502792358,1
001265.jpg,0,2,6.962256520637311e-06,0
001266.jpg,1,3,0.9999868869781494,1
001267.jpg,1,4,0.9999963045120239,1
001268.jpg,0,3,1.6408203009632416e-06,0
001269.jpg,0,4,6.439037861127872e-06,0
001270.jpg,1,3,0.9658995866775513,1
001271.jpg,1,3,0.9999605417251587,1
001272.jpg,0,1,9.818326361710206e-06,0
001273.jpg,1,4,0.9998557567596436,1
001274.jpg,1,2,0.9999924898147583,1
001275.jpg,1,1,0.99998939037323,1
001276.jpg,0,1,2.4300241420860402e-05,0
001277.jpg,1,4,0.9999879598617554,1
001278.jpg,0,0,6.192363798618317e-06,0
001279.jpg,1,2,0.9999961853027344,1
001280.jpg,1,1,0.9999880790710449,1
001281.jpg,0,3,1.1365636964910664e-06,0
001282.jpg,0,1,2.106854026351357e-06,0
001283.jpg,0,1,3.70529705833178e-05,0
001284.jpg,1,1,0.9997108578681946,1
001285.jpg,1,4,0.999977707862854,1
001286.jpg,1,2,0.9999842643737793,1
001287.jpg,1,4,0.9999935626983643,1
001288.jpg,1,3,0.999972939491272,1
001289.jpg,0,0,4.975709998689126e-06,0
001290.jpg,0,0,0.0009966075886040926,0
001291.jpg,1,3,0.9999910593032837,1
001292.jpg,1,3,0.9999909400939941,1
001293.jpg,0,1,7.239599653985351e-06,0
001294.jpg,1,3,0.9999986886978149,1
001295.jpg,1,3,0.9999934434890747,1
001296.jpg,0,1,1.1843139873235486e-05,0
001297.jpg,1,4,0.9999719858169556,1
001298.jpg,0,2,9.00981012819102e-06,0
001299.jpg,0,2,0.4710712134838104,1
001300.jpg,1,0,0.9984632730484009,1
001301.jpg,0,4,1.3007128472963814e-05,0
001302.jpg,0,3,0.998835027217865,1
001303.jpg,0,2,6.3889292505336925e-06,0
001304.jpg,1,3,0.9999986886978149,1
001305.jpg,0,2,6.192363798618317e-06,0
001306.jpg,1,1,0.9999626874923706,1
001307.jpg,1,4,0.9996849298477173,1
001308.jpg,0,0,5.380023594625527e-06,0
001309.jpg,1,4,0.9999849796295166,1
001310.jpg,0,1,1.6028110394472606e-06,0
001311.jpg,1,0,0.9999904632568359,1
001312.jpg,1,3,0.9999984502792358,1
001313.jpg,1,2,0.999976396560669,1
001314.jpg,1,2,0.9999657869338989,1
001315.jpg,1,4,0.9999957084655762,1
001316.jpg,1,2,0.9999605417251587,1
001317.jpg,1,4,0.9999940395355225,1
001318.jpeg,0,2,3.4001819585682824e-05,0
001319.jpg,0,3,2.1737328097515274e-06,0
001320.jpg,1,2,0.9999959468841553,1
001321.jpg,0,3,2.140032165698358e-06,0
001322.jpg,0,0,5.649793456541374e-05,0
001323.jpg,1,2,0.9996646642684937,1
001324.jpg,0,4,5.214498287386959e-06,0
001325.jpg,1,1,0.9999833106994629,1
001326.jpg,1,3,0.9999985694885254,1
001327.jpg,0,3,1.0930227745120646e-06,0
001328.jpg,1,0,0.9999905824661255,1
001329.jpg,0,3,1.746643988553842e-06,0
001330.jpg,1,2,0.9999959468841553,1
001331.jpg,1,3,0.9999923706054688,1
001332.jpg,0,2,5.338155915524112e-06,0
001333.jpg,0,1,3.5838745588989696e-06,0
001334.jpg,1,4,0.999981164932251,1
001335.jpg,0,2,1.1750976227631327e-05,0
001336.jpg,0,0,5.874842099728994e-05,0
001337.jpg,0,1,1.0209440915787127e-05,0
001338.jpg,1,3,0.9998745918273926,1
001339.jpg,0,2,2.1953488612780347e-05,0
001340.jpg,1,0,0.9999905824661255,1
001341.jpg,1,1,0.9999854564666748,1
001342.jpg,0,1,2.229919846286066e-05,0
001343.jpg,1,4,0.999992847442627,1
001344.jpg,1,3,0.9999938011169434,1
001345.jpg,0,0,2.030369250860531e-05,0
001346.jpg,0,1,2.818866414600052e-05,0
001347.jpg,1,0,0.9995539784431458,1
001348.jpg,1,2,0.7923036217689514,1
001349.jpg,1,2,0.9999922513961792,1
001350.jpg,1,0,0.9999912977218628,1
001351.jpg,1,0,0.9998058676719666,1
001352.jpg,0,1,8.597226042184047e-06,0
001353.jpg,0,2,6.908075192768592e-06,0
001354.jpg,0,3,3.024195939360652e-05,0
001355.jpg,1,0,0.9999359846115112,1
001356.jpg,0,0,0.00017400544311385602,0
001357.jpg,0,3,1.051149638442439e-06,0
001358.jpg,0,2,6.14417513133958e-06,0
001359.jpg,0,3,1.0209440915787127e-05,0
001360.jpg,1,4,0.9999934434890747,1
001361.jpg,1,1,0.9999861717224121,1
001362.jpg,1,3,0.9999755620956421,1
001363.jpg,1,2,0.9999611377716064,1
001364.jpg,1,3,0.9999963045120239,1
001365.jpg,0,1,2.2603244360652752e-06,0
001366.jpg,1,2,0.999995231628418,1
001367.jpg,1,3,0.9999966621398926,1
001368.jpg,0,3,1.1544620974746067e-06,0
001369.jpg,1,2,0.9999549388885498,1
001370.jpg,1,3,0.9999988079071045,1
001371.jpg,1,3,0.9999980926513672,1
001372.jpg,0,1,1.7231572201126255e-05,0
001373.jpg,1,1,0.9999855756759644,1
001374.jpg,1,4,0.9999935626983643,1
001375.jpg,0,3,6.227858762031246e-07,0
001376.jpg,1,1,0.9999727010726929,1
001377.jpg,1,0,0.9999862909317017,1
001378.jpg,1,3,0.9999980926513672,1
001379.jpg,1,0,0.9999464750289917,1
001380.jpg,1,0,0.9997712969779968,1
001381.jpg,0,0,1.9373937902855687e-05,0
001382.jpg,1,2,0.999993085861206,1
001383.jpg,0,2,1.922317096614279e-05,0
001384.jpg,1,1,0.9999892711639404,1
001385.jpg,0,4,0.9998352527618408,1
001386.jpg,0,3,7.750693384878105e-07,0
001387.jpg,0,0,4.601781256496906e-06,0
001388.jpg,1,1,0.9999421834945679,1
001389.jpg,1,0,0.9999269247055054,1
001390.jpg,0,1,1.979206672331202e-06,0
001391.jpg,1,0,0.9999209642410278,1
001392.jpg,0,1,2.106854026351357e-06,0
001393.jpg,0,2,7.469407137250528e-06,0
001394.jpg,0,4,5.908796538278693e-06,0
001395.jpg,1,3,0.9999697208404541,1
001396.jpg,1,0,0.9986904263496399,1
001397.jpg,0,0,4.4602002162719145e-06,0
001398.jpg,0,2,1.805851934477687e-05,0
001399.jpg,1,1,0.9999817609786987,1
001400.jpg,1,2,0.9999810457229614,1
001401.jpg,0,2,6.8009767346666194e-06,0
001402.jpg,0,0,4.710908797278535e-06,0
001403.jpg,1,0,0.9999867677688599,1
001404.jpg,1,1,0.9999861717224121,1
001405.jpg,1,4,0.9999911785125732,1
001406.jpg,1,0,0.9998804330825806,1
001407.jpg,0,2,8.332718607562128e-06,0
001408.jpg,1,4,0.9999904632568359,1
001409.jpg,1,2,0.9999369382858276,1
001410.jpg,1,0,0.999869704246521,1
001411.jpg,1,1,0.999983549118042,1
001412.jpg,0,0,4.061060280946549e-06,0
001413.jpg,1,0,0.9999830722808838,1
001414.jpg,1,3,0.9999986886978149,1
001415.jpg,1,0,0.9989055395126343,1
001416.jpg,1,2,0.9999945163726807,1
001417.jpg,1,3,0.9999877214431763,1
001418.jpg,0,4,0.00014883848780300468,0
001419.jpg,1,3,0.9999986886978149,1
001420.jpg,1,2,0.999988317489624,1
001421.jpg,0,1,2.9773113055853173e-05,0
001422.jpg,1,2,0.9999914169311523,1
001423.jpg,1,3,0.956308901309967,1
001424.jpg,0,3,6.289878911047708e-06,0
001425.jpg,1,2,0.9999963045120239,1
001426.jpg,0,4,4.0694576455280185e-05,0
001427.jpg,0,3,8.398072168347426e-06,0
001428.jpg,0,2,5.42221869181958e-06,0
001429.jpg,0,0,4.0063696360448375e-05,0
001430.jpg,1,4,0.9999955892562866,1
001431.jpg,0,1,1.403468445460021e-06,0
001432.jpg,1,3,0.9999979734420776,1
001433.jpg,1,1,0.9994207620620728,1
001434.jpg,0,2,3.647853736765683e-05,0
001435.jpg,1,0,0.9999755620956421,1
001436.jpg,1,1,0.999984622001648,1
001437.jpg,1,0,0.999562680721283,1
001438.jpg,0,0,5.727003099309513e-06,0
001439.jpg,1,2,0.9999892711639404,1
001440.jpg,1,0,0.9999678134918213,1
001441.jpg,1,3,0.9999867677688599,1
001442.jpg,0,3,3.047914469789248e-05,0
001443.jpg,1,1,0.9995216131210327,1
001444.jpg,1,1,0.999967098236084,1
001445.jpg,0,3,6.947677775315242e-07,0
001446.jpg,0,2,6.289878911047708e-06,0
001447.jpg,1,1,0.9999814033508301,1
001448.jpg,0,1,8.139692909026053e-06,0
001449.jpg,1,4,0.9999935626983643,1
001450.jpg,1,2,0.9999784231185913,1
001451.jpg,1,4,0.9999949932098389,1
001452.jpg,0,3,1.1015954441973008e-06,0
001453.jpg,1,2,0.9999724626541138,1
001454.jpg,1,2,0.9999881982803345,1
001455.jpg,1,3,0.999998927116394,1
001456.jpg,1,0,0.9999580383300781,1
001457.jpg,1,4,0.999913215637207,1
001458.jpg,0,3,7.81148287387623e-07,0
001459.jpg,0,1,5.605828482657671e-05,0
001460.jpg,0,3,1.191108481179981e-06,0
001461.jpg,1,4,0.9999932050704956,1
001462.jpg,0,1,2.9480165721906815e-06,0
001463.jpg,0,2,8.957788668340072e-05,0
001464.jpg,0,4,2.178264912799932e-05,0
001465.jpg,0,1,1.5294129980247817e-06,0
001466.jpg,1,2,0.9999955892562866,1
001467.jpg,1,2,0.9999961853027344,1
001468.jpg,0,1,1.7330517039226834e-06,0
001469.jpg,0,2,2.710879925871268e-05,0
001470.jpg,1,2,0.9999954700469971,1
001471.jpg,1,0,0.9999920129776001,1
001472.jpg,0,3,1.9333585896674776e-06,0
001473.jpg,0,2,1.9833367332466878e-05,0
001474.jpg,1,4,0.9999397993087769,1
001475.jpg,0,1,3.3145429370051716e-06,0
001476.jpg,0,2,8.530320883437525e-06,0
001477.jpg,1,0,0.9999896287918091,1
001478.jpg,0,4,7.127359822334256e-06,0
001479.jpg,0,2,5.338155915524112e-06,0
001480.jpg,1,4,0.9999915361404419,1
001481.jpg,0,0,1.0209440915787127e-05,0
001482.jpg,0,3,9.061477612704039e-07,0
001483.jpg,0,0,1.9833367332466878e-05,0
001484.jpg,1,1,0.9999569654464722,1
001485.jpg,1,1,0.9999847412109375,1
001486.jpg,0,4,3.21923362207599e-05,0
001487.jpg,0,3,1.0429696430946933e-06,0
001488.jpg,0,1,2.0785171727766283e-05,0
001489.jpeg,0,4,0.113973468542099,0
001490.jpg,1,1,0.9999384880065918,1
001491.jpg,1,0,0.9998840093612671,1
001492.jpg,1,2,0.9999959468841553,1
001493.jpg,0,3,4.391050879348768e-06,0
001494.jpg,0,1,3.1627598673367174e-06,0
001495.jpg,1,3,0.9999964237213135,1
001496.jpg,0,4,5.0250619096914306e-05,0
001497.jpg,1,2,0.9999955892562866,1
001498.jpg,1,3,0.9999912977218628,1
001499.jpg,1,3,0.9999957084655762,1
001500.jpg,0,0,4.898569386568852e-06,0
001501.jpg,1,0,0.9998840093612671,1
001502.jpg,1,1,0.9997507929801941,1
001503.jpg,0,3,8.851568509271601e-07,0
001504.jpg,0,3,9.276364494326117e-07,0
001505.jpg,1,1,0.9999902248382568,1
001506.jpg,0,2,7.889262633398175e-06,0
001507.jpg,1,4,0.9999834299087524,1
001508.jpg,1,1,0.999987006187439,1
001509.jpg,1,4,0.9999209642410278,1
001510.jpg,0,0,2.9541426556534134e-05,0
001511.jpg,1,0,0.9999910593032837,1
001512.jpg,0,4,8.076349331531674e-06,0
001513.jpg,0,3,9.349120091428631e-07,0
001514.jpg,1,4,0.9999885559082031,1
001515.jpg,0,0,5.0937055675603915e-06,0
001516.jpg,0,4,0.975623369216919,1
001517.jpg,1,2,0.9999641180038452,1
001518.jpg,0,1,6.04891829425469e-06,0
001519.jpg,1,4,0.9999940395355225,1
001520.jpg,1,4,0.9999730587005615,1
001521.jpg,0,1,3.966985786973964e-06,0
001522.jpg,0,4,7.254361844388768e-05,0
001523.jpg,1,4,0.9999743700027466,1
001524.jpg,1,0,0.9999833106994629,1
001525.jpg,0,3,2.242734353785636e-06,0
001526.jpg,1,2,0.9999924898147583,1
001527.jpg,1,4,0.9999865293502808,1
001528.jpg,0,0,4.365877975942567e-05,0
001529.jpg,0,1,1.3287774436321342e-06,0
001530.jpg,0,1,1.5446308680111542e-05,0
001531.jpg,1,1,0.9999774694442749,1
001532.jpg,1,0,0.9999417066574097,1
001533.jpg,1,2,0.9998675584793091,1
001534.jpg,0,0,7.296379862964386e-06,0
001535.jpeg,0,0,9.972942280001007e-06,0
001536.jpg,0,0,8.203532161132898e-06,0
001537.jpg,1,3,0.9999793767929077,1
001538.jpg,1,1,0.9974787831306458,1
001539.jpg,0,0,0.00013032974675297737,0
001540.jpg,1,2,0.9999954700469971,1
001541.jpg,0,1,1.5779618252054206e-06,0
001542.jpg,0,3,6.24093036094564e-06,0
001543.jpg,1,3,0.9999980926513672,1
001544.jpg,0,4,0.7872777581214905,1
001545.jpg,0,0,5.380023594625527e-06,0
001546.jpg,1,2,0.999995231628418,1
001547.jpg,0,0,5.3075080359121785e-05,0
001548.jpg,0,1,3.2631558042339748e-06,0
001549.jpg,1,3,0.9999933242797852,1
001550.jpg,0,4,5.475977377500385e-05,0
001551.jpg,1,4,0.9999926090240479,1
001552.jpg,1,4,0.9999880790710449,1
001553.jpg,1,0,0.9999617338180542,1
001554.jpg,1,3,0.9999910593032837,1
001555.jpg,0,1,2.106854026351357e-06,0
001556.jpg,0,0,7.411279511870816e-06,0
001557.jpg,1,0,0.9994340538978577,1
001558.jpg,0,3,7.296379862964386e-06,0
001559.jpg,0,3,2.2125668692751788e-05,0
001560.jpg,0,3,3.0654518923256546e-06,0
001561.jpg,0,0,8.029783930396661e-05,0
001562.jpg,1,1,0.9999862909317017,1
001563.jpg,1,0,0.9986904263496399,1
001564.jpg,1,2,0.9999961853027344,1
001565.jpg,1,1,0.9999873638153076,1
001566.jpg,0,2,9.741921530803666e-06,0
001567.jpg,1,2,0.8022459149360657,1
001568.jpg,0,4,7.411279511870816e-06,0
001569.jpg,1,4,0.9999934434890747,1
001570.jpg,0,4,4.720623110188171e-05,0
001571.jpeg,0,2,1.2606946256710216e-05,0
001572.jpg,0,1,2.332074700461817e-06,0
001573.jpg,1,1,0.9999899864196777,1
001574.jpg,1,1,0.9999781847000122,1
001575.jpg,1,3,0.9999978542327881,1
001576.jpg,0,2,8.818924106890336e-05,0
001577.jpg,0,3,1.0108807373399031e-06,0
001578.jpg,0,4,0.0003997710591647774,0
001579.jpg,0,3,1.2004504696960794e-06,0
001580.jpg,1,0,0.9996287822723389,1
001581.jpg,0,3,3.1627598673367174e-06,0
001582.jpg,1,2,0.9999914169311523,1
001583.jpg,1,0,0.9998910427093506,1
001584.jpg,1,1,0.9998666048049927,1
001585.jpg,1,0,0.9995778203010559,1
001586.jpg,1,0,0.9998785257339478,1
001587.jpg,1,3,0.9999983310699463,1
001588.jpg,1,2,0.9999947547912598,1
001589.jpg,0,0,2.6070305466419086e-05,0
001590.jpg,1,1,0.9999834299087524,1
001591.jpg,1,3,0.9999986886978149,1
001592.jpg,1,0,0.9999657869338989,1
001593.jpg,0,3,6.192363798618317e-06,0
001594.jpg,0,4,0.004609572235494852,0
001595.jpg,1,4,0.9999872446060181,1
001596.jpg,1,4,0.9999949932098389,1
001597.jpg,1,1,0.9998148083686829,1
001598.jpeg,0,1,1.061613602360012e-05,0
001599.jpg,0,4,1.3007128472963814e-05,0
001600.jpg,1,3,0.9999780654907227,1
001601.jpg,1,3,0.9999991655349731,1
001602.jpg,1,4,0.9998910427093506,1
001603.jpg,1,4,0.9999822378158569,1
001604.jpg,0,1,8.597226042184047e-06,0
001605.jpg,1,0,0.999946117401123,1
001606.jpg,1,2,0.9999576807022095,1
001607.jpg,0,0,3.120191104244441e-05,0
001608.jpg,0,4,0.00010071399447042495,0
001609.jpg,1,3,0.9999986886978149,1
001610.jpg,1,0,0.9999620914459229,1
001611.jpg,0,0,8.267873454315122e-06,0
001612.jpg,1,1,0.9999855756759644,1
001613.jpg,1,1,0.9999890327453613,1
001614.jpg,1,4,0.9999643564224243,1
001615.jpg,1,4,0.9999945163726807,1
001616.jpg,1,2,0.02898062951862812,0
001617.jpg,1,1,0.999552309513092,1
001618.jpg,1,1,0.9999876022338867,1
001619.jpg,0,4,0.009746103547513485,0
001620.jpg,0,1,2.0785171727766283e-05,0
001621.jpg,0,4,0.00013552079326473176,0
001622.jpg,1,3,0.9999978542327881,1
001623.jpg,1,0,0.9999434947967529,1
001624.jpg,1,0,0.9999593496322632,1
001625.jpg,0,2,7.766951966914348e-06,0
001626.jpg,1,0,0.9999756813049316,1
001627.jpg,1,0,0.9990378618240356,1
001628.jpg,1,1,0.9999881982803345,1
001629.jpg,0,4,1.0783312063722406e-05,0
001630.jpg,1,3,0.9999990463256836,1
001631.jpg,0,0,4.391050879348768e-06,0
001632.jpg,1,1,0.9999008178710938,1
001633.jpg,1,4,0.999994158744812,1
001634.jpg,1,2,0.9999364614486694,1
001635.jpg,1,1,0.9999799728393555,1
001636.jpg,1,1,0.9999886751174927,1
001637.jpg,0,3,8.782686791164451e-07,0
001638.jpg,1,4,0.9999964237213135,1
001639.jpg,0,3,1.2580612747115083e-06,0
001640.jpg,1,0,0.9998148083686829,1
001641.jpg,0,4,0.0005316132446750998,0
001642.jpg,1,3,0.9999983310699463,1
001643.jpg,1,2,0.9999963045120239,1
001644.jpg,0,4,6.97647119523026e-05,0
001645.jpg,1,1,0.9999896287918091,1
001646.jpg,0,3,9.874638635665178e-07,0
001647.jpg,0,0,7.662102143513039e-05,0
001648.jpg,1,4,0.9999960660934448,1
001649.jpg,1,1,0.9999274015426636,1
001650.jpg,0,2,7.071895197441336e-06,0
001651.jpg,0,3,8.597226042184047e-06,0
001652.jpg,1,2,0.9999958276748657,1
001653.jpg,0,1,0.999931812286377,1
001654.jpg,0,3,3.419757376832422e-06,0
001655.jpeg,0,3,5.771919859398622e-06,0
001656.jpg,0,4,0.00019871552649419755,0
001657.jpg,1,3,0.9999977350234985,1
001658.jpg,1,2,0.999994158744812,1
001659.jpg,0,2,5.0937055675603915e-06,0
001660.jpg,1,2,0.9999675750732422,1
001661.jpg,1,1,0.9999576807022095,1
001662.jpg,0,4,9.368716746394057e-06,0
001663.jpg,1,3,0.9999983310699463,1
001664.jpg,1,3,0.9999966621398926,1
001665.jpg,1,3,0.9999966621398926,1
001666.jpg,1,3,0.9999986886978149,1
001667.jpg,0,4,9.442196642339695e-06,0
001668.jpg,1,3,0.9999927282333374,1
001669.jpg,1,0,0.9986593723297119,1
001670.jpg,0,2,2.8857117285951972e-05,0
001671.jpg,1,4,0.9999932050704956,1
001672.jpg,0,3,1.5326106222346425e-05,0
001673.jpg,0,1,4.611274925991893e-05,0
001674.jpg,1,4,0.999994158744812,1
001675.jpg,1,2,0.9999961853027344,1
001676.jpg,0,3,3.5559846764954273e-06,0
001677.jpg,0,2,2.178264912799932e-05,0
001678.jpg,0,0,1.9679026081576012e-05,0
001679.jpg,0,2,1.7640200894675218e-05,0
001680.jpg,0,1,1.2123987289669458e-05,0
001681.jpg,1,4,0.9999580383300781,1
001682.jpg,0,0,1.7366719475830905e-05,0
001683.jpg,0,0,5.955139840807533e-06,0
001684.jpg,1,0,0.9999687671661377,1
001685.jpg,1,1,0.999988317489624,1
001686.jpg,1,1,0.999990701675415,1
001687.jpg,0,1,2.857316076187999e-06,0
001688.jpg,0,1,2.2474090656032786e-05,0
001689.jpg,1,2,0.9999849796295166,1
001690.jpg,1,0,0.9999781847000122,1
001691.jpg,1,2,0.9999593496322632,1
001692.jpg,1,0,0.9998840093612671,1
001693.jpg,1,1,0.9993928670883179,1
001694.jpg,1,1,0.9999867677688599,1
001695.jpg,0,0,1.086788597604027e-05,0
001696.jpg,1,1,0.9998952150344849,1
001697.jpg,1,2,0.999981164932251,1
001698.jpg,1,3,0.9999985694885254,1
001699.jpg,1,2,0.9998936653137207,1
001700.jpg,1,2,0.999975323677063,1
001701.jpg,1,2,0.9999936819076538,1
001702.jpg,0,1,3.53562536474783e-05,0
001703.jpg,0,0,4.125011855649063e-06,0
001704.jpg,0,0,5.955139840807533e-06,0
001705.jpg,1,1,0.9999810457229614,1
001706.jpg,1,2,0.9999673366546631,1
001707.jpg,0,3,1.0209440915787127e-05,0
001708.jpg,0,2,5.01473505210015e-06,0
001709.jpg,1,4,0.999991774559021,1
001710.jpg,1,0,0.999993085861206,1
001711.jpg,0,3,1.2193548855066183e-06,0
001712.jpg,0,4,1.3315579053596593e-05,0
001713.jpg,1,3,0.9999932050704956,1
001714.jpg,0,2,2.2125668692751788e-05,0
001715.jpg,0,3,8.250569862866541e-07,0
001716.jpg,1,4,0.9992903470993042,1
001717.jpg,1,4,0.999977707862854,1
001718.jpg,0,2,2.6274772608303465e-05,0
001719.jpg,1,1,0.9999784231185913,1
001720.jpg,1,2,0.9999905824661255,1
001721.jpg,0,0,9.028038766700774e-05,0
001722.jpg,1,1,0.9999473094940186,1
001723.jpg,1,3,0.9999980926513672,1
001724.jpg,1,0,0.9999856948852539,1
001725.jpg,0,0,5.2966147450206336e-06,0
001726.jpg,0,2,0.00012533750850707293,0
001727.jpg,0,2,6.192363798618317e-06,0
001728.jpg,0,1,1.6666595001879614e-06,0
001729.jpg,1,3,0.9999980926513672,1
001730.jpg,0,4,7.016861218289705e-06,0
001731.jpg,1,2,0.9999914169311523,1
001732.jpg,1,1,0.9998984336853027,1
001733.jpg,0,0,6.605214002775028e-05,0
001734.jpg,1,1,0.9999743700027466,1
001735.jpg,1,4,0.9999895095825195,1
001736.jpg,1,2,0.9999935626983643,1
001737.jpg,1,3,0.9999982118606567,1
001738.jpg,1,3,0.9999988079071045,1
001739.jpg,0,0,5.391084050643258e-05,0
001740.jpg,1,3,0.9999983310699463,1
001741.jpg,1,4,0.9999749660491943,1
001742.jpg,1,0,0.999987006187439,1
001743.jpg,1,1,0.9998944997787476,1
001744.jpg,1,1,0.9999884366989136,1
001745.jpg,1,1,0.9999781847000122,1
001746.jpg,1,0,0.9999901056289673,1
001747.jpg,0,2,0.00011774459562730044,0
001748.jpg,1,1,0.9999914169311523,1
001749.jpg,1,3,0.9999978542327881,1
001750.jpg,1,0,0.9998775720596313,1
001751.jpg,1,0,0.9999856948852539,1
001752.jpg,1,1,0.9999873638153076,1
001753.jpg,1,3,0.9999911785125732,1
001754.jpg,0,0,3.53562536474783e-05,0
001755.jpg,1,0,0.9985334873199463,1
001756.jpg,1,4,0.9999895095825195,1
001757.jpg,0,3,1.7640200894675218e-05,0
001758.jpg,0,4,7.827869012544397e-06,0
001759.jpg,1,2,0.9999924898147583,1
001760.jpg,0,4,1.1750976227631327e-05,0
001761.jpg,1,3,0.9999960660934448,1
001762.jpg,1,2,0.9999927282333374,1
001763.jpg,1,2,0.9999958276748657,1
001764.jpg,1,3,0.9999802112579346,1
001765.jpg,0,0,3.508111694827676e-05,0
001766.jpg,0,1,0.00023782203788869083,0
001767.jpg,1,4,0.9999911785125732,1
001768.jpg,1,3,0.9999983310699463,1
001769.jpg,1,2,0.9999963045120239,1
001770.jpg,1,2,0.9999949932098389,1
001771.jpg,1,1,0.999562680721283,1
001772.jpeg,0,0,2.0462934116949327e-05,0
001773.jpg,0,3,2.178264912799932e-05,0
001774.jpg,0,0,5.133655122335767e-06,0
001775.jpg,1,3,0.9999988079071045,1
001776.jpg,0,2,8.801101103017572e-06,0
001777.jpg,0,3,1.163516571978107e-06,0
001778.jpg,1,4,0.9999914169311523,1
001779.jpg,1,3,0.9999967813491821,1
001780.jpg,1,0,0.9999899864196777,1
001781.jpg,0,2,1.2905907169624697e-05,0
001782.jpg,1,3,0.9999988079071045,1
001783.jpg,1,2,0.9999942779541016,1
001784.jpg,0,2,5.50760569240083e-06,0
001785.jpg,0,4,1.4510477740259375e-05,0
001786.jpg,1,0,0.999562680721283,1
001787.jpg,1,1,0.9999895095825195,1
001788.jpg,0,0,2.7751651941798627e-05,0
001789.jpg,1,0,0.9999881982803345,1
001790.jpg,1,0,0.999992847442627,1
001791.jpg,0,3,7.630530376445677e-07,0
001792.jpg,1,3,0.9999979734420776,1
001793.jpg,0,2,2.4300241420860402e-05,0
001794.jpg,1,3,0.9999988079071045,1
001795.jpg,0,3,2.747854296103469e-06,0
001796.jpg,1,3,0.9999990463256836,1
001797.jpg,0,4,1.061613602360012e-05,0
001798.jpg,0,1,1.2805474398192018e-05,0
001799.jpg,0,2,7.951139195938595e-06,0
001800.jpg,0,1,2.207963916589506e-06,0
001801.jpg,0,4,0.00010804956400534138,0
001802.jpg,0,3,9.79779315457563e-07,0
001803.jpg,1,3,0.9999911785125732,1
001804.jpg,1,3,0.9999991655349731,1
001805.jpg,0,4,0.00027586790383793414,0
001806.jpg,0,4,0.0010403185151517391,0
001807.jpg,1,4,0.9995344877243042,1
001808.jpg,1,1,0.9998488426208496,1
001809.jpg,1,2,0.999484658241272,1
001810.jpg,1,1,0.9999880790710449,1
001811.jpg,0,1,2.140032165698358e-06,0
001812.jpg,1,4,0.999988317489624,1
001813.jpg,0,3,8.920992513594683e-07,0
001814.jpg,0,4,0.00017400544311385602,0
001815.jpg,0,3,0.000263238325715065,0
001816.jpg,0,4,0.0001753699325490743,0
001817.jpg,0,4,0.0037800956051796675,0
001818.jpg,0,0,4.4254902604734525e-06,0
001819.jpg,0,4,7.426380761899054e-05,0
001820.jpg,1,1,0.9999583959579468,1
001821.jpg,0,3,9.276364494326117e-07,0
001822.jpg,1,1,0.9999833106994629,1
001823.jpg,0,2,5.2966147450206336e-06,0
001824.jpg,1,4,0.999935507774353,1
001825.jpg,0,4,0.00012830943160224706,0
001826.jpg,0,3,0.0021074723917990923,0
001827.jpg,0,4,4.611274925991893e-05,0
001828.jpg,0,2,2.4300241420860402e-05,0
001829.jpg,1,3,0.9999902248382568,1
001830.jpg,1,0,0.9997219443321228,1
001831.jpeg,0,1,1.4738982827111613e-05,0
001832.jpg,1,2,0.9999945163726807,1
001833.jpg,1,4,0.9999946355819702,1
001834.jpg,0,3,5.771919859398622e-06,0
001835.jpg,0,2,6.205049430718645e-05,0
001836.jpg,1,1,0.9999909400939941,1
001837.jpg,0,4,5.594337835646002e-06,0
001838.jpg,0,3,6.695538559142733e-06,0
001839.jpg,1,4,0.999991774559021,1
001840.jpg,1,4,0.999995231628418,1
001841.jpg,0,0,4.264747258275747e-05,0
001842.jpg,1,4,0.9999960660934448,1
001843.jpg,1,2,0.9999881982803345,1
001844.jpg,0,0,4.975709998689126e-06,0
001845.jpg,1,4,0.9999938011169434,1
001846.jpg,1,2,0.9999951124191284,1
001847.jpg,0,0,3.21923362207599e-05,0
001848.jpg,0,3,1.0108807373399031e-06,0
001849.jpg,0,4,0.0001431373821105808,0
001850.jpg,1,1,0.9999833106994629,1
001851.jpg,1,0,0.9997197985649109,1
001852.jpg,1,3,0.9999727010726929,1
001853.jpg,1,0,0.9928786158561707,1
001854.jpg,1,2,0.9989433884620667,1
001855.jpg,0,3,4.391050879348768e-06,0
001856.jpg,0,3,1.2385568197714747e-06,0
001857.jpg,1,3,0.999969482421875,1
001858.jpg,1,2,0.9999884366989136,1
001859.jpg,1,1,0.9999899864196777,1
001860.jpg,0,4,9.368716746394057e-06,0
001861.jpg,1,3,0.9999974966049194,1
001862.jpg,1,3,0.9999892711639404,1
001863.jpg,0,2,8.732609785511158e-06,0
001864.jpg,1,1,0.999976396560669,1
001865.jpg,0,3,9.874638635665178e-07,0
001866.jpg,0,0,5.054065695730969e-06,0
001867.jpg,0,2,4.4346270442474633e-05,0
001868.jpg,0,0,6.502816540887579e-05,0
001869.jpg,0,2,1.581260221428238e-05,0
001870.jpg,1,1,0.9999879598617554,1
001871.jpg,0,0,6.302758265519515e-05,0
001872.jpg,1,4,0.9999821186065674,1
001873.jpg,1,4,0.9999862909317017,1
001874.jpg,1,4,0.9999384880065918,1
001875.jpg,0,0,4.794958294951357e-05,0
001876.jpg,0,4,9.590887202648446e-06,0
001877.jpg,1,3,0.9999973773956299,1
001878.jpg,0,1,1.9333585896674776e-06,0
001879.jpg,1,2,0.9999750852584839,1
001880.jpg,0,4,9.66610878094798e-06,0
001881.jpg,0,0,5.266206062515266e-05,0
001882.jpg,1,1,0.9999675750732422,1
001883.jpg,0,2,5.594337835646002e-06,0
001884.jpg,1,3,0.9999964237213135,1
001885.jpg,1,0,0.999983549118042,1
001886.jpg,1,3,0.9999872446060181,1
001887.jpg,0,0,0.00020662983297370374,0
001888.jpg,0,2,1.1659531082841568e-05,0
001889.jpg,1,0,0.9999485015869141,1
001890.jpg,1,0,0.9991927742958069,1
001891.jpg,1,0,0.999984622001648,1
001892.jpg,1,0,0.9995986819267273,1
001893.jpg,0,1,0.1458437740802765,1
001894.jpg,0,3,8.714337695892027e-07,0
001895.jpg,0,1,8.398072168347426e-06,0
001896.jpg,0,0,0.00013135180051904172,0
001897.jpg,0,1,5.1442217227304354e-05,0
001898.jpg,0,1,2.586742994026281e-05,0
001899.jpg,0,3,1.6061610949691385e-05,0
001900.jpg,1,3,0.9999926090240479,1
001901.jpg,0,0,1.0209440915787127e-05,0
001902.jpg,0,4,8.481104305246845e-05,0
001903.jpg,1,3,0.999998927116394,1
001904.jpg,1,2,0.9999897480010986,1
001905.jpg,0,1,1.1212864592380356e-05,0
001906.jpg,0,4,4.9086618673754856e-05,0
001907.jpg,0,4,3.244481194997206e-05,0
001908.jpg,1,4,0.9999934434890747,1
001909.jpg,0,4,6.605214002775028e-05,0
001910.jpg,1,1,0.9999576807022095,1
001911.jpg,1,1,0.9999881982803345,1
001912.jpg,0,4,1.0783312063722406e-05,0
001913.jpg,1,3,0.9999727010726929,1
001914.jpg,0,3,8.782686791164451e-07,0
001915.png,0,3,5.054065695730969e-06,0
001916.jpg,1,0,0.9980657696723938,1
001917.jpg,0,0,4.125011855649063e-06,0
001918.jpg,1,2,0.9999709129333496,1
001919.jpg,0,3,1.2385568197714747e-06,0
001920.jpg,1,2,0.9999951124191284,1
001921.jpg,1,0,0.9999905824661255,1
001922.jpg,0,0,9.818326361710206e-06,0
001923.jpg,1,4,0.9999227523803711,1
001924.jpg,1,0,0.9993976354598999,1
001925.jpg,1,4,0.9999909400939941,1
001926.jpg,1,4,0.9999926090240479,1
001927.jpg,0,0,3.5838745588989696e-06,0
001928.jpg,0,2,5.771919859398622e-06,0
001929.jpg,0,2,0.00018814209033735096,0
001930.jpg,1,3,0.9999970197677612,1
001931.jpg,1,3,0.9999973773956299,1
001932.jpg,0,0,7.5870320870308205e-06,0
001933.jpg,1,0,0.99998939037323,1
001934.jpg,0,2,4.4001182686770335e-05,0
001935.jpg,1,3,0.9999980926513672,1
001936.jpg,0,1,1.4480192476185039e-06,0
001937.jpg,1,3,0.9999990463256836,1
001938.jpg,1,0,0.9999934434890747,1
001939.jpg,0,1,1.221907587023452e-05,0
001940.jpg,1,1,0.9999879598617554,1
001941.jpg,1,4,0.9999921321868896,1
001942.jpg,0,2,1.32119585032342e-05,0
001943.jpg,0,4,2.2125668692751788e-05,0
001944.jpeg,0,2,0.9935867786407471,1
001945.jpg,0,0,1.9679026081576012e-05,0
001946.jpg,0,4,8.203532161132898e-06,0
001947.jpg,0,4,0.00020662983297370374,0
001948.jpg,0,3,2.9711382012465037e-06,0
001949.jpg,1,0,0.9999755620956421,1
001950.jpg,0,3,9.915272676153108e-05,0
001951.jpg,0,1,1.8738754761216114e-06,0
001952.jpg,1,3,0.9999849796295166,1
001953.jpg,0,1,4.092911240149988e-06,0
001954.jpg,1,2,0.9999430179595947,1
001955.jpg,1,2,0.9999955892562866,1
001956.jpg,1,4,0.9999942779541016,1
001957.jpg,1,0,0.9998377561569214,1
001958.jpg,0,0,1.5326106222346425e-05,0
001959.jpg,1,2,0.9999951124191284,1
001960.jpg,0,2,2.0948189558112063e-05,0
001961.jpg,1,4,0.9999942779541016,1
001962.jpg,1,3,0.9999542236328125,1
001963.jpg,1,0,0.9999737739562988,1
001964.jpg,0,1,1.593661909282673e-05,0
001965.jpg,1,1,0.9999816417694092,1
001966.jpg,1,0,0.999562680721283,1
001967.jpg,1,1,0.9999915361404419,1
001968.jpg,1,1,0.9999840259552002,1
001969.jpg,0,4,6.402005965355784e-05,0
001970.jpg,1,4,0.9999834299087524,1
001971.jpg,1,3,0.9999966621398926,1
001972.jpg,0,1,0.9995842576026917,1
001973.jpg,0,4,1.1039027413062286e-05,0
001974.jpg,0,1,8.732609785511158e-06,0
001975.jpg,1,3,0.9999988079071045,1
001976.jpg,0,0,7.368593651335686e-05,0
001977.jpg,1,2,0.9999936819076538,1
001978.jpg,0,4,2.818866414600052e-05,0
001979.jpg,1,2,0.9999932050704956,1
001980.jpg,1,1,0.9999877214431763,1
001981.jpg,0,4,1.086788597604027e-05,0
001982.jpg,1,0,0.9998133778572083,1
001983.jpg,1,4,0.9999921321868896,1
001984.jpg,1,2,0.9999903440475464,1
001985.jpg,1,4,0.9999563694000244,1
001986.jpg,0,0,2.6480842279852368e-05,0
001987.jpg,0,2,5.380023594625527e-06,0
001988.jpg,0,0,1.5446308680111542e-05,0
001989.jpg,1,3,0.999985933303833,1
001990.jpg,1,0,0.9997584223747253,1
001991.jpg,1,3,0.9999974966049194,1
001992.jpg,0,4,0.00020988310279790312,0
001993.jpg,1,0,0.9996064305305481,1
001994.jpg,0,4,0.00013342000602278858,0
001995.jpg,1,0,0.9998717308044434,1
001996.jpg,0,0,5.01473505210015e-06,0
001997.jpg,1,1,0.9999790191650391,1
001998.jpg,1,4,0.9999914169311523,1
001999.jpg,0,3,1.034853198689234e-06,0
002000.jpeg,0,1,1.373825580230914e-05,0
002001.jpg,0,1,1.81622237960255e-06,0
002002.jpg,1,1,0.9999790191650391,1
002003.jpg,0,3,0.00011323437502142042,0
002004.jpg,1,4,0.9999889135360718,1
002005.jpg,1,4,0.9999512434005737,1
002006.jpg,0,1,1.1212864592380356e-05,0
002007.jpg,1,3,0.9958499670028687,1
002008.jpg,1,0,0.9991958737373352,1
002009.jpg,0,0,0.000178131100255996,0
002010.jpg,0,0,4.092911240149988e-06,0
002011.jpg,1,4,0.9999890327453613,1
002012.jpg,0,1,8.614651596872136e-05,0
002013.jpg,0,2,6.962256520637311e-06,0
002014.jpg,1,4,0.9999881982803345,1
002015.jpg,0,1,5.054065695730969e-06,0
002016.jpg,0,1,2.207963916589506e-06,0
002017.jpg,0,4,1.0209440915787127e-05,0
002018.jpg,1,4,0.9999939203262329,1
002019.jpg,0,1,1.4823580158918048e-06,0
002020.jpg,0,0,5.694102947018109e-05,0
002021.jpg,0,0,4.720623110188171e-05,0
002022.jpg,0,3,1.0267999641655479e-06,0
002023.jpg,1,4,0.9999912977218628,1
002024.jpg,1,2,0.9999953508377075,1
002025.jpg,1,0,0.9997367262840271,1
002026.jpg,1,4,0.9999716281890869,1
002027.jpg,1,1,0.9999464750289917,1
002028.jpg,1,1,0.9999780654907227,1
002029.jpg,0,2,0.0006000071880407631,0
002030.jpg,0,1,2.2959193302085623e-06,0
002031.jpg,1,3,0.9999958276748657,1
002032.jpg,0,0,0.0003668626013677567,0
002033.jpg,0,2,5.562205842579715e-05,0
002034.jpg,0,3,1.0760769555417937e-06,0
002035.jpg,1,4,0.9998775720596313,1
002036.jpg,1,4,0.9997197985649109,1
002037.jpg,1,2,0.9999538660049438,1
002038.jpg,1,1,0.9997901320457458,1
002039.jpg,0,3,5.338155915524112e-06,0
002040.jpg,0,0,5.96735262661241e-05,0
002041.jpg,0,3,1.1454778814368183e-06,0
002042.jpg,1,3,0.9999985694885254,1
002043.jpg,1,1,0.9998849630355835,1
002044.jpg,0,3,0.0006745558930560946,0
002045.jpg,1,3,0.9999978542327881,1
002046.jpg,0,2,5.694102947018109e-05,0
002047.jpg,1,4,0.9999932050704956,1
002048.jpg,0,0,4.530437308858382e-06,0
002049.jpg,0,4,1.1568795343919192e-05,0
002050.jpg,0,4,0.0001195985751110129,0
002051.jpg,1,0,0.9999239444732666,1
002052.jpg,0,4,0.000159678646014072,0
002053.jpg,0,4,1.805851934477687e-05,0
002054.jpg,0,1,2.242734353785636e-06,0
002055.jpg,0,0,4.975709998689126e-06,0
002056.jpg,0,2,5.2553959903889336e-06,0
002057.jpg,0,3,8.315279842463497e-07,0
002058.jpg,1,0,0.9999890327453613,1
002059.jpg,0,1,0.9918121099472046,1
002060.jpg,1,0,0.9999762773513794,1
002061.jpg,1,3,0.9999991655349731,1
002062.jpg,1,2,0.9999959468841553,1
002063.jpg,0,2,4.365877975942567e-05,0
002064.jpg,1,4,0.9999943971633911,1
002065.jpg,1,2,0.9999769926071167,1
002066.jpg,1,2,0.999995231628418,1
002067.jpg,1,4,0.9999904632568359,1
002068.jpg,1,3,0.9999986886978149,1
002069.jpg,0,2,5.3075080359121785e-05,0
002070.jpg,1,4,0.9999890327453613,1
002071.jpg,1,3,0.9999798536300659,1
002072.jpg,1,1,0.9999862909317017,1
002073.jpg,0,3,0.00172745855525136,0
002074.jpg,1,3,0.9999542236328125,1
002075.jpg,0,0,5.01473505210015e-06,0
002076.jpg,1,2,0.9999960660934448,1
002077.jpg,0,0,2.4300241420860402e-05,0
002078.jpg,0,0,6.14417513133958e-06,0
002079.jpg,0,0,9.00981012819102e-06,0
002080.jpg,1,4,0.999994158744812,1
002081.jpg,0,1,2.190781742683612e-06,0
002082.jpg,1,1,0.999985933303833,1
002083.jpg,1,2,0.999995231628418,1
002084.jpg,0,2,6.908075192768592e-06,0
002085.jpg,1,0,0.9980199337005615,1
002086.jpg,0,3,5.727003099309513e-06,0
002087.jpg,1,2,0.9999943971633911,1
002088.jpg,0,1,1.8885723420680733e-06,0
002089.jpg,1,0,0.9999831914901733,1
002090.jpg,0,1,1.8304671129953931e-06,0
002091.jpg,1,2,0.9999948740005493,1
002092.jpg,0,1,3.3474691008450463e-05,0
002093.jpg,0,0,3.2631558042339748e-06,0
002094.jpg,1,0,0.9992620348930359,1
002095.jpg,1,2,0.9999902248382568,1
002096.jpg,1,4,0.9999959468841553,1
002097.jpg,1,0,0.9999804496765137,1
002098.jpg,0,4,1.4624282812292222e-05,0
002099.jpg,0,4,7.766951966914348e-06,0
002100.jpg,0,2,1.1212864592380356e-05,0
002101.jpg,1,1,0.9999881982803345,1
002102.jpg,0,4,0.001192549243569374,0
002103.jpg,0,1,1.6571451851632446e-05,0
002104.jpg,1,1,0.9999865293502808,1
002105.jpg,0,0,0.0002453695051372051,0
002106.jpg,1,3,0.9999980926513672,1
002107.jpg,1,3,0.9999985694885254,1
002108.jpg,1,2,0.9961755275726318,1
002109.jpg,1,1,0.9999512434005737,1
002110.jpg,0,4,6.643434062425513e-06,0
002111.jpg,0,4,0.00027159214369021356,0
002112.jpg,0,4,0.0001431373821105808,0
002113.jpg,1,0,0.9998644590377808,1
002114.jpg,0,3,0.00015720345254521817,0
002115.jpg,0,3,7.630530376445677e-07,0
002116.jpg,1,4,0.999988317489624,1
002117.jpg,1,3,0.9999988079071045,1
002118.jpg,1,4,0.9999867677688599,1
002119.jpg,0,1,2.178264912799932e-05,0
002120.jpg,0,2,9.66610878094798e-06,0
002121.jpg,1,2,0.9999701976776123,1
002122.jpg,1,2,0.9999872446060181,1
002123.jpg,1,3,0.9999954700469971,1
002124.jpg,1,4,0.9999927282333374,1
002125.jpg,1,2,0.9999665021896362,1
002126.jpg,1,0,0.9997965693473816,1
002127.jpg,1,1,0.9999632835388184,1
002128.jpg,1,0,0.9999397993087769,1
002129.jpg,1,4,0.9999251365661621,1
002130.jpg,0,4,0.00013238185783848166,0
002131.jpg,0,4,0.000682501879055053,0
002132.jpg,0,0,5.874842099728994e-05,0
002133.jpg,1,0,0.9999816417694092,1
002134.jpg,1,0,0.9999825954437256,1
002135.jpg,1,0,0.9999778270721436,1
002136.jpg,0,3,4.092911240149988e-06,0
002137.jpg,1,2,0.9999678134918213,1
002138.jpg,1,2,0.9997407793998718,1
002139.jpg,1,4,0.999988317489624,1
002140.jpg,0,3,5.771919859398622e-06,0
002141.jpg,0,1,3.0654518923256546e-06,0
002142.jpg,0,1,1.3420013601717073e-05,0
002143.jpg,1,2,0.999935507774353,1
002144.jpg,0,3,3.071818719035946e-05,0
002145.jpg,1,1,0.9999556541442871,1
002146.jpg,1,4,0.9999922513961792,1
002147.jpg,1,0,0.9999904632568359,1
002148.jpg,1,1,0.9999861717224121,1
002149.jpg,0,0,5.955139840807533e-06,0
002150.jpg,0,1,2.2474090656032786e-05,0
002151.jpg,0,0,0.00020825010142289102,0
002152.jpg,1,3,0.9999980926513672,1
002153.jpg,0,1,2.5813706088229083e-06,0
002154.jpg,0,3,3.905483481503325e-06,0
002155.jpg,1,3,0.9999990463256836,1
002156.jpg,1,2,0.9999908208847046,1
002157.jpg,1,4,0.9999772310256958,1
002158.jpg,1,0,0.9915870428085327,1
002159.jpg,0,0,8.750299457460642e-05,0
002160.jpg,0,4,0.00019260287808720022,0
002161.jpg,1,0,0.9994786381721497,1
002162.jpg,0,2,7.766951966914348e-06,0
002163.jpg,0,3,8.851568509271601e-07,0
002164.jpg,0,4,4.683888255385682e-05,0
002165.jpg,0,0,0.0009290033485740423,0
002166.jpg,0,4,0.00015000566781964153,0
002167.jpg,0,2,6.8009767346666194e-06,0
002168.jpg,0,4,1.485457869421225e-05,0
002169.jpg,1,3,0.9999932050704956,1
002170.jpg,0,1,2.2603244360652752e-06,0
002171.jpg,0,4,9.972942280001007e-06,0
002172.jpg,0,2,1.3846004549122881e-05,0
002173.jpg,0,4,0.003736220533028245,0
002174.jpg,0,0,6.7480518737284e-06,0
002175.jpg,0,0,7.311254012165591e-05,0
002176.jpg,1,2,0.999993085861206,1
002177.jpg,1,2,0.9999974966049194,1
002178.jpg,0,2,5.42221869181958e-06,0
002179.jpg,1,2,0.9999456405639648,1
002180.jpg,1,1,0.9999872446060181,1
002181.jpg,1,0,0.999935507774353,1
002182.jpg,0,0,1.7640200894675218e-05,0
002183.jpg,0,0,6.908075192768592e-06,0
002184.jpg,0,3,0.019985152408480644,0
002185.jpg,1,4,0.9999926090240479,1
002186.jpg,1,1,0.9999892711639404,1
002187.jpg,1,4,0.99991774559021,1
002188.jpg,0,4,8.267873454315122e-06,0
002189.jpg,1,0,0.9999641180038452,1
002190.jpg,0,1,9.442196642339695e-06,0
002191.jpg,1,3,0.9999947547912598,1
002192.jpg,0,4,0.8098781704902649,1
002193.jpg,0,4,0.000900446786545217,0
002194.jpg,1,3,0.9999988079071045,1
002195.jpg,1,3,0.9999649524688721,1
002196.jpg,1,1,0.9999794960021973,1
002197.jpg,0,4,1.6701422282494605e-05,0
002198.jpg,1,0,0.999559223651886,1
002199.jpg,1,1,0.9999872446060181,1
002200.jpg,1,2,0.9999959468841553,1
002201.jpg,0,2,5.594337835646002e-06,0
002202.jpg,0,1,8.332718607562128e-06,0
002203.jpg,1,3,0.9999948740005493,1
002204.jpg,0,2,8.801101103017572e-06,0
002205.jpg,1,3,0.9999991655349731,1
002206.jpg,1,1,0.9992985725402832,1
002207.jpg,1,3,0.9999984502792358,1
002208.jpg,1,1,0.9999759197235107,1
002209.jpg,1,1,0.9999814033508301,1
002210.jpg,0,0,4.0294567043019924e-06,0
002211.jpg,0,1,1.805851934477687e-05,0
002212.jpg,1,2,0.99998939037323,1
002213.jpg,0,4,7.646537596883718e-06,0
002214.jpg,1,2,0.9999943971633911,1
002215.jpg,0,4,6.643434062425513e-06,0
002216.jpg,1,4,0.9999924898147583,1
002217.jpg,0,4,1.3954598216514569e-05,0
002218.jpg,0,4,0.0002551413781475276,0
002219.jpg,1,2,0.9999960660934448,1
002220.jpeg,0,0,1.5206839634629432e-05,0
002221.jpg,1,3,0.9999334812164307,1
002222.jpg,1,3,0.9658995866775513,1
002223.jpg,0,0,4.231559796608053e-05,0
002224.jpg,0,1,2.1953488612780347e-05,0
002225.jpg,1,1,0.9999735355377197,1
002226.jpg,0,0,5.6824351304385345e-06,0
002227.jpg,0,4,0.00010637458035489544,0
002228.jpg,0,0,1.805851934477687e-05,0
002229.jpg,1,2,0.9490118622779846,1
002230.jpg,1,3,0.9999988079071045,1
002231.jpg,0,4,0.00013032974675297737,0
002232.jpg,0,0,3.5633544030133635e-05,0
002233.jpg,0,4,8.597226042184047e-06,0
002234.jpg,1,2,0.999966025352478,1
002235.jpg,1,2,0.9999549388885498,1
002236.jpg,1,2,0.9999959468841553,1
002237.jpg,1,4,0.9997175335884094,1
002238.jpg,0,2,4.198630995233543e-05,0
002239.jpg,0,0,3.2955729693640023e-05,0
002240.jpg,1,0,0.9999785423278809,1
002241.jpg,1,2,0.9999730587005615,1
002242.jpg,1,1,0.9999850988388062,1
002243.jpg,1,3,0.9999978542327881,1
002244.jpg,0,2,5.214498287386959e-06,0
002245.jpg,1,4,0.999971866607666,1
002246.jpg,0,4,7.239599653985351e-06,0
002247.jpg,0,4,7.951139195938595e-06,0
002248.jpg,1,2,0.9999505281448364,1
002249.jpg,1,1,0.9999830722808838,1
002250.jpg,1,1,0.9999890327453613,1
002251.jpg,0,1,0.00010071399447042495,0
002252.jpg,1,1,0.9999802112579346,1
002253.jpg,1,3,0.999996542930603,1
002254.jpg,0,0,2.4111139282467775e-05,0
002255.jpg,1,0,0.9997175335884094,1
002256.jpg,0,1,1.9373937902855687e-05,0
002257.jpg,0,0,6.289878911047708e-06,0
002258.jpg,0,0,5.380023594625527e-06,0
002259.jpg,1,4,0.9999103546142578,1
002260.jpg,0,4,1.2905907169624697e-05,0
002261.jpg,1,1,0.9999138116836548,1
002262.jpg,1,0,0.999977707862854,1
002263.jpg,1,4,0.9999935626983643,1
002264.jpg,0,3,3.017926701431861e-06,0
002265.jpg,0,0,0.0001409185497323051,0
002266.jpg,0,2,8.939696272136644e-06,0
002267.jpg,1,2,0.9999778270721436,1
002268.jpg,0,1,0.00020502213737927377,0
002269.jpg,0,1,3.3405392514396226e-06,0
002270.jpg,0,2,6.8009767346666194e-06,0
002271.jpg,1,0,0.9999531507492065,1
002272.jpg,0,3,5.338155915524112e-06,0
002273.jpg,1,1,0.9999833106994629,1
002274.jpg,0,3,1.0030140629169182e-06,0
002275.jpg,0,1,2.4061025669652736e-06,0
002276.jpg,0,4,5.4333650041371584e-05,0
002277.jpg,1,0,0.999841570854187,1
002278.jpg,1,4,0.9999914169311523,1
002279.jpg,0,0,0.003976227715611458,0
002280.jpg,0,0,3.815013769781217e-06,0
002281.jpg,0,1,8.530320883437525e-06,0
002282.jpg,1,4,0.9997765421867371,1
002283.jpg,1,1,0.8610715270042419,1
002284.jpg,1,0,0.999992847442627,1
002285.jpg,1,1,0.9999781847000122,1
002286.jpg,1,1,0.9999908208847046,1
002287.jpg,0,3,8.512471367794205e-07,0
002288.jpg,1,1,0.9999473094940186,1
002289.jpg,0,2,1.8925147742265835e-05,0
002290.jpg,0,1,2.127806692442391e-05,0
002291.jpg,0,2,9.080475138034672e-06,0
002292.jpg,0,0,2.7535690605873242e-05,0
002293.jpg,1,0,0.9998840093612671,1
002294.jpg,0,3,9.42244525958813e-07,0
002295.jpg,1,4,0.9999349117279053,1
002296.jpg,0,0,5.42221869181958e-06,0
002297.jpg,1,0,0.9999749660491943,1
002298.jpg,1,0,0.9999921321868896,1
002299.jpg,0,3,9.204175626109645e-07,0
002300.jpg,0,0,6.854317234683549e-06,0
002301.jpg,1,2,0.9999947547912598,1
002302.jpg,1,1,0.9999879598617554,1
002303.jpg,0,3,8.446226615888008e-07,0
002304.jpg,1,4,0.9999963045120239,1
002305.jpg,0,3,7.571149467366922e-07,0
002306.jpg,1,3,0.9999990463256836,1
002307.jpg,0,1,1.3081765928291134e-06,0
002308.jpg,1,3,0.9999955892562866,1
002309.jpg,0,3,9.42244525958813e-07,0
002310.jpg,1,4,0.9999953508377075,1
002311.jpg,1,3,0.9999932050704956,1
002312.jpg,1,3,0.9999959468841553,1
002313.jpg,1,4,0.9999958276748657,1
002314.jpg,1,3,0.9999991655349731,1
002315.jpg,1,1,0.9999892711639404,1
002316.jpg,1,2,0.9994866847991943,1
002317.jpg,0,4,6.489539373433217e-06,0
002318.jpg,0,4,6.352188938762993e-05,0
002319.jpg,0,3,0.9967774748802185,1
002320.jpg,0,0,2.3737338779028505e-05,0
002321.jpg,0,4,3.144662332488224e-05,0
002322.jpg,0,1,1.9183130461897235e-06,0
002323.jpg,1,3,0.9999973773956299,1
002324.jpg,1,1,0.9999798536300659,1
002325.jpg,0,3,4.495181656238856e-06,0
002326.jpg,1,0,0.9997918009757996,1
002327.jpg,1,1,0.9999512434005737,1
002328.jpg,0,2,6.695538559142733e-06,0
002329.jpg,0,4,6.591734290850582e-06,0
002330.jpg,1,1,0.9998286962509155,1
002331.jpg,0,4,6.540436970681185e-06,0
002332.jpg,1,0,0.9999685287475586,1
002333.jpg,1,1,0.9999889135360718,1
002334.jpg,1,0,0.9999873638153076,1
002335.jpg,1,4,0.9999924898147583,1
002336.jpg,1,1,0.9999865293502808,1
002337.jpg,1,4,0.9999364614486694,1
002338.jpg,0,0,2.586742994026281e-05,0
002339.jpg,1,2,0.9999938011169434,1
002340.jpg,1,2,0.9999580383300781,1
002341.jpg,1,4,0.9998326301574707,1
002342.jpg,1,3,0.9999816417694092,1
002343.jpg,0,2,1.045154840539908e-05,0
002344.jpg,1,2,0.9999784231185913,1
002345.jpg,1,2,0.9999755620956421,1
002346.jpg,0,2,6.289878911047708e-06,0
002347.jpg,0,1,2.482479885657085e-06,0
002348.jpg,1,1,0.9999817609786987,1
002349.jpg,1,2,0.9999560117721558,1
002350.jpg,0,2,0.001048469333909452,0
002351.jpg,0,0,5.133655122335767e-06,0
002352.jpg,1,4,0.9999759197235107,1
002353.jpg,1,3,0.9999967813491821,1
002354.jpg,1,1,0.9999569654464722,1
002355.jpg,0,4,6.962256520637311e-06,0
002356.jpeg,0,2,4.870464181294665e-05,0
002357.jpg,0,3,9.349120091428631e-07,0
002358.jpg,1,1,0.9999889135360718,1
002359.jpg,0,2,5.50760569240083e-06,0
002360.jpg,1,2,0.9999954700469971,1
002361.jpg,0,4,0.00013552079326473176,0
002362.jpg,1,3,0.999998927116394,1
002363.jpg,0,3,8.664653250889387e-06,0
002364.jpg,1,4,0.1563623696565628,1
002365.jpg,0,4,1.0699396625568625e-05,0
002366.jpg,0,3,1.6701422282494605e-05,0
002367.jpg,1,0,0.9998644590377808,1
002368.jpg,1,1,0.9999836683273315,1
002369.jpg,0,2,6.339210813166574e-06,0
002370.jpg,1,2,0.9999947547912598,1
002371.jpg,1,2,0.9999958276748657,1
002372.jpg,1,2,0.9852146506309509,1
002373.jpg,0,1,1.963804152183002e-06,0
002374.jpg,0,1,5.605828482657671e-05,0
002375.jpg,0,2,2.566613329690881e-05,0
002376.jpg,0,0,1.8342892872169614e-05,0
002377.jpg,1,0,0.9999922513961792,1
002378.jpg,1,2,0.9999704360961914,1
002379.jpg,1,2,0.999962329864502,1
002380.jpg,1,2,0.9999891519546509,1
002381.jpg,0,1,4.231559796608053e-05,0
002382.jpg,1,2,0.9999955892562866,1
002383.jpg,0,0,3.2887487577681895e-06,0
002384.jpg,1,0,0.9999837875366211,1
002385.jpg,0,1,0.8193157911300659,1
002386.jpg,1,2,0.9999971389770508,1
002387.jpg,1,4,0.9999876022338867,1
002388.jpg,1,2,0.9999960660934448,1
002389.jpg,0,2,7.127359822334256e-06,0
002390.jpg,1,1,0.9999794960021973,1
002391.jpg,1,1,0.9998612403869629,1
002392.jpg,0,2,3.144662332488224e-05,0
002393.jpg,1,3,0.9999979734420776,1
002394.jpg,1,4,0.999913215637207,1
002395.jpg,1,4,0.9999934434890747,1
002396.jpg,0,3,6.375547627612832e-07,0
002397.jpg,1,2,0.9999762773513794,1
002398.jpg,1,4,0.9999889135360718,1
002399.jpg,0,4,5.46474529983243e-06,0
002400.jpg,0,3,9.349120091428631e-07,0
002401.jpg,1,0,0.9997016787528992,1
002402.jpg,0,1,1.7061830703823944e-06,0
002403.jpg,1,3,0.9999973773956299,1
002404.jpg,1,1,0.9999840259552002,1
002405.jpg,0,2,8.076349331531674e-06,0
002406.jpg,0,3,9.721545666252496e-07,0
002407.jpg,0,3,6.302758265519515e-05,0
002408.jpg,1,3,0.9999966621398926,1
002409.jpg,0,4,0.0002453695051372051,0
002410.jpg,0,4,1.3631345609610435e-05,0
002411.jpg,1,0,0.9999732971191406,1
002412.jpg,0,2,6.192363798618317e-06,0
002413.jpg,1,2,0.9999933242797852,1
002414.jpg,1,4,0.9998377561569214,1
002415.jpg,0,1,1.287895315726928e-06,0
002416.jpg,0,4,0.003899620845913887,0
002417.jpg,1,2,0.9999946355819702,1
002418.jpg,1,4,0.9999929666519165,1
002419.jpg,1,2,0.999995231628418,1
002420.jpg,1,2,0.9999263286590576,1
002421.jpg,0,2,1.4174349416862242e-05,0
002422.jpg,0,1,2.1737328097515274e-06,0
002423.jpg,1,3,0.9999985694885254,1
002424.jpg,0,4,1.1039027413062286e-05,0
002425.jpg,1,3,0.9999983310699463,1
002426.jpg,1,2,0.999992847442627,1
002427.jpg,0,3,3.169325282215141e-05,0
002428.jpg,0,4,0.00013552079326473176,0
002429.jpg,0,4,0.9999637603759766,1
002430.jpg,0,3,7.168220577113971e-07,0
002431.jpg,0,3,9.061477612704039e-07,0
002432.jpg,0,0,0.016277462244033813,0
002433.jpg,0,3,1.4939843140382436e-06,0
002434.jpg,0,2,5.550802143261535e-06,0
002435.jpg,0,3,1.034853198689234e-06,0
002436.jpg,1,4,0.99997878074646,1
002437.jpg,0,4,3.591301356209442e-05,0
002438.jpg,1,0,0.9999755620956421,1
002439.jpg,1,0,0.9999884366989136,1
002440.jpg,0,2,6.14417513133958e-06,0
002441.jpg,0,1,1.8486754925106652e-05,0
002442.jpg,1,1,0.9999903440475464,1
002443.jpg,1,4,0.9999016523361206,1
002444.jpg,1,0,0.9999865293502808,1
002445.jpg,0,0,1.086788597604027e-05,0
002446.jpg,0,4,6.302758265519515e-05,0
002447.jpg,0,2,6.695538559142733e-06,0
002448.jpg,0,0,2.6480842279852368e-05,0
002449.jpg,0,0,9.080475138034672e-06,0
002450.jpg,1,4,0.9999966621398926,1
002451.jpg,1,4,0.9998812675476074,1
002452.jpg,1,2,0.9999817609786987,1
002453.jpg,0,1,3.5283119359519333e-06,0
002454.jpg,0,2,7.646537596883718e-06,0
002455.jpg,0,0,5.6824351304385345e-06,0
002456.jpg,0,0,1.5206839634629432e-05,0
002457.jpg,1,4,0.99991774559021,1
002458.jpg,1,2,0.9999881982803345,1
002459.jpg,1,3,0.9999986886978149,1
002460.jpg,0,3,1.0030140629169182e-06,0
002461.jpg,0,3,1.2778726841133903e-06,0
002462.jpg,1,4,0.9999097585678101,1
002463.jpg,1,4,0.9999895095825195,1
002464.jpg,1,1,0.9985162615776062,1
002465.jpg,1,4,0.9999823570251465,1
002466.jpg,1,2,0.9999945163726807,1
002467.jpg,1,0,0.9968763589859009,1
002468.jpg,0,1,2.387378117418848e-06,0
002469.jpg,1,1,0.9999797344207764,1
002470.jpg,0,3,9.645892760090646e-07,0
002471.jpg,0,4,9.516251338936854e-06,0
002472.jpg,1,1,0.9999678134918213,1
002473.jpg,1,4,0.9999877214431763,1
002474.jpg,1,0,0.9999344348907471,1
002475.jpg,0,4,1.1125607670692261e-05,0
002476.jpg,0,2,6.643434062425513e-06,0
002477.jpg,0,0,0.00016093083831947297,0
002478.jpg,0,0,8.267873454315122e-06,0
002479.jpg,1,3,0.9999328851699829,1
002480.jpg,1,2,0.9999927282333374,1
002481.jpg,1,1,0.9999903440475464,1
002482.jpg,0,1,2.1233784082141938e-06,0
002483.jpg,1,1,0.9999897480010986,1
002484.jpg,1,0,0.9998534917831421,1
002485.jpg,0,3,1.4480192476185039e-06,0
002486.jpg,1,1,0.999988317489624,1
002487.jpg,0,2,6.962256520637311e-06,0
002488.jpg,0,3,1.5294129980247817e-06,0
002489.jpg,1,1,0.9997428059577942,1
002490.jpg,0,0,2.6897845600615256e-05,0
002491.jpg,0,1,1.8885723420680733e-06,0
002492.jpg,0,2,2.3369335394818336e-05,0
002493.jpg,0,0,0.00020027377468068153,0
002494.jpg,1,4,0.9999948740005493,1
002495.jpg,1,1,0.999981164932251,1
002496.jpg,0,2,5.173918907530606e-06,0
002497.jpg,1,4,0.9999291896820068,1
002498.jpg,0,1,0.00014883848780300468,0
002499.jpg,0,4,7.426380761899054e-05,0
002500.jpg,1,1,0.9999512434005737,1
002501.jpg,0,0,3.966985786973964e-06,0
002502.jpeg,1,2,0.9982109069824219,1
002503.jpg,1,2,0.9999637603759766,1
002504.jpg,0,3,1.9183130461897235e-06,0
002505.jpg,1,3,0.9999125003814697,1
002506.jpg,1,3,0.9925969839096069,1
002507.jpg,0,4,3.373722574906424e-05,0
002508.jpg,0,3,2.058049176412169e-06,0
002509.jpg,0,2,6.8009767346666194e-06,0
002510.jpg,1,4,0.999987006187439,1
002511.jpg,0,4,0.00019411317771300673,0
002512.jpg,1,4,0.9999920129776001,1
002513.jpg,1,2,0.9999897480010986,1
002514.jpg,1,0,0.998807430267334,1
002515.jpg,1,2,0.9999939203262329,1
002516.jpg,1,3,0.999996542930603,1
002517.jpg,1,1,0.9998655319213867,1
002518.jpg,1,4,0.9999885559082031,1
002519.jpg,0,2,7.3536061790946405e-06,0
002520.jpg,0,1,1.8885723420680733e-06,0
002521.jpg,0,3,1.7640200894675218e-05,0
002522.jpg,1,0,0.9999933242797852,1
002523.jpg,1,0,0.9999856948852539,1
002524.jpg,0,2,6.339210813166574e-06,0
002525.jpg,1,3,0.9999985694885254,1
002526.jpg,0,4,6.962256520637311e-06,0
002527.jpg,0,2,6.402005965355784e-05,0
002528.jpg,1,4,0.9999914169311523,1
002529.jpg,0,4,9.295810741605237e-06,0
002530.jpg,1,4,0.999944806098938,1
002531.jpg,0,1,1.3315579053596593e-05,0
002532.jpg,0,0,2.3737338779028505e-05,0
002533.jpg,0,1,2.2959193302085623e-06,0
002534.jpg,1,2,0.999967098236084,1
002535.jpg,0,2,5.594337835646002e-06,0
002536.jpg,0,4,0.8796645402908325,1
002537.jpg,1,4,0.999823272228241,1
002538.jpg,0,1,1.7195648069900926e-06,0
002539.jpg,1,2,0.999993085861206,1
002540.jpg,0,3,1.051149638442439e-06,0
002541.jpg,1,0,0.9998745918273926,1
002542.jpg,0,4,0.0005884088459424675,0
002543.jpg,1,2,0.9999926090240479,1
002544.jpg,1,3,0.9999984502792358,1
002545.jpg,1,0,0.9999302625656128,1
002546.jpg,1,3,0.9999983310699463,1
002547.jpg,1,0,0.9999784231185913,1
002548.jpg,0,1,1.193602383864345e-05,0
002549.jpg,1,1,0.9998756647109985,1
002550.jpg,0,4,9.66610878094798e-06,0
002551.jpg,0,0,2.6688529032981023e-05,0
002552.jpg,0,4,8.332718607562128e-06,0
002553.jpg,1,4,0.9998822212219238,1
002554.jpg,0,1,1.6797313264760305e-06,0
002555.jpg,1,0,0.999993085861206,1
002556.jpg,1,0,0.9999485015869141,1
002557.jpg,0,0,5.2553959903889336e-06,0
002558.jpg,0,4,7.071895197441336e-06,0
002559.jpg,1,3,0.9999860525131226,1
002560.jpg,0,3,1.0677028967620572e-06,0
002561.jpg,0,2,5.475977377500385e-05,0
002562.jpg,0,1,1.32119585032342e-05,0
002563.jpg,1,4,0.9999955892562866,1
002564.jpg,0,3,9.645892760090646e-07,0
002565.jpg,1,2,0.9999892711639404,1
002566.jpg,0,3,7.81148287387623e-07,0
002567.jpg,1,4,0.9999861717224121,1
002568.jpg,1,1,0.9999603033065796,1
002569.jpg,1,1,0.9999485015869141,1
002570.jpg,0,1,2.042033202087623e-06,0
002571.jpg,1,3,0.9999986886978149,1
002572.jpg,0,1,0.0006905414047650993,0
002573.jpg,1,0,0.9999196529388428,1
002574.jpg,1,0,0.9999841451644897,1
002575.jpg,0,4,0.000758359965402633,0
002576.jpg,1,0,0.9999897480010986,1
002577.jpg,0,2,0.0001387341326335445,0
002578.jpg,0,4,0.0003029734070878476,0
002579.jpg,1,0,0.9999158382415771,1
002580.jpg,1,0,0.999913215637207,1
002581.jpg,0,1,1.6028110394472606e-06,0
002582.jpg,1,1,0.9999815225601196,1
002583.jpg,0,0,3.321419353596866e-05,0
002584.jpg,0,2,5.862813850399107e-06,0
002585.jpg,0,0,4.0377908590016887e-05,0
002586.jpg,1,3,0.9999983310699463,1
002587.jpg,1,4,0.9999966621398926,1
002588.jpg,0,1,2.1112482500029728e-05,0
002589.jpg,0,0,5.133655122335767e-06,0
002590.jpg,1,0,0.9999334812164307,1
002591.jpg,0,4,9.516251338936854e-06,0
002592.jpeg,0,3,4.092911240149988e-06,0
002593.jpg,1,1,0.9999901056289673,1
002594.jpg,1,4,0.9999940395355225,1
002595.jpg,0,1,2.156816663045902e-06,0
002596.jpg,1,4,0.43068602681159973,1
002597.jpg,1,1,0.9999690055847168,1
002598.jpg,1,3,0.9999313354492188,1
002599.jpg,0,2,6.695538559142733e-06,0
002600.jpg,1,4,0.9999485015869141,1
002601.jpg,0,0,4.495181656238856e-06,0
002602.jpg,1,3,0.9999932050704956,1
002603.jpg,1,4,0.9999456405639648,1
002604.jpg,1,2,0.9999713897705078,1
002605.jpg,0,0,0.00012339458044152707,0
002606.jpg,1,1,0.9999891519546509,1
002607.jpg,0,1,2.1737328097515274e-06,0
002608.jpg,1,0,0.9999943971633911,1
002609.jpg,1,2,0.9999899864196777,1
002610.jpg,0,2,1.0533520253375173e-05,0
002611.jpg,1,3,0.9999958276748657,1
002612.jpg,1,1,0.9998875856399536,1
002613.jpg,1,4,0.9999209642410278,1
002614.jpg,0,2,9.66610878094798e-06,0
002615.jpg,0,1,8.732609785511158e-06,0
002616.jpg,1,1,0.9999872446060181,1
002617.jpg,1,4,0.9999902248382568,1
002618.jpg,0,3,6.083590164962516e-07,0
002619.jpg,1,3,0.9999629259109497,1
002620.jpg,0,1,2.8409744118107483e-05,0
002621.jpg,0,3,1.1102353028036305e-06,0
002622.jpg,0,2,5.4333650041371584e-05,0
002623.jpg,0,2,8.597226042184047e-06,0
002624.jpg,1,1,0.9999614953994751,1
002625.jpg,1,3,0.9999991655349731,1
002626.jpg,0,4,0.0001409185497323051,0
002627.jpg,0,2,5.2553959903889336e-06,0
002628.jpg,1,2,0.9999687671661377,1
002629.jpg,0,4,7.706508768023923e-06,0
002630.jpg,1,2,0.999994158744812,1
002631.jpg,1,1,0.9999809265136719,1
002632.jpg,1,0,0.9997346997261047,1
002633.jpg,1,0,0.9998812675476074,1
002634.jpg,1,4,0.9999549388885498,1
002635.jpg,1,0,0.9993712306022644,1
002636.jpg,1,4,0.9999897480010986,1
002637.jpg,1,0,0.9999867677688599,1
002638.jpg,1,4,0.9999926090240479,1
002639.jpg,1,3,0.9999982118606567,1
002640.jpg,1,4,0.9999747276306152,1
002641.jpg,1,3,0.9999970197677612,1
002642.jpg,0,2,7.183260549936676e-06,0
002643.jpg,0,3,3.3405392514396226e-06,0
002644.jpg,0,2,0.9999239444732666,1
002645.jpg,0,2,7.071895197441336e-06,0
002646.jpg,1,4,0.9999397993087769,1
002647.jpg,0,2,6.962256520637311e-06,0
002648.jpg,1,0,0.9998390674591064,1
002649.jpg,0,1,2.6897845600615256e-05,0
002650.jpg,0,4,1.2411496754793916e-05,0
002651.jpg,0,1,8.398072168347426e-06,0
002652.jpg,1,0,0.9999397993087769,1
002653.jpg,1,3,0.9999990463256836,1
002654.jpg,0,2,6.00184603172238e-06,0
002655.jpg,0,1,3.844934781227494e-06,0
002656.jpg,0,3,2.7535690605873242e-05,0
002657.jpg,1,0,0.9999905824661255,1
002658.jpg,1,3,0.999996542930603,1
002659.jpg,0,1,1.7741496094458853e-06,0
002660.jpg,1,0,0.9985895752906799,1
002661.jpg,0,4,0.0007466114475391805,0
002662.jpg,0,1,0.00017265156202483922,0
002663.jpg,0,1,9.66610878094798e-06,0
002664.jpg,0,4,0.0006878511630930007,0
002665.jpg,0,4,1.1659531082841568e-05,0
002666.jpg,1,1,0.9999839067459106,1
002667.jpg,0,1,0.00023782203788869083,0
002668.jpeg,1,0,0.9999215602874756,1
002669.jpg,1,0,0.9996330738067627,1
002670.jpg,1,1,0.9999829530715942,1
002671.jpg,1,3,0.9999852180480957,1
002672.jpg,1,4,0.9999909400939941,1
002673.jpg,0,1,2.1444948288262822e-05,0
002674.jpg,0,0,7.905303937150165e-05,0
002675.jpg,0,1,2.6480842279852368e-05,0
002676.jpg,0,3,3.071818719035946e-05,0
002677.jpg,1,3,0.9999854564666748,1
002678.jpg,1,2,0.999995231628418,1
002679.jpg,1,0,0.9999837875366211,1
002680.jpg,0,2,5.054065695730969e-06,0
002681.jpg,1,0,0.9999608993530273,1
002682.jpg,0,4,1.581260221428238e-05,0
002683.jpg,0,2,5.50760569240083e-06,0
002684.jpg,0,2,2.732141365413554e-05,0
002685.jpg,0,4,5.908796538278693e-06,0
002686.jpg,1,2,0.9999948740005493,1
002687.jpg,1,4,0.999990701675415,1
002688.jpg,0,1,1.81622237960255e-06,0
002689.jpg,1,0,0.9999895095825195,1
002690.jpg,0,1,2.1233784082141938e-06,0
002691.jpg,0,3,4.86044837089139e-06,0
002692.jpg,0,3,9.42244525958813e-07,0
002693.jpg,1,1,0.9999535083770752,1
002694.jpg,1,2,0.9999799728393555,1
002695.jpg,1,2,0.9999649524688721,1
002696.jpg,1,0,0.9999825954437256,1
002697.jpg,0,3,8.446226615888008e-07,0
002698.jpg,0,1,0.0001344663032796234,0
002699.jpg,0,0,0.000539980421308428,0
002700.jpg,1,0,0.999976634979248,1
002701.jpg,1,0,0.9999920129776001,1
002702.jpg,0,3,9.570827614879818e-07,0
002703.jpg,0,0,0.0001195985751110129,0
002704.jpg,0,4,6.962256520637311e-06,0
002705.jpg,1,1,0.9999876022338867,1
002706.jpg,0,0,2.392351052549202e-05,0
002707.jpg,0,2,7.766951966914348e-06,0
002708.jpg,1,1,0.9999830722808838,1
002709.jpg,1,0,0.9999843835830688,1
002710.jpg,1,2,0.9999936819076538,1
002711.jpg,0,1,2.705252882151399e-06,0
002712.jpg,1,2,0.9999772310256958,1
002713.jpg,1,2,0.9999878406524658,1
002714.jpg,0,2,2.3737338779028505e-05,0
002715.jpg,0,2,3.426849070820026e-05,0
002716.jpg,0,3,1.051149638442439e-06,0
002717.jpg,0,2,5.42221869181958e-06,0
002718.jpg,0,2,5.829126530443318e-05,0
002719.jpg,0,3,2.5813706088229083e-06,0
002720.jpg,0,2,6.868317723274231e-05,0
002721.jpg,1,0,0.9999841451644897,1
002722.jpg,0,4,1.5689549400121905e-05,0
002723.jpg,0,3,9.874638635665178e-07,0
002724.jpg,0,0,0.00013342000602278858,0
002725.jpg,0,2,1.1659531082841568e-05,0
002726.jpg,1,0,0.9998840093612671,1
002727.jpg,0,4,6.15676399320364e-05,0
002728.jpg,1,0,0.9993785619735718,1
002729.jpg,0,4,0.0003640086797531694,0
002730.jpg,1,2,0.9999953508377075,1
002731.jpg,1,2,0.9999969005584717,1
002732.jpg,1,2,0.9999935626983643,1
002733.jpg,1,0,0.9999158382415771,1
002734.jpg,1,2,0.8028648495674133,1
002735.jpg,1,2,0.9999439716339111,1
002736.jpg,1,1,0.9999903440475464,1
002737.jpg,0,0,5.133655122335767e-06,0
002738.jpg,0,1,9.295810741605237e-06,0
002739.jpg,0,4,2.4300241420860402e-05,0
002740.jpg,0,3,2.541350113460794e-06,0
002741.jpg,1,0,0.9999196529388428,1
002742.jpg,1,4,0.9999825954437256,1
002743.jpg,1,1,0.9999682903289795,1
002744.jpg,1,2,0.9999905824661255,1
002745.jpg,0,4,2.9541426556534134e-05,0
002746.jpg,1,2,0.9999955892562866,1
002747.jpg,0,2,5.562205842579715e-05,0
002748.jpg,0,3,3.138146894343663e-06,0
002749.jpg,1,0,0.999990701675415,1
002750.jpg,1,2,0.9999938011169434,1
002751.jpg,0,3,7.706508768023923e-06,0
002752.jpg,0,3,1.051149638442439e-06,0
002753.jpg,1,3,0.9999973773956299,1
002754.jpg,1,3,0.9999984502792358,1
002755.jpg,0,2,7.469407137250528e-06,0
002756.jpg,0,4,9.242113446816802e-05,0
002757.jpg,1,3,0.9999988079071045,1
002758.jpg,0,1,1.5779618252054206e-06,0
002759.jpg,0,4,0.00216576736420393,0
002760.jpg,1,3,0.999998927116394,1
002761.jpg,1,0,0.9999821186065674,1
002762.jpg,1,4,0.9999767541885376,1
002763.jpg,1,2,0.9999922513961792,1
002764.jpg,0,1,1.788064537322498e-06,0
002765.jpg,0,3,1.248270905307436e-06,0
002766.jpg,1,1,0.9999836683273315,1
002767.jpg,1,2,0.9999778270721436,1
002768.jpg,0,0,4.565969902614597e-06,0
002769.jpg,1,2,0.999996542930603,1
002770.jpeg,0,4,0.00013135180051904172,0
002771.jpg,0,3,1.1189429187652422e-06,0
002772.jpg,0,4,1.805851934477687e-05,0
002773.jpg,0,0,0.9967523813247681,1
002774.jpg,0,0,1.0783312063722406e-05,0
002775.jpg,1,1,0.9999862909317017,1
002776.jpg,1,4,0.9999947547912598,1
002777.jpg,1,2,0.9999914169311523,1
002778.jpg,0,1,0.10141132771968842,0
002779.jpg,1,2,0.999993085861206,1
002780.jpg,1,3,0.9999984502792358,1
002781.jpg,0,3,0.02748069353401661,0
002782.jpg,0,3,9.061477612704039e-07,0
002783.jpg,0,0,4.125011855649063e-06,0
002784.jpg,1,1,0.9999732971191406,1
002785.jpg,1,1,0.999981164932251,1
002786.jpg,1,0,0.9999722242355347,1
002787.jpg,0,2,6.540436970681185e-06,0
002788.jpg,1,3,0.9999958276748657,1
002789.jpg,1,0,0.9999053478240967,1
002790.jpg,1,4,0.9999955892562866,1
002791.jpg,0,0,1.6964426322374493e-05,0
002792.jpg,0,0,2.2827996872365475e-05,0
002793.jpg,1,2,0.9999958276748657,1
002794.jpg,0,1,5.649793456541374e-05,0
002795.jpg,1,1,0.9999885559082031,1
002796.jpg,0,4,6.540436970681185e-06,0
002797.jpg,1,0,0.999464213848114,1
002798.jpeg,0,4,0.00020342698553577065,0
002799.jpg,1,0,0.33220207691192627,1
002800.jpg,1,3,0.9999905824661255,1
002801.jpg,0,2,7.071895197441336e-06,0
002802.jpg,0,3,3.7558677377091954e-06,0
002803.jpg,1,1,0.9999549388885498,1
002804.jpg,1,2,0.999995231628418,1
002805.jpg,1,1,0.9999364614486694,1
002806.jpg,0,2,1.805851934477687e-05,0
002807.jpg,1,0,0.9999815225601196,1
002808.jpg,0,4,1.193602383864345e-05,0
002809.jpg,0,4,0.00034330005291849375,0
002810.jpg,0,0,4.157364855927881e-06,0
002811.jpg,1,2,0.9999890327453613,1
002812.jpg,1,2,0.9999948740005493,1
002813.jpg,0,3,1.9525885363691486e-05,0
002814.jpg,1,1,0.9999899864196777,1
002815.jpg,0,1,1.3709570794162573e-06,0
002816.jpg,0,3,1.0783312063722406e-05,0
002817.jpg,0,0,2.127806692442391e-05,0
002818.jpg,1,4,0.9999942779541016,1
002819.jpg,0,3,0.00014425987319555134,0
002820.jpg,0,2,0.0001097509084502235,0
002821.jpg,1,2,0.9999970197677612,1
002822.jpg,0,4,4.0694576455280185e-05,0
002823.jpg,0,2,6.854317234683549e-06,0
002824.jpg,0,4,1.32119585032342e-05,0
002825.jpg,1,4,0.9999938011169434,1
002826.jpg,1,4,0.9999872446060181,1
002827.jpg,0,1,1.36028825181711e-06,0
002828.jpg,0,1,2.4061025669652736e-06,0
002829.jpg,1,3,0.9999972581863403,1
002830.jpg,1,0,0.9998910427093506,1
002831.jpg,0,0,0.00013135180051904172,0
002832.jpg,1,4,0.9997428059577942,1
002833.jpg,0,1,1.4593761079595424e-06,0
002834.jpg,1,0,0.9996243715286255,1
002835.jpg,1,1,0.9999889135360718,1
002836.jpg,1,1,5.908796538278693e-06,0
002837.jpg,0,0,5.214498287386959e-06,0
002838.jpg,1,0,0.9999798536300659,1
002839.jpg,1,3,0.9999974966049194,1
002840.jpg,1,1,0.9999822378158569,1
002841.jpg,1,4,0.9999958276748657,1
002842.jpg,0,0,3.071818719035946e-05,0
002843.jpg,0,1,2.010374601013609e-06,0
002844.jpg,1,3,0.999997615814209,1
002845.jpg,0,4,0.0002531563804950565,0
002846.jpg,1,0,0.9998176693916321,1
002847.jpg,0,4,1.1125607670692261e-05,0
002848.jpg,0,4,0.0004512105952017009,0
002849.jpg,1,4,0.9999339580535889,1
002850.jpg,1,1,0.9999464750289917,1
002851.jpg,0,3,4.936989171255846e-06,0
002852.jpg,1,2,0.9999649524688721,1
002853.jpg,0,4,0.0011380005162209272,0
002854.jpg,1,2,0.999991774559021,1
002855.jpg,1,3,0.9999974966049194,1
002856.jpg,0,3,9.349120091428631e-07,0
002857.jpg,0,1,1.6797313264760305e-06,0
002858.jpg,1,2,0.9999881982803345,1
002859.jpg,1,2,0.9999924898147583,1
002860.jpg,0,1,1.4823580158918048e-06,0
002861.jpg,1,2,0.9999954700469971,1
002862.jpg,1,3,0.9999969005584717,1
002863.jpg,0,0,4.898569386568852e-06,0
002864.jpg,0,1,3.1137255973590072e-06,0
002865.jpg,1,4,0.9999138116836548,1
002866.jpg,1,3,0.9999938011169434,1
002867.jpg,1,3,0.999976396560669,1
002868.jpg,0,3,1.0593939805403352e-06,0
002869.jpg,0,1,1.8885723420680733e-06,0
002870.jpg,1,4,0.9981613755226135,1
002871.jpg,0,1,1.8020886045633233e-06,0
002872.jpg,0,2,5.054065695730969e-06,0
002873.jpg,1,4,0.9999908208847046,1
002874.jpg,1,2,0.9975080490112305,1
002875.jpg,0,1,1.8342892872169614e-05,0
002876.jpg,0,3,1.1818391385531868e-06,0
002877.jpg,1,4,0.9999923706054688,1
002878.jpg,1,1,0.9997851252555847,1
002879.jpg,0,3,8.512471367794205e-07,0
002880.jpg,1,4,0.9999943971633911,1
002881.jpg,1,1,0.9998726844787598,1
002882.jpg,1,2,0.9999967813491821,1
002883.jpg,1,0,0.9998859167098999,1
002884.jpg,1,0,0.9999914169311523,1
002885.jpg,0,0,6.014152313582599e-05,0
002886.jpg,1,0,0.9999881982803345,1
002887.jpg,0,1,8.203532161132898e-06,0
002888.jpg,1,1,0.999984860420227,1
002889.jpg,0,3,2.387378117418848e-06,0
002890.jpg,1,3,0.9999978542327881,1
002891.jpg,1,0,0.9999016523361206,1
002892.jpg,1,3,0.9999978542327881,1
002893.jpg,1,3,0.9999750852584839,1
002894.jpg,1,3,0.9999923706054688,1
002895.jpg,0,1,4.322974746173713e-06,0
002896.jpg,1,3,0.9999983310699463,1
002897.jpg,0,2,4.469407576834783e-05,0
002898.jpg,1,0,0.9998464584350586,1
002899.jpg,0,4,0.0001195985751110129,0
002900.jpg,1,2,0.9999958276748657,1
002901.jpg,1,4,0.9999942779541016,1
002902.jpg,1,1,0.9998028874397278,1
002903.jpg,0,0,5.173918907530606e-06,0
002904.jpg,0,3,1.1750976227631327e-05,0
002905.jpg,0,0,4.720623110188171e-05,0
002906.jpg,0,4,1.6964426322374493e-05,0
002907.jpg,1,1,0.9999589920043945,1
002908.jpg,0,1,7.296379862964386e-06,0
002909.jpg,0,2,7.296379862964386e-06,0
002910.jpg,1,3,0.9999605417251587,1
002911.jpg,0,0,0.00010310212383046746,0
002912.jpeg,0,4,0.00023782203788869083,0
002913.jpg,1,2,0.9999969005584717,1
002914.jpg,1,0,0.9999756813049316,1
002915.jpg,1,3,0.9999881982803345,1
002916.jpg,1,2,0.9999947547912598,1
002917.jpg,0,1,2.526822754589375e-05,0
002918.jpg,0,0,3.5838745588989696e-06,0
002919.jpg,1,3,0.9999967813491821,1
002920.jpg,1,2,0.9999489784240723,1
002921.jpg,0,0,9.314593626186252e-05,0
002922.jpg,0,2,6.502816540887579e-05,0
002923.jpg,0,1,8.284655632451177e-05,0
002924.jpg,1,0,0.9999641180038452,1
002925.jpg,0,3,1.4939843140382436e-06,0
002926.jpg,0,0,2.7969301299890503e-05,0
002927.jpg,1,2,0.9998968839645386,1
002928.jpg,1,4,0.999935507774353,1
002929.jpg,0,1,7.071895197441336e-06,0
002930.jpg,0,1,2.6842005809157854e-06,0
002931.jpg,0,2,1.5689549400121905e-05,0
002932.jpg,1,3,0.9999964237213135,1
002933.jpg,0,0,5.173918907530606e-06,0
002934.jpg,1,3,0.9999974966049194,1
002935.jpeg,0,2,2.1444948288262822e-05,0
002936.jpg,1,1,0.9999665021896362,1
002937.jpg,1,0,0.9994663596153259,1
002938.jpg,1,0,0.9999662637710571,1
002939.jpg,1,1,0.9999841451644897,1
002940.jpg,1,3,0.9999961853027344,1
002941.jpg,0,0,8.092757343547419e-05,0
002942.jpg,1,2,0.9999897480010986,1
002943.jpg,0,1,1.086788597604027e-05,0
002944.jpg,0,0,0.004700060468167067,0
002945.jpg,0,0,1.6187581422855146e-05,0
002946.jpg,0,4,1.9525885363691486e-05,0
002947.jpg,0,2,1.0129991096619051e-05,0
002948.jpg,1,3,0.9999942779541016,1
002949.jpg,0,4,2.93115390377352e-05,0
002950.jpg,1,0,0.9998452663421631,1
002951.jpg,1,1,0.9998840093612671,1
002952.jpg,0,3,1.2289183359825984e-06,0
002953.jpg,1,3,0.9999901056289673,1
002954.jpg,1,3,0.9999964237213135,1
002955.jpg,0,1,2.3503650936618214e-06,0
002956.jpg,1,3,0.9999872446060181,1
002957.jpg,0,2,1.193602383864345e-05,0
002958.jpg,0,2,8.332718607562128e-06,0
002959.jpg,1,4,0.9999850988388062,1
002960.jpg,1,1,0.9999407529830933,1
002961.jpg,1,4,0.9999921321868896,1
002962.jpg,1,3,0.9999977350234985,1
002963.jpg,1,4,0.9999538660049438,1
002964.jpg,1,0,0.9999817609786987,1
002965.jpg,0,0,4.637873189494712e-06,0
002966.jpg,0,1,7.827869012544397e-06,0
002967.jpg,0,4,2.0948189558112063e-05,0
002968.jpg,0,1,1.6408203009632416e-06,0
002969.jpg,0,0,8.818924106890336e-05,0
002970.jpg,1,0,0.9999874830245972,1
002971.jpg,1,2,0.9999780654907227,1
002972.jpg,1,1,0.9999344348907471,1
002973.jpg,0,1,1.373825580230914e-05,0
002974.jpg,1,4,0.9999943971633911,1
002975.jpg,0,2,1.922317096614279e-05,0
002976.jpg,0,3,2.813017317748745e-06,0
002977.jpg,1,0,0.9995272159576416,1
002978.jpg,0,0,0.00017265156202483922,0
002979.jpg,1,1,0.9999151229858398,1
002980.jpg,1,1,0.9999711513519287,1
002981.jpg,1,4,0.9999842643737793,1
002982.jpg,0,2,6.8009767346666194e-06,0
002983.jpg,1,2,0.9999963045120239,1
002984.jpg,1,1,0.9999876022338867,1
002985.jpg,1,2,0.9999955892562866,1
002986.jpg,0,3,8.851568509271601e-07,0
002987.jpg,1,0,0.9999750852584839,1
002988.jpg,0,1,8.284655632451177e-05,0
002989.jpg,0,3,9.132548370871518e-07,0
002990.jpg,1,1,0.9996402263641357,1
002991.jpg,0,2,5.104190859128721e-05,0
002992.jpg,1,2,0.9999957084655762,1
002993.jpg,1,2,0.9999958276748657,1
002994.jpg,1,1,0.9999774694442749,1
002995.jpg,0,1,1.5326106222346425e-05,0
002996.jpg,0,0,5.908796538278693e-06,0
002997.jpg,1,3,0.9999973773956299,1
002998.jpg,1,0,0.9996646642684937,1
002999.jpg,0,3,8.446226615888008e-07,0
003000.jpg,0,4,8.267873454315122e-06,0
003001.jpg,1,1,0.9999892711639404,1
003002.jpg,1,4,0.9999872446060181,1
003003.jpg,1,1,0.9999885559082031,1
003004.jpg,0,4,9.387641330249608e-05,0
003005.jpg,1,4,0.9999227523803711,1
003006.jpg,1,1,0.9999397993087769,1
003007.jpg,0,3,9.721545666252496e-07,0
003008.jpg,1,0,0.9999841451644897,1
003009.jpg,1,4,0.9999589920043945,1
003010.jpg,1,2,0.9999369382858276,1
003011.jpg,1,1,0.9998785257339478,1
003012.jpg,0,2,8.267873454315122e-06,0
003013.jpg,1,1,0.9999862909317017,1
003014.jpg,1,1,0.9715099930763245,1
003015.jpg,1,3,0.9999908208847046,1
003016.jpg,0,4,8.870127203408629e-06,0
003017.jpg,1,2,0.9999899864196777,1
003018.jpg,0,0,4.6742488848394714e-06,0
003019.jpg,0,0,4.4602002162719145e-06,0
003020.jpg,0,0,5.3075080359121785e-05,0
003021.jpg,0,2,5.862813850399107e-06,0
003022.jpg,0,4,1.2123987289669458e-05,0
003023.jpg,1,3,0.9999948740005493,1
003024.jpg,0,1,0.00011501735571073368,0
003025.jpg,0,0,4.822624305234058e-06,0
003026.jpg,0,0,1.4397557606571354e-05,0
003027.jpg,0,4,0.00023050670279189944,0
003028.jpg,0,4,1.820015131670516e-05,0
003029.jpg,1,2,0.9999833106994629,1
003030.jpg,1,3,0.9999979734420776,1
003031.jpg,1,4,0.9999809265136719,1
003032.jpg,1,3,0.999998927116394,1
003033.jpg,0,0,5.50760569240083e-06,0
003034.jpg,1,2,0.999971866607666,1
003035.jpg,0,2,9.66610878094798e-06,0
003036.jpg,1,3,0.9999986886978149,1
003037.jpg,0,4,1.683241134742275e-05,0
003038.jpg,1,4,0.9999918937683105,1
003039.jpg,1,0,0.9999865293502808,1
003040.jpg,0,2,1.0370214113208931e-05,0
003041.jpg,0,4,0.0011695103021338582,0
003042.jpg,1,4,0.9999434947967529,1
003043.jpg,1,0,0.9999854564666748,1
003044.jpg,0,1,1.5656819414289203e-06,0
003045.jpg,1,0,0.9999827146530151,1
003046.jpg,0,0,1.3109142855682876e-05,0
003047.jpg,1,3,0.9999977350234985,1
003048.jpg,1,3,0.9999901056289673,1
003049.jpg,0,2,5.34913269802928e-05,0
003050.jpg,0,0,7.031184213701636e-05,0
003051.jpg,0,1,3.169325282215141e-05,0
003052.jpg,1,1,0.9999531507492065,1
003053.jpg,0,2,5.2553959903889336e-06,0
003054.jpg,0,4,3.70529705833178e-05,0
003055.jpg,1,2,0.9999954700469971,1
003056.jpg,1,0,0.9997219443321228,1
003057.jpg,1,3,0.999779999256134,1
003058.jpg,0,3,1.7366719475830905e-05,0
003059.jpg,0,2,3.169325282215141e-05,0
003060.jpg,1,3,0.9999970197677612,1
003061.jpg,1,0,0.9999792575836182,1
003062.jpg,0,4,7.197912054834887e-05,0
003063.jpg,1,4,0.9999394416809082,1
003064.jpg,0,2,7.706508768023923e-06,0
003065.jpg,0,1,3.3667390653135953e-06,0
003066.jpg,0,2,1.750292540236842e-05,0
003067.jpg,0,3,7.338210252783028e-07,0
003068.jpg,1,3,0.999997615814209,1
003069.jpg,1,1,0.9998273253440857,1
003070.jpg,0,0,1.6701422282494605e-05,0
003071.jpg,0,1,2.387378117418848e-06,0
003072.jpg,1,2,0.9999637603759766,1
003073.jpg,0,2,3.071818719035946e-05,0
003074.jpg,1,2,0.9999724626541138,1
003075.jpg,0,3,1.034853198689234e-06,0
003076.jpg,1,0,0.9999881982803345,1
003077.jpg,1,2,0.9999469518661499,1
003078.jpg,1,3,0.9999953508377075,1
003079.jpg,1,4,0.9999933242797852,1
003080.jpg,1,2,0.9999955892562866,1
003081.jpg,1,0,0.9973887801170349,1
003082.jpg,1,1,0.9999877214431763,1
003083.jpg,1,3,0.9999929666519165,1
003084.jpg,1,1,0.9999781847000122,1
003085.jpg,0,1,3.852893496514298e-05,0
003086.jpg,0,3,2.010374601013609e-06,0
003087.jpg,0,0,4.64743934571743e-05,0
003088.jpg,0,0,7.183260549936676e-06,0
003089.jpg,1,0,0.9999879598617554,1
003090.jpg,1,1,0.9999892711639404,1
003091.jpg,1,1,0.999976634979248,1
003092.jpg,1,4,0.9999939203262329,1
003093.jpg,1,4,0.9999904632568359,1
003094.jpg,0,2,1.7917989680427127e-05,0
003095.jpg,0,2,5.338155915524112e-06,0
003096.jpg,1,2,0.9999938011169434,1
003097.jpg,1,1,0.9998148083686829,1
003098.jpg,0,2,3.21923362207599e-05,0
003099.jpg,0,3,8.446226615888008e-07,0
003100.jpg,1,0,0.9999877214431763,1
003101.jpg,0,1,1.5414084373333026e-06,0
003102.jpg,1,0,0.9999778270721436,1
003103.jpg,0,4,7.426380761899054e-05,0
003104.jpg,1,1,0.9998984336853027,1
003105.jpg,1,3,0.9999985694885254,1
003106.jpg,0,0,3.8750913518015295e-06,0
003107.jpg,1,3,0.9999966621398926,1
003108.jpg,0,4,0.29818472266197205,1
003109.jpg,0,0,0.057705316692590714,0
003110.jpg,0,3,1.0108807373399031e-06,0
003111.jpg,0,4,0.0004565269045997411,0
003112.jpg,0,3,8.380498002225067e-07,0
003113.jpg,1,4,0.9999915361404419,1
003114.jpg,1,2,0.9999517202377319,1
003115.jpg,1,2,0.9999885559082031,1
003116.jpg,0,3,1.6061610949691385e-05,0
003117.jpg,1,0,0.999983549118042,1
003118.jpg,1,2,0.9999825954437256,1
003119.jpg,1,1,0.9998028874397278,1
003120.jpg,0,0,5.173918907530606e-06,0
003121.jpg,1,2,0.9999958276748657,1
003122.jpg,0,1,1.086788597604027e-05,0
003123.jpg,1,4,0.9999884366989136,1
003124.jpg,0,0,5.638214133796282e-06,0
003125.jpg,0,1,8.597226042184047e-06,0
003126.jpg,1,2,0.9999804496765137,1
003127.jpg,0,3,1.018809143715771e-06,0
003128.jpg,0,3,2.6016164156317245e-06,0
003129.jpg,0,1,1.6666595001879614e-06,0
003130.jpg,1,4,0.9999620914459229,1
003131.jpg,1,2,0.9999963045120239,1
003132.jpg,0,4,6.3889292505336925e-06,0
003133.jpg,1,2,0.999985933303833,1
003134.jpg,1,3,0.9999947547912598,1
003135.jpg,1,3,0.999997615814209,1
003136.jpg,1,1,0.9833430051803589,1
003137.jpg,0,3,8.920992513594683e-07,0
003138.jpg,0,0,9.685608529252931e-05,0
003139.jpg,0,1,2.5813706088229083e-06,0
003140.jpg,1,1,0.9999724626541138,1
003141.jpg,0,4,1.2905907169624697e-05,0
003142.jpg,1,1,0.9999849796295166,1
003143.jpg,0,0,0.00010472556459717453,0
003144.jpg,0,3,8.186363515960693e-07,0
003145.jpg,0,1,9.151693120657e-06,0
003146.jpg,1,2,0.9999512434005737,1
003147.jpg,1,2,0.9999951124191284,1
003148.jpg,0,1,1.9947297005273867e-06,0
003149.jpg,0,0,1.6442494597868063e-05,0
003150.jpg,1,0,0.99964439868927,1
003151.jpg,0,0,2.5466402803431265e-05,0
003152.jpg,1,1,0.9999855756759644,1
003153.jpg,1,3,0.999993085861206,1
003154.jpg,0,4,9.535461140330881e-05,0
003155.jpg,1,3,0.9999985694885254,1
003156.jpg,0,3,1.3525266695069149e-05,0
003157.jpg,0,2,5.173918907530606e-06,0
003158.jpg,0,2,1.1039027413062286e-05,0
003159.jpg,0,3,1.2778726841133903e-06,0
003160.jpg,1,0,0.9999920129776001,1
003161.jpg,1,1,0.9999855756759644,1
003162.jpg,1,1,0.9981397390365601,1
003163.jpg,0,3,8.920992513594683e-07,0
003164.jpg,0,1,7.843789353501052e-05,0
003165.jpg,0,0,7.426380761899054e-05,0
003166.jpg,0,1,3.212565388821531e-06,0
003167.jpg,1,1,0.9999865293502808,1
003168.jpg,0,2,6.643434062425513e-06,0
003169.jpg,1,1,0.999962329864502,1
003170.jpg,0,1,9.741921530803666e-06,0
003171.jpg,0,3,9.952085520126275e-07,0
003172.jpg,1,1,0.9993358254432678,1
003173.jpg,0,1,3.6403116610017605e-06,0
003174.jpg,0,3,7.281103080458706e-07,0
003175.jpg,0,1,1.2123987289669458e-05,0
003176.jpg,1,2,0.9999954700469971,1
003177.jpg,0,4,1.3954598216514569e-05,0
003178.jpg,0,0,3.4808123018592596e-05,0
003179.jpg,1,3,0.9999858140945435,1
003180.jpg,0,2,4.611274925991893e-05,0
003181.jpg,1,4,0.9999903440475464,1
003182.jpg,1,1,0.999985933303833,1
003183.jpg,0,1,1.6701422282494605e-05,0
003184.jpg,1,3,0.9999957084655762,1
003185.jpg,1,2,0.9999881982803345,1
003186.jpg,1,1,0.9999892711639404,1
003187.jpg,0,0,0.0031850608065724373,0
003188.jpg,0,1,1.5689549400121905e-05,0
003189.jpg,1,2,0.9999291896820068,1
003190.jpg,0,3,3.944259151467122e-05,0
003191.jpg,0,1,1.746643988553842e-06,0
003192.jpg,1,3,0.9999984502792358,1
003193.jpg,1,1,0.999971866607666,1
003194.jpg,0,4,9.535461140330881e-05,0
003195.jpg,1,3,0.9999701976776123,1
003196.jpg,0,2,0.5125172138214111,1
003197.jpg,1,2,0.9999711513519287,1
003198.jpg,1,0,0.9947186708450317,1
003199.jpg,1,2,0.9999935626983643,1
003200.jpg,1,0,0.9999706745147705,1
003201.jpg,0,0,0.0007408055826090276,0
003202.jpg,1,0,0.9996579885482788,1
003203.jpg,0,0,0.016277462244033813,0
003204.jpg,0,1,8.957788668340072e-05,0
003205.jpg,1,2,0.9999942779541016,1
003206.jpg,1,2,0.999996542930603,1
003207.jpg,0,4,1.3109142855682876e-05,0
003208.jpg,1,2,0.999996542930603,1
003209.jpg,1,3,0.9999854564666748,1
003210.jpg,1,0,0.9995344877243042,1
003211.jpg,1,4,0.9999949932098389,1
003212.jpg,1,4,0.9999912977218628,1
003213.jpg,0,3,7.81148287387623e-07,0
003214.jpg,1,1,0.9932287931442261,1
003215.jpg,0,2,5.638214133796282e-06,0
003216.jpg,1,2,0.9999903440475464,1
003217.jpg,0,1,5.46474529983243e-06,0
003218.jpg,0,4,6.339210813166574e-06,0
003219.jpg,1,0,0.9986383318901062,1
003220.jpg,1,1,0.9999692440032959,1
003221.jpg,1,1,0.9999821186065674,1
003222.jpg,0,2,7.296379862964386e-06,0
003223.jpg,1,1,0.9999682903289795,1
003224.jpg,0,3,0.00216576736420393,0
003225.jpg,0,4,0.001367025775834918,0
003226.jpg,1,0,0.999140739440918,1
003227.jpg,0,3,1.0699396625568625e-05,0
003228.jpg,0,4,0.00018667821132112294,0
003229.jpg,0,3,9.721545666252496e-07,0
003230.jpg,0,4,0.00020502213737927377,0
003231.jpg,0,1,5.214498287386959e-06,0
003232.jpg,0,3,2.8350802949717036e-06,0
003233.jpg,1,3,0.9999990463256836,1
003234.jpg,0,0,4.822624305234058e-06,0
003235.jpg,1,0,0.99988853931427,1
003236.jpg,0,0,2.1953488612780347e-05,0
003237.jpeg,0,2,3.852893496514298e-05,0
003238.jpg,1,3,0.999997615814209,1
003239.jpg,1,4,0.9999815225601196,1
003240.jpg,0,1,2.521573378544417e-06,0
003241.jpg,1,4,0.99993896484375,1
003242.jpg,1,2,0.9999954700469971,1
003243.jpg,0,4,0.00017130821652244776,0
003244.jpg,1,4,0.999841570854187,1
003245.jpg,1,3,0.9998568296432495,1
003246.jpg,0,4,1.7917989680427127e-05,0
003247.jpg,1,2,0.9999794960021973,1
003248.jpg,1,4,0.9999927282333374,1
003249.jpg,0,2,5.4333650041371584e-05,0
003250.jpg,1,2,0.9999508857727051,1
003251.jpg,1,1,0.9999815225601196,1
003252.jpg,1,4,0.9999959468841553,1
003253.jpg,0,3,5.01473505210015e-06,0
003254.jpg,1,2,0.9999959468841553,1
003255.jpg,1,0,0.9999759197235107,1
003256.jpg,0,3,8.059445804065035e-07,0
003257.jpg,0,2,4.611274925991893e-05,0
003258.jpg,1,1,0.9999617338180542,1
003259.jpg,1,0,0.9967142343521118,1
003260.jpg,0,2,8.332718607562128e-06,0
003261.jpg,0,1,2.1233784082141938e-06,0
003262.jpg,0,0,2.127806692442391e-05,0
003263.jpg,0,1,1.1212864592380356e-05,0
003264.jpg,1,0,0.9999792575836182,1
003265.jpg,0,0,6.65701663820073e-05,0
003266.jpg,1,0,0.9999833106994629,1
003267.jpg,0,2,1.0209440915787127e-05,0
003268.jpg,1,1,0.9999895095825195,1
003269.jpg,1,4,0.9999909400939941,1
003270.jpg,1,3,0.9999932050704956,1
003271.jpg,1,2,0.9959456324577332,1
003272.jpg,1,2,0.9999719858169556,1
003273.jpg,0,1,3.0654518923256546e-06,0
003274.jpg,1,2,0.9999865293502808,1
003275.jpg,0,0,4.4001182686770335e-05,0
003276.jpg,1,0,0.9999830722808838,1
003277.jpg,0,3,6.733920940860116e-07,0
003278.jpg,1,2,0.9999792575836182,1
003279.jpg,1,3,0.9999947547912598,1
003280.jpg,0,0,0.00010472556459717453,0
003281.jpg,1,2,0.9999657869338989,1
003282.jpg,1,4,0.9999905824661255,1
003283.jpg,1,1,0.9999866485595703,1
003284.jpg,1,0,0.9998717308044434,1
003285.jpg,0,1,8.398072168347426e-06,0
003286.jpg,1,4,0.9999902248382568,1
003287.jpg,0,2,8.463937774649821e-06,0
003288.jpg,0,0,3.8831109122838825e-05,0
003289.jpg,1,3,0.9999959468841553,1
003290.jpg,1,4,0.9999922513961792,1
003291.jpg,0,2,2.4876489987946115e-05,0
003292.jpg,1,4,0.9999909400939941,1
003293.jpg,0,2,8.139692909026053e-06,0
003294.jpg,1,3,0.9985895752906799,1
003295.jpg,1,0,0.9983189702033997,1
003296.jpg,0,3,3.017926701431861e-06,0
003297.jpg,1,0,0.9999643564224243,1
003298.jpg,1,0,0.9996849298477173,1
003299.jpg,1,2,0.9999955892562866,1
003300.jpg,1,0,0.999971866607666,1
003301.jpg,0,0,6.192363798618317e-06,0
003302.jpg,0,1,2.541350113460794e-06,0
003303.jpg,0,4,0.00021654405281879008,0
003304.jpg,1,1,0.9999023675918579,1
003305.jpg,0,1,1.8631746570463292e-05,0
003306.jpg,1,3,0.9999887943267822,1
003307.jpg,1,0,0.9997765421867371,1
003308.jpg,0,0,5.01473505210015e-06,0
003309.jpg,1,4,0.9999957084655762,1
003310.jpg,1,2,0.9999816417694092,1
003311.jpg,1,2,0.9999727010726929,1
003312.jpg,1,2,0.9999964237213135,1
003313.jpg,0,4,5.783766391687095e-05,0
003314.jpg,1,1,0.9999790191650391,1
003315.jpg,0,4,7.527989509981126e-06,0
003316.jpg,1,4,0.999995231628418,1
003317.jpg,1,3,0.9999958276748657,1
003318.jpg,1,4,0.9999943971633911,1
003319.jpeg,0,3,9.00981012819102e-06,0
003320.jpg,1,0,0.9999865293502808,1
003321.jpg,1,1,0.9999871253967285,1
003322.jpg,0,3,8.122656822706631e-07,0
003323.jpg,0,2,3.095910506090149e-05,0
003324.jpg,0,3,0.8858291506767273,1
003325.jpg,1,2,0.9999657869338989,1
003326.jpg,0,0,4.264747258275747e-05,0
003327.jpg,0,1,7.646537596883718e-06,0
003328.jpg,1,2,0.9999946355819702,1
003329.jpg,1,0,0.9999816417694092,1
003330.jpg,1,0,0.9999872446060181,1
003331.jpg,0,2,7.071895197441336e-06,0
003332.jpg,1,1,0.9999853372573853,1
003333.jpg,0,3,3.1627598673367174e-06,0
003334.jpg,0,4,2.6688529032981023e-05,0
003335.jpg,1,0,0.9964063763618469,1
003336.jpg,1,3,0.9999836683273315,1
003337.jpg,0,3,1.517511009296868e-06,0
003338.jpg,0,3,1.6666595001879614e-06,0
003339.jpg,1,1,0.9999798536300659,1
003340.jpg,1,3,0.9999985694885254,1
003341.jpg,1,2,0.9999969005584717,1
003342.jpg,1,3,0.999998927116394,1
003343.jpg,0,1,1.1478767191874795e-05,0
003344.jpg,1,2,0.9999690055847168,1
003345.jpg,1,3,0.9999948740005493,1
003346.jpg,1,4,0.9999939203262329,1
003347.jpg,1,1,0.9999833106994629,1
003348.jpg,0,2,8.076349331531674e-06,0
003349.jpg,0,0,4.391050879348768e-06,0
003350.jpg,1,0,0.9999911785125732,1
003351.jpg,1,4,0.9999862909317017,1
003352.jpg,1,1,0.9999904632568359,1
003353.jpg,1,2,0.9982926249504089,1
003354.jpg,0,1,2.387378117418848e-06,0
003355.jpg,0,3,2.127806692442391e-05,0
003356.jpg,1,1,0.9999855756759644,1
003357.jpg,1,1,0.9999110698699951,1
003358.jpg,1,4,0.9999955892562866,1
003359.jpg,1,1,0.9999877214431763,1
003360.jpg,0,1,1.1389440260245465e-05,0
003361.jpg,0,1,1.5414084373333026e-06,0
003362.jpg,1,0,0.9999852180480957,1
003363.jpg,0,2,4.683888255385682e-05,0
003364.jpeg,0,3,6.591734290850582e-06,0
003365.jpg,0,4,6.962256520637311e-06,0
003366.jpg,0,3,1.3709570794162573e-06,0
003367.jpg,1,0,0.9958337545394897,1
003368.jpg,1,4,0.9999926090240479,1
003369.jpg,1,4,0.9999595880508423,1
003370.jpg,0,2,1.922317096614279e-05,0
003371.jpg,0,1,4.785094461112749e-06,0
003372.jpg,0,3,3.3667390653135953e-06,0
003373.jpg,1,1,0.999929666519165,1
003374.jpg,0,2,7.141901005525142e-05,0
003375.jpg,0,2,6.489539373433217e-06,0
003376.jpg,1,1,0.9999865293502808,1
003377.jpg,1,3,0.9999980926513672,1
003378.jpg,0,0,1.7231572201126255e-05,0
003379.jpg,1,4,0.9999964237213135,1
003380.jpg,1,4,0.9999920129776001,1
003381.jpg,1,1,0.9999802112579346,1
003382.jpg,1,3,0.9999896287918091,1
003383.jpg,1,3,0.9999605417251587,1
003384.jpg,1,1,0.9999802112579346,1
003385.jpg,0,4,9.098840382648632e-05,0
003386.jpg,1,1,0.9999918937683105,1
003387.jpg,0,1,1.81622237960255e-06,0
003388.jpg,0,0,4.4602002162719145e-06,0
003389.jpg,0,2,7.527989509981126e-06,0
003390.jpg,0,2,0.05252167582511902,0
003391.jpg,0,2,1.485457869421225e-05,0
003392.jpg,0,1,5.638214133796282e-06,0
003393.jpg,1,1,0.9999836683273315,1
003394.jpg,0,3,1.0108807373399031e-06,0
003395.jpg,1,0,0.999975323677063,1
003396.jpg,1,3,0.9999973773956299,1
003397.jpeg,0,3,2.9480165721906815e-06,0
003398.jpg,1,0,0.9999885559082031,1
003399.jpeg,0,4,0.0007041515782475471,0
003400.jpg,1,1,0.9999595880508423,1
003401.jpg,0,1,2.042033202087623e-06,0
003402.jpg,1,3,0.9999972581863403,1
003403.jpg,1,1,0.9999892711639404,1
003404.jpg,0,3,0.0001547666179249063,0
003405.jpg,1,1,0.9998910427093506,1
003406.jpg,0,0,7.197912054834887e-05,0
003407.jpg,1,1,0.9999662637710571,1
003408.jpeg,0,1,4.365877975942567e-05,0
003409.jpg,0,3,9.79779315457563e-07,0
003410.jpg,0,3,8.122656822706631e-07,0
003411.jpg,1,3,0.9999969005584717,1
003412.jpg,0,3,1.2778726841133903e-06,0
003413.jpg,0,1,1.81622237960255e-06,0
003414.jpg,1,0,0.9986435770988464,1
003415.jpg,0,3,4.061060280946549e-06,0
003416.jpg,0,4,2.6274772608303465e-05,0
003417.jpg,1,0,0.9998992681503296,1
003418.jpg,0,3,2.6070305466419086e-05,0
003419.jpg,1,0,0.9999016523361206,1
003420.jpg,0,3,3.373722574906424e-05,0
003421.jpg,0,0,8.013499609660357e-06,0
003422.jpg,1,2,0.9999877214431763,1
003423.jpg,1,4,0.9999803304672241,1
003424.jpg,1,3,0.9999984502792358,1
003425.jpg,0,2,8.076349331531674e-06,0
003426.jpg,0,0,0.09041372686624527,0
003427.jpg,0,3,4.4001182686770335e-05,0
003428.jpg,0,2,3.9135655242716894e-05,0
003429.jpg,1,2,0.9999971389770508,1
003430.jpg,1,1,0.9999873638153076,1
003431.jpg,1,1,0.9999810457229614,1
003432.jpg,1,0,0.9999850988388062,1
003433.jpg,0,2,1.1478767191874795e-05,0
003434.jpg,0,0,5.380023594625527e-06,0
003435.jpg,1,1,0.9999877214431763,1
003436.jpg,1,0,0.9998977184295654,1
003437.jpg,0,2,1.8631746570463292e-05,0
003438.jpg,0,3,6.962256520637311e-06,0
003439.jpg,1,1,0.9999867677688599,1
003440.jpg,0,1,3.095910506090149e-05,0
003441.jpg,0,0,5.133655122335767e-06,0
003442.jpg,1,2,0.9999722242355347,1
003443.jpg,1,4,0.9999788999557495,1
003444.jpg,0,1,4.4602002162719145e-06,0
003445.jpg,0,2,5.638214133796282e-06,0
003446.jpg,1,1,0.9999792575836182,1
003447.jpg,0,4,1.1750976227631327e-05,0
003448.jpg,1,4,0.9999923706054688,1
003449.jpg,0,3,2.140032165698358e-06,0
003450.jpg,1,2,0.999991774559021,1
003451.jpg,0,2,5.214498287386959e-06,0
003452.jpg,1,1,0.9999885559082031,1
003453.jpg,0,2,4.683888255385682e-05,0
003454.jpg,0,0,2.3007036361377686e-05,0
003455.jpg,0,2,5.771919859398622e-06,0
003456.jpg,1,2,0.9999951124191284,1
003457.jpg,1,2,0.9999895095825195,1
003458.jpg,1,0,0.9943799376487732,1
003459.jpg,1,2,0.9999680519104004,1
003460.jpg,1,1,0.9999885559082031,1
003461.jpg,1,4,0.9999891519546509,1
003462.jpg,1,2,0.9999685287475586,1
003463.jpg,1,4,0.999993085861206,1
003464.jpg,0,0,1.1300809092062991e-05,0
003465.jpg,1,4,0.9999921321868896,1
003466.jpg,1,1,0.9999456405639648,1
003467.jpg,0,1,2.813017317748745e-06,0
003468.jpg,1,4,0.9999921321868896,1
003469.jpg,0,3,8.920992513594683e-07,0
003470.jpg,0,2,0.0003874761168844998,0
003471.jpg,1,4,0.9999732971191406,1
003472.jpg,1,0,0.9999567270278931,1
003473.jpg,0,3,3.2887487577681895e-06,0
003474.jpg,1,2,0.9999649524688721,1
003475.jpg,1,4,0.9999839067459106,1
003476.jpg,1,4,0.9948000907897949,1
003477.jpg,1,2,0.9999815225601196,1
003478.jpg,0,4,0.00011323437502142042,0
003479.jpg,1,0,0.9999784231185913,1
003480.jpg,0,4,9.368716746394057e-06,0
003481.jpg,0,1,1.3184367162466515e-06,0
003482.jpg,0,2,6.695538559142733e-06,0
003483.jpg,0,0,4.0063696360448375e-05,0
003484.jpg,0,1,1.963804152183002e-06,0
003485.jpg,1,4,0.999930739402771,1
003486.jpg,1,1,0.9999878406524658,1
003487.jpg,1,2,0.999995231628418,1
003488.jpg,1,4,0.9998952150344849,1
003489.jpg,1,1,0.9997407793998718,1
003490.jpg,1,3,0.9999973773956299,1
003491.jpg,0,1,1.6028110394472606e-06,0
003492.jpg,0,3,2.3139264158089645e-06,0
003493.jpg,1,2,0.999854564666748,1
003494.jpg,1,1,0.9999732971191406,1
003495.jpg,0,0,5.391084050643258e-05,0
003496.jpg,1,3,0.9999979734420776,1
003497.jpg,0,3,1.1726421007551835e-06,0
003498.jpg,1,2,0.9999946355819702,1
003499.jpg,0,4,0.00026119034737348557,0
003500.jpg,0,2,2.3369335394818336e-05,0
003501.jpg,0,3,2.058049176412169e-06,0
003502.jpg,1,1,0.9999794960021973,1
003503.jpg,0,2,9.368716746394057e-06,0
003504.jpg,1,1,0.9999864101409912,1
003505.jpg,1,3,0.9999954700469971,1
003506.jpg,1,3,0.9999978542327881,1
003507.jpg,0,4,0.0001409185497323051,0
003508.jpg,1,1,0.9707987308502197,1
003509.jpg,0,1,1.2805474398192018e-05,0
003510.jpg,0,3,7.296379862964386e-06,0
003511.jpg,0,3,8.446226615888008e-07,0
003512.jpg,0,3,1.7195648069900926e-06,0
003513.jpg,0,2,3.047914469789248e-05,0
003514.jpg,0,4,7.843789353501052e-05,0
003515.jpg,0,1,2.2474090656032786e-05,0
003516.jpg,1,0,0.9999794960021973,1
003517.jpg,0,2,5.908796538278693e-06,0
003518.jpg,0,2,1.9988920030300505e-05,0
003519.jpg,1,1,0.9999719858169556,1
003520.jpg,1,2,0.9998568296432495,1
003521.jpg,1,3,0.9999942779541016,1
003522.jpeg,0,3,4.189971605228493e-06,0
003523.jpg,1,4,0.9999915361404419,1
003524.jpg,1,2,0.9999938011169434,1
003525.jpg,0,1,2.902311962316162e-06,0
003526.jpg,0,3,1.2778726841133903e-06,0
003527.jpg,0,4,6.643434062425513e-06,0
003528.jpg,0,2,1.683241134742275e-05,0
003529.jpg,1,4,0.9999744892120361,1
003530.jpg,1,4,0.9999877214431763,1
003531.jpg,0,0,0.00013135180051904172,0
003532.jpg,1,2,0.9999690055847168,1
003533.jpg,1,0,0.9986276626586914,1
003534.jpg,0,4,1.270582197321346e-05,0
003535.jpg,0,4,2.586742994026281e-05,0
003536.jpg,0,0,5.054065695730969e-06,0
003537.jpg,0,1,6.908075192768592e-06,0
003538.jpg,1,0,0.9999324083328247,1
003539.jpg,1,1,0.8171371221542358,1
003540.jpg,0,3,1.0267999641655479e-06,0
003541.jpg,0,4,0.00026530236937105656,0
003542.jpg,1,1,0.9997584223747253,1
003543.jpg,0,3,6.8009767346666194e-06,0
003544.jpg,0,2,3.120191104244441e-05,0
003545.jpg,1,1,0.999983549118042,1
003546.jpg,1,4,0.999995231628418,1
003547.jpg,0,4,6.439037861127872e-06,0
003548.jpg,1,2,0.9999942779541016,1
003549.jpg,1,2,0.9999935626983643,1
003550.jpg,1,1,0.9999394416809082,1
003551.jpg,1,4,0.9999932050704956,1
003552.jpg,1,2,0.9999951124191284,1
003553.jpg,0,2,5.727003099309513e-06,0
003554.jpg,0,3,2.2603244360652752e-06,0
003555.jpg,1,3,0.9999868869781494,1
003556.jpg,1,2,0.999996542930603,1
003557.jpg,0,2,1.2606946256710216e-05,0
003558.jpg,1,0,0.9998488426208496,1
003559.jpg,0,4,0.0002234163403045386,0
003560.jpg,1,1,0.9999821186065674,1
003561.jpg,1,1,0.9999823570251465,1
003562.jpg,1,4,0.9999946355819702,1
003563.jpg,0,4,7.016861218289705e-06,0
003564.jpg,1,4,0.9999951124191284,1
003565.jpg,0,0,5.862813850399107e-06,0
003566.jpg,1,0,0.9999489784240723,1
003567.jpg,0,4,1.7097478121286258e-05,0
003568.jpg,0,4,2.0948189558112063e-05,0
003569.jpg,1,4,0.9999097585678101,1
003570.jpg,1,0,0.9999583959579468,1
003571.jpg,1,0,0.9999827146530151,1
003572.jpeg,0,3,6.695538559142733e-06,0
003573.jpg,0,3,7.889262633398175e-06,0
003574.jpg,1,4,0.9999912977218628,1
003575.jpg,0,4,0.00013342000602278858,0
003576.jpg,0,0,4.611274925991893e-05,0
003577.jpg,1,0,0.9999097585678101,1
003578.jpg,0,3,3.3931446523638442e-06,0
003579.jpg,0,0,2.5466402803431265e-05,0
003580.jpg,0,1,1.3420013601717073e-05,0
003581.jpg,0,2,5.1442217227304354e-05,0
003582.jpg,1,2,0.9999969005584717,1
003583.jpg,0,3,9.645892760090646e-07,0
003584.jpg,1,2,0.9753900170326233,1
003585.jpg,1,2,0.9999864101409912,1
003586.jpg,1,0,0.9993785619735718,1
003587.jpg,1,0,0.9999885559082031,1
003588.jpg,0,0,4.74785701953806e-06,0
003589.jpg,0,3,7.512230126849317e-07,0
003590.jpg,0,1,2.106854026351357e-06,0
003591.jpg,0,4,0.0002234163403045386,0
003592.jpg,0,4,1.202963903779164e-05,0
003593.jpg,0,2,2.2125668692751788e-05,0
003594.jpg,1,3,0.9999977350234985,1
003595.jpg,0,2,7.296379862964386e-06,0
003596.jpg,1,2,0.9999903440475464,1
003597.jpg,0,2,5.173918907530606e-06,0
003598.jpg,0,0,5.594337835646002e-06,0
003599.jpg,1,2,0.9998568296432495,1
003600.jpg,1,4,0.9999899864196777,1
003601.jpg,0,4,6.643434062425513e-06,0
003602.jpg,1,4,0.9999966621398926,1
003603.jpg,0,1,2.449082603561692e-05,0
003604.jpg,0,4,4.683888255385682e-05,0
003605.jpg,0,3,1.0930227745120646e-06,0
003606.jpg,1,4,0.99998939037323,1
003607.jpg,1,3,0.9999990463256836,1
003608.jpg,1,4,0.9999910593032837,1
003609.jpg,1,3,0.9999785423278809,1
003610.jpg,1,4,0.9999908208847046,1
003611.jpg,0,4,0.0038244836032390594,0
003612.jpg,0,2,6.00184603172238e-06,0
003613.jpg,0,0,5.46474529983243e-06,0
003614.jpg,1,1,0.9999908208847046,1
003615.jpg,1,2,0.9999966621398926,1
003616.jpg,1,4,0.999931812286377,1
003617.jpg,0,4,9.00981012819102e-06,0
003618.jpg,1,1,0.9999899864196777,1
003619.jpg,0,0,0.987129271030426,1
003620.jpg,0,3,4.832564081880264e-05,0
003621.jpg,0,3,2.857316076187999e-06,0
003622.jpg,0,2,0.00032250722870230675,0
003623.jpg,1,1,0.9999680519104004,1
003624.jpg,0,1,1.1568795343919192e-05,0
003625.jpg,0,1,1.8304671129953931e-06,0
003626.jpg,0,1,1.6280514500977006e-06,0
003627.jpg,1,3,0.9999986886978149,1
003628.jpg,1,1,0.99988853931427,1
003629.jpg,1,2,0.9999910593032837,1
003630.png,1,2,0.9999920129776001,1
003631.jpg,1,2,0.9999964237213135,1
003632.jpg,1,0,0.9999873638153076,1
003633.jpg,1,3,0.9036349058151245,1
003634.jpg,0,1,2.1737328097515274e-06,0
003635.jpg,0,3,8.851568509271601e-07,0
003636.jpg,1,0,0.9993094205856323,1
003637.jpg,0,0,3.7853246794838924e-06,0
003638.jpg,0,4,0.3006429076194763,1
003639.jpg,1,0,0.9943140745162964,1
003640.jpg,0,2,8.870127203408629e-06,0
003641.jpg,0,2,5.862813850399107e-06,0
003642.jpg,0,0,5.054065695730969e-06,0
003643.jpg,0,2,5.380023594625527e-06,0
003644.jpg,1,3,0.9999946355819702,1
003645.jpg,1,2,0.9999942779541016,1
003646.jpg,1,4,0.9999921321868896,1
003647.jpg,0,1,1.9183130461897235e-06,0
003648.jpg,0,0,2.818866414600052e-05,0
003649.jpg,0,3,1.3184367162466515e-06,0
003650.jpg,0,3,2.8632557587116025e-05,0
003651.jpg,1,3,0.9999685287475586,1
003652.jpg,1,3,0.9999983310699463,1
003653.jpg,1,4,0.9999947547912598,1
003654.jpg,1,2,0.9999961853027344,1
003655.jpg,0,1,1.4593761079595424e-06,0
003656.jpeg,0,2,2.6070305466419086e-05,0
003657.jpg,1,3,0.9999986886978149,1
003658.jpg,1,4,0.9999349117279053,1
003659.jpg,1,2,0.9999963045120239,1
003660.jpg,1,1,0.9999866485595703,1
003661.jpg,1,0,0.998807430267334,1
003662.jpg,1,2,0.9999918937683105,1
003663.jpg,0,4,0.00046371284406632185,0
003664.jpg,1,1,0.999937891960144,1
003665.jpg,0,3,4.898569386568852e-06,0
003666.jpg,1,0,0.9999833106994629,1
003667.jpg,0,2,1.0699396625568625e-05,0
003668.jpg,0,4,6.339210813166574e-06,0
003669.jpg,0,0,3.7853246794838924e-06,0
003670.jpg,1,0,0.9988395571708679,1
003671.jpg,0,4,0.00026947917649522424,0
003672.jpg,0,4,6.14417513133958e-06,0
003673.jpg,1,2,0.999987006187439,1
003674.jpg,1,4,0.9999924898147583,1
003675.jpg,1,1,0.9999840259552002,1
003676.jpg,1,4,0.9999885559082031,1
003677.jpg,1,4,0.9998633861541748,1
003678.jpg,0,0,0.0003101559996139258,0
003679.jpg,0,2,3.095910506090149e-05,0
003680.jpg,1,1,0.9999421834945679,1
003681.jpg,0,0,5.46474529983243e-06,0
003682.jpg,1,1,0.9999873638153076,1
003683.jpg,0,3,1.1818391385531868e-06,0
003684.jpg,0,1,1.4593761079595424e-06,0
003685.jpg,0,4,1.5206839634629432e-05,0
003686.jpg,1,3,0.9999990463256836,1
003687.jpg,0,3,8.122656822706631e-07,0
003688.jpg,1,1,0.9999665021896362,1
003689.jpg,0,2,1.3420013601717073e-05,0
003690.jpg,1,3,0.9999979734420776,1
003691.jpg,1,0,0.9999829530715942,1
003692.jpg,1,3,0.9999923706054688,1
003693.jpg,0,1,1.270582197321346e-05,0
003694.jpg,1,3,0.9999924898147583,1
003695.jpg,1,2,0.9999901056289673,1
003696.jpg,1,3,0.9998326301574707,1
003697.jpg,0,4,0.001356401713564992,0
003698.jpg,0,2,9.66610878094798e-06,0
003699.jpg,1,0,0.9999822378158569,1
003700.jpg,1,0,0.9999924898147583,1
003701.jpg,0,2,8.013499609660357e-06,0
003702.jpg,1,2,0.9999953508377075,1
003703.jpg,0,3,7.951139195938595e-06,0
003704.jpg,0,1,1.903384486467985e-06,0
003705.jpg,0,3,1.0845166116268956e-06,0
003706.jpg,1,1,0.9999662637710571,1
003707.jpg,1,4,0.9999918937683105,1
003708.jpg,1,4,0.9999947547912598,1
003709.jpg,0,2,5.955139840807533e-06,0
003710.jpg,1,4,0.9999923706054688,1
003711.jpg,1,4,0.9996017813682556,1
003712.jpg,0,3,1.2580612747115083e-06,0
003713.jpg,0,3,0.00012830943160224706,0
003714.jpg,0,3,2.9250750230858102e-06,0
003715.jpg,0,0,7.602480036439374e-05,0
003716.jpg,1,0,0.9999589920043945,1
003717.jpg,0,2,7.484622619813308e-05,0
003718.jpg,0,2,9.295810741605237e-06,0
003719.jpg,0,0,7.071895197441336e-06,0
003720.jpg,1,0,0.9999909400939941,1
003721.jpg,0,1,8.732609785511158e-06,0
003722.jpg,0,2,1.2508840882219374e-05,0
003723.jpg,1,4,0.9999923706054688,1
003724.jpg,1,0,0.9999719858169556,1
003725.jpg,1,4,0.9999970197677612,1
003726.jpg,0,3,1.0930227745120646e-06,0
003727.jpg,0,1,2.902311962316162e-06,0
003728.jpg,0,0,4.289332991902484e-06,0
003729.jpg,1,3,0.9999970197677612,1
003730.jpg,0,4,8.076349331531674e-06,0
003731.jpg,1,2,0.9999829530715942,1
003732.jpg,0,1,7.016861218289705e-06,0
003733.jpg,1,1,0.9995177984237671,1
003734.jpg,0,3,8.446226615888008e-07,0
003735.jpg,1,0,0.9999803304672241,1
003736.jpg,0,0,2.6897845600615256e-05,0
003737.jpg,1,4,0.9999915361404419,1
003738.jpg,0,2,1.7917989680427127e-05,0
003739.jpg,0,3,2.0623423552024178e-05,0
003740.jpg,0,0,5.01473505210015e-06,0
003741.jpg,1,0,0.9999798536300659,1
003742.jpg,1,0,0.9999858140945435,1
003743.jpg,0,4,0.00016997529019135982,0
003744.jpg,1,0,0.9999711513519287,1
003745.jpg,1,4,0.9999891519546509,1
003746.jpg,1,2,0.9999955892562866,1
003747.jpg,1,3,0.9999986886978149,1
003748.jpg,1,3,0.9999973773956299,1
003749.jpg,1,4,0.9996259212493896,1
003750.jpg,1,1,0.999931812286377,1
003751.jpg,1,0,0.9999874830245972,1
003752.jpg,1,4,0.9999961853027344,1
003753.jpg,0,1,1.4708222124681924e-06,0
003754.jpg,1,1,0.999982476234436,1
003755.jpg,0,1,2.526822754589375e-05,0
003756.jpg,1,1,0.9999279975891113,1
003757.jpg,1,3,0.9999985694885254,1
003758.jpg,0,1,2.042033202087623e-06,0
003759.jpg,1,1,0.9999881982803345,1
003760.jpg,1,1,0.9999867677688599,1
003761.jpg,1,1,0.9997527003288269,1
003762.jpg,1,4,0.9999586343765259,1
003763.jpg,0,2,0.00011682839976856485,0
003764.jpg,0,1,1.4708222124681924e-06,0
003765.jpg,1,1,0.9999912977218628,1
003766.jpg,1,2,0.9999527931213379,1
003767.jpg,0,0,2.6480842279852368e-05,0
003768.jpg,0,4,1.4510477740259375e-05,0
003769.jpg,0,0,5.908796538278693e-06,0
003770.jpg,0,3,7.872749847592786e-07,0
003771.jpg,1,1,0.9999816417694092,1
003772.jpg,0,3,9.496346820014878e-07,0
003773.jpg,0,4,0.00032758433371782303,0
003774.jpg,1,3,0.9999986886978149,1
003775.jpg,0,4,1.1389440260245465e-05,0
003776.jpg,1,3,0.9991927742958069,1
003777.jpg,1,4,0.9999724626541138,1
003778.jpg,1,3,0.999998927116394,1
003779.jpg,0,0,5.6824351304385345e-06,0
003780.jpg,0,2,0.0001097509084502235,0
003781.jpg,1,4,0.9999922513961792,1
003782.jpg,1,4,0.9999171495437622,1
003783.jpg,0,1,1.6028110394472606e-06,0
003784.jpg,1,0,0.999972939491272,1
003785.jpg,1,4,0.9999943971633911,1
003786.jpg,0,1,2.1233784082141938e-06,0
003787.jpg,0,1,1.8738754761216114e-06,0
003788.jpg,1,2,0.9999872446060181,1
003789.jpg,1,0,0.2703838646411896,1
003790.jpg,1,3,0.9999947547912598,1
003791.jpg,0,0,4.4602002162719145e-06,0
003792.jpg,1,4,0.999995231628418,1
003793.jpg,1,3,0.9999979734420776,1
003794.jpg,1,2,0.9999947547912598,1
003795.jpg,1,2,0.9999943971633911,1
003796.jpg,1,4,0.9991638660430908,1
003797.jpg,0,0,4.322974746173713e-06,0
003798.jpg,1,1,0.9999899864196777,1
003799.jpg,0,3,3.2887487577681895e-06,0
003800.jpg,0,2,6.854317234683549e-06,0
003801.jpg,0,3,1.051149638442439e-06,0
003802.jpg,1,2,0.9999847412109375,1
003803.jpg,1,2,0.9999946355819702,1
003804.jpg,0,1,1.6797313264760305e-06,0
003805.jpg,0,3,0.00012533750850707293,0
003806.jpg,1,3,0.9999847412109375,1
003807.jpg,1,4,0.9999924898147583,1
003808.jpg,0,2,8.332718607562128e-06,0
003809.jpg,1,0,0.9998247027397156,1
003810.jpg,1,4,0.9999915361404419,1
003811.jpg,1,3,0.9939261078834534,1
003812.jpg,0,3,1.3631345609610435e-05,0
003813.jpg,0,2,7.766951966914348e-06,0
003814.jpg,1,4,0.9999910593032837,1
003815.jpg,0,2,5.727003099309513e-06,0
003816.jpg,0,4,1.045154840539908e-05,0
003817.jpg,0,0,4.822624305234058e-06,0
003818.jpg,0,1,2.9480165721906815e-06,0
003819.jpg,1,0,0.999913215637207,1
003820.jpg,0,2,3.70529705833178e-05,0
003821.jpg,0,3,9.42244525958813e-07,0
003822.jpg,0,2,1.2314909326960333e-05,0
003823.jpg,1,3,0.9999979734420776,1
003824.jpg,1,0,0.9998675584793091,1
003825.jpg,0,2,2.0948189558112063e-05,0
003826.jpg,0,3,4.231559796608053e-05,0
003827.jpg,0,2,6.439037861127872e-06,0
003828.jpg,0,2,1.7640200894675218e-05,0
003829.jpg,1,1,0.9999233484268188,1
003830.jpg,1,3,0.9999946355819702,1
003831.jpg,0,1,0.013902058824896812,0
003832.jpg,0,0,1.7778553228708915e-05,0
003833.jpg,1,1,0.9999825954437256,1
003834.jpg,1,3,0.9999940395355225,1
003835.jpg,1,0,0.9999858140945435,1
003836.jpg,0,4,7.706508768023923e-06,0
003837.jpg,0,3,1.81622237960255e-06,0
003838.jpg,1,0,0.00010071399447042495,0
003839.jpg,0,3,3.5633544030133635e-05,0
003840.jpg,0,3,4.530437308858382e-06,0
003841.jpg,1,3,0.9999972581863403,1
003842.jpg,1,3,0.9999836683273315,1
003843.jpg,1,3,0.9999985694885254,1
003844.jpg,0,1,2.857316076187999e-06,0
003845.jpg,1,4,0.9999945163726807,1
003846.jpg,0,0,6.8009767346666194e-06,0
003847.jpg,0,1,7.5870320870308205e-06,0
003848.jpg,1,4,0.9999452829360962,1
003849.jpg,1,3,0.9999939203262329,1
003850.jpg,0,1,1.593661909282673e-05,0
003851.jpg,1,3,0.9999963045120239,1
003852.jpg,1,2,0.999985933303833,1
003853.jpg,0,1,9.295810741605237e-06,0
003854.jpg,1,0,0.9999853372573853,1
003855.jpg,1,1,0.9999841451644897,1
003856.jpg,0,0,1.508850164100295e-05,0
003857.jpg,1,4,0.9999885559082031,1
003858.jpg,0,4,0.0002982776495628059,0
003859.jpg,1,1,0.9999885559082031,1
003860.jpg,0,4,5.173918907530606e-06,0
003861.jpg,0,2,9.442196642339695e-06,0
003862.jpg,0,1,2.482479885657085e-06,0
003863.jpg,1,4,0.9997346997261047,1
003864.jpg,0,1,4.710908797278535e-06,0
003865.jpg,0,2,2.318747829122003e-05,0
003866.jpg,1,3,0.9999982118606567,1
003867.jpg,1,4,0.9999840259552002,1
003868.jpg,1,0,0.9999603033065796,1
003869.jpg,0,2,9.972942280001007e-06,0
003870.jpg,1,0,0.9998476505279541,1
003871.jpg,1,3,0.9999421834945679,1
003872.jpg,1,3,0.999998927116394,1
003873.jpg,1,1,0.9999792575836182,1
003874.jpg,1,2,0.9999608993530273,1
003875.jpg,0,1,1.8885723420680733e-06,0
003876.jpg,0,1,1.3420013601717073e-05,0
003877.jpg,0,3,1.3007128472963814e-05,0
003878.jpg,0,1,2.1233784082141938e-06,0
003879.jpg,0,0,6.192363798618317e-06,0
003880.jpg,1,4,0.9999953508377075,1
003881.jpg,1,2,0.9999654293060303,1
003882.jpg,1,2,0.9999914169311523,1
003883.jpg,1,0,0.999783456325531,1
003884.jpg,0,4,1.2805474398192018e-05,0
003885.jpg,1,0,0.9983059167861938,1
003886.jpg,0,3,8.481104305246845e-05,0
003887.jpg,0,3,1.0760769555417937e-06,0
003888.jpg,1,1,0.9999902248382568,1
003889.jpg,0,1,1.7195648069900926e-06,0
003890.jpg,0,0,5.771919859398622e-06,0
003891.jpg,0,1,1.5656819414289203e-06,0
003892.jpg,0,1,2.1444948288262822e-05,0
003893.jpg,0,1,2.058049176412169e-06,0
003894.jpg,1,0,0.9999814033508301,1
003895.jpg,0,1,2.0741906610055594e-06,0
003896.jpg,0,3,3.6119831747782882e-06,0
003897.jpg,1,2,0.9999932050704956,1
003898.jpg,0,0,6.97647119523026e-05,0
003899.jpg,1,4,0.9999932050704956,1
003900.jpg,0,2,8.267873454315122e-06,0
003901.jpg,1,0,0.9995434880256653,1
003902.jpg,0,3,7.057087714201771e-07,0
003903.jpg,1,4,0.9999935626983643,1
003904.jpg,0,3,3.7558677377091954e-06,0
003905.jpg,1,2,0.9999165534973145,1
003906.jpg,0,0,3.4736103771138005e-06,0
003907.jpg,1,2,0.9999933242797852,1
003908.jpg,1,0,0.9998785257339478,1
003909.jpg,0,3,3.936114808311686e-06,0
003910.jpg,1,1,0.999976634979248,1
003911.jpg,1,4,0.9999927282333374,1
003912.jpg,1,3,0.9999874830245972,1
003913.jpg,1,0,0.9997387528419495,1
003914.jpg,1,1,0.9999862909317017,1
003915.jpg,1,0,0.999984860420227,1
003916.jpg,1,3,0.9999978542327881,1
003917.jpg,0,0,5.6824351304385345e-06,0
003918.jpg,0,1,1.436750721950375e-06,0
003919.jpg,0,0,2.818866414600052e-05,0
003920.jpg,0,3,1.034853198689234e-06,0
003921.jpg,0,1,1.4285516954259947e-05,0
003922.jpg,1,4,0.9999921321868896,1
003923.jpg,0,1,1.746643988553842e-06,0
003924.jpg,0,0,5.955139840807533e-06,0
003925.jpeg,0,4,0.0006771942717023194,0
003926.jpg,0,4,8.888084266800433e-05,0
003927.jpg,1,0,0.9999697208404541,1
003928.jpg,0,3,1.1726421007551835e-06,0
003929.jpg,1,0,0.9994946718215942,1
003930.jpg,0,1,2.747854296103469e-06,0
003931.jpg,0,4,1.373825580230914e-05,0
003932.jpg,0,3,1.8885723420680733e-06,0
003933.jpg,0,0,9.098840382648632e-05,0
003934.jpg,1,0,0.9999780654907227,1
003935.jpg,1,1,0.9999898672103882,1
003936.jpg,1,1,0.999972939491272,1
003937.jpg,1,1,0.9999792575836182,1
003938.jpg,0,2,5.550802143261535e-06,0
003939.jpeg,1,1,0.9996169805526733,1
003940.jpg,1,3,0.9999969005584717,1
003941.jpg,0,1,2.42497367253236e-06,0
003942.jpg,1,4,0.9999957084655762,1
003943.jpg,0,4,1.6187581422855146e-05,0
003944.jpg,1,3,0.9999982118606567,1
003945.jpg,1,0,0.9998326301574707,1
003946.jpg,0,4,0.9996079802513123,1
003947.jpg,0,0,4.289332991902484e-06,0
003948.jpg,1,0,0.9997387528419495,1
003949.jpg,1,3,0.9999897480010986,1
003950.jpg,1,2,0.9999874830245972,1
003951.jpg,0,3,2.7751651941798627e-05,0
003952.jpg,0,0,6.962256520637311e-06,0
003953.jpg,0,4,0.000900446786545217,0
003954.jpg,1,2,0.707808792591095,1
003955.jpg,1,2,0.9999946355819702,1
003956.jpg,0,4,1.907357909658458e-05,0
003957.jpg,1,2,0.9999727010726929,1
003958.jpg,1,0,0.9999877214431763,1
003959.jpg,1,3,0.9999860525131226,1
003960.jpg,0,3,8.122656822706631e-07,0
003961.jpg,0,4,0.00032503585680387914,0
003962.jpg,1,0,0.9998717308044434,1
003963.jpg,1,1,0.9999738931655884,1
003964.jpg,1,1,0.9999860525131226,1
003965.jpg,1,0,0.9999858140945435,1
003966.jpg,0,2,1.0783312063722406e-05,0
003967.jpg,0,0,5.2966147450206336e-06,0
003968.jpg,0,0,1.0533520253375173e-05,0
003969.jpg,0,1,2.791126462398097e-06,0
003970.jpg,1,2,0.9999920129776001,1
003971.jpg,0,4,7.889262633398175e-06,0
003972.jpg,0,4,1.4397557606571354e-05,0
003973.jpg,1,3,0.9999837875366211,1
003974.jpg,1,4,0.9969839453697205,1
003975.jpg,1,4,0.9999858140945435,1
003976.jpg,1,4,0.9932550191879272,1
003977.jpg,1,4,0.9999138116836548,1
003978.jpg,1,1,0.9999809265136719,1
003979.jpg,1,1,0.9996620416641235,1
003980.jpg,0,3,8.059445804065035e-07,0
003981.jpg,1,3,0.9999992847442627,1
003982.jpg,1,1,0.9999895095825195,1
003983.jpg,1,2,0.9999942779541016,1
003984.jpg,1,1,0.9997487664222717,1
003985.jpg,0,3,0.0001097509084502235,0
003986.jpg,1,2,0.9999749660491943,1
003987.jpg,1,4,0.9999794960021973,1
003988.jpg,0,3,8.446226615888008e-07,0
003989.jpg,0,3,1.2979962775716558e-06,0
003990.jpg,1,1,0.9999899864196777,1
003991.jpg,0,3,5.727003099309513e-06,0
003992.jpg,0,3,6.962256520637311e-06,0
003993.jpg,1,3,0.9999991655349731,1
003994.jpg,0,1,1.7330517039226834e-06,0
003995.jpg,1,2,0.9999951124191284,1
003996.jpg,1,0,0.9999891519546509,1
003997.jpg,1,2,0.999944806098938,1
003998.jpg,1,2,0.9999963045120239,1
003999.jpg,1,3,0.9999927282333374,1
004000.jpg,1,3,0.9999969005584717,1
004001.jpg,1,1,0.9999902248382568,1
004002.jpg,1,1,0.9999876022338867,1
004003.jpg,1,4,0.9999747276306152,1
004004.jpg,0,2,8.013499609660357e-06,0
004005.jpg,0,2,8.013499609660357e-06,0
004006.jpg,1,4,0.9999966621398926,1
004007.jpg,0,3,1.2385568197714747e-06,0
004008.jpg,1,2,0.9999943971633911,1
004009.jpg,0,3,1.0845166116268956e-06,0
004010.jpg,1,4,0.9999489784240723,1
004011.jpg,0,1,2.042033202087623e-06,0
004012.jpg,1,3,0.9999983310699463,1
004013.jpg,1,3,0.9999905824661255,1
004014.jpg,0,4,6.289878911047708e-06,0
004015.jpg,1,1,0.9999756813049316,1
004016.jpg,0,1,4.189971605228493e-06,0
004017.jpg,1,4,0.9999901056289673,1
004018.jpg,0,1,1.81622237960255e-06,0
004019.jpg,0,2,7.706508768023923e-06,0
004020.jpg,1,0,0.999985933303833,1
004021.jpg,1,1,0.9998706579208374,1
004022.jpg,1,0,0.9999803304672241,1
004023.jpg,1,0,0.9999151229858398,1
004024.png,0,3,0.00022871329565532506,0
004025.jpg,0,2,1.6571451851632446e-05,0
004026.jpg,1,1,0.9999890327453613,1
004027.jpg,0,1,1.9947297005273867e-06,0
004028.jpg,0,4,0.00010804956400534138,0
004029.jpg,0,3,4.189971605228493e-06,0
004030.jpg,1,4,0.9999916553497314,1
004031.jpg,1,2,0.9999957084655762,1
004032.jpg,0,1,0.0020587535109370947,0
004033.jpg,0,3,9.7615658887662e-05,0
004034.jpg,1,0,0.9999850988388062,1
004035.jpg,1,4,0.9999933242797852,1
004036.jpg,1,3,0.9999992847442627,1
004037.jpg,0,2,7.827869012544397e-06,0
004038.jpg,1,0,0.9999905824661255,1
004039.jpg,1,2,0.9999969005584717,1
004040.jpg,1,2,0.9999756813049316,1
004041.jpg,1,0,0.9998831748962402,1
004042.jpg,1,4,0.9999774694442749,1
004043.jpg,1,2,0.9998522996902466,1
004044.jpg,1,3,0.9999990463256836,1
004045.jpg,1,2,0.9999932050704956,1
004046.jpg,1,3,0.9999985694885254,1
004047.jpg,0,3,7.81148287387623e-07,0
004048.jpg,1,0,0.9862046241760254,1
004049.jpg,0,1,1.7097478121286258e-05,0
004050.jpg,1,1,0.9999910593032837,1
004051.jpg,0,4,0.000638679601252079,0
004052.jpg,0,0,3.844934781227494e-06,0
004053.jpg,1,3,0.9999967813491821,1
004054.jpg,1,1,0.9999810457229614,1
004055.jpg,0,1,2.058049176412169e-06,0
004056.jpg,1,4,0.9999942779541016,1
004057.jpg,1,3,0.9999977350234985,1
004058.jpg,1,3,0.9999991655349731,1
004059.jpg,1,2,0.9999635219573975,1
004060.jpg,1,3,0.9999949932098389,1
004061.jpg,1,0,0.9999926090240479,1
004062.jpg,0,3,8.380498002225067e-07,0
004063.jpg,1,0,0.9999637603759766,1
004064.jpg,1,2,0.9999905824661255,1
004065.jpg,1,3,0.9999974966049194,1
004066.jpg,1,0,0.9999809265136719,1
004067.jpg,1,4,0.9999918937683105,1
004068.jpg,1,4,0.999988317489624,1
004069.jpg,1,0,0.9999767541885376,1
004070.jpg,1,0,0.9999822378158569,1
004071.jpg,1,3,0.9999963045120239,1
004072.jpg,1,3,0.9999947547912598,1
004073.jpg,0,4,0.001192549243569374,0
004074.jpg,0,0,4.74785701953806e-06,0
004075.jpg,0,1,0.9381240010261536,1
004076.jpg,1,3,0.9999986886978149,1
004077.jpg,1,4,0.9999263286590576,1
004078.jpg,1,2,0.9999948740005493,1
004079.jpg,0,2,0.00010391067189630121,0
004080.jpg,0,3,8.415109186898917e-05,0
004081.jpg,1,3,0.999931812286377,1
004082.jpg,1,4,0.9999940395355225,1
004083.jpg,0,3,1.373825580230914e-05,0
004084.jpg,1,2,0.9999899864196777,1
004085.jpg,0,2,2.9773113055853173e-05,0
004086.jpg,0,4,1.508850164100295e-05,0
004087.jpg,0,3,1.1015954441973008e-06,0
004088.jpg,0,1,8.664653250889387e-06,0
004089.jpg,0,4,1.1659531082841568e-05,0
004090.jpg,0,1,1.4708222124681924e-06,0
004091.jpg,1,3,0.9999984502792358,1
004092.jpg,1,4,0.9999030828475952,1
004093.jpg,0,3,8.092757343547419e-05,0
004094.jpg,0,2,9.66610878094798e-06,0
004095.jpg,1,4,0.9999973773956299,1
004096.jpg,1,4,0.999995231628418,1
004097.jpg,0,4,9.516251338936854e-06,0
004098.jpg,1,0,0.9998745918273926,1
004099.jpg,1,4,0.999996542930603,1
004100.jpg,1,0,0.9999854564666748,1
004101.jpg,1,3,0.9999979734420776,1
004102.jpg,0,3,2.387378117418848e-06,0
004103.jpg,0,0,3.8750913518015295e-06,0
004104.jpg,0,0,3.6119831747782882e-06,0
004105.jpg,1,3,0.9999991655349731,1
004106.jpg,1,4,0.9999711513519287,1
004107.jpg,0,1,1.32119585032342e-05,0
004108.jpg,1,4,0.9999589920043945,1
004109.jpg,0,1,0.0005172813544049859,0
004110.jpg,1,4,0.9999895095825195,1
004111.jpg,0,3,8.782686791164451e-07,0
004112.jpg,0,3,6.14417513133958e-06,0
004113.jpg,1,2,0.9999935626983643,1
004114.jpg,0,2,4.9086618673754856e-05,0
004115.jpg,1,4,0.9999920129776001,1
004116.jpg,0,1,5.214498287386959e-06,0
004117.jpeg,0,1,3.975192521465942e-05,0
004118.jpg,0,2,1.7366719475830905e-05,0
004119.jpg,0,0,0.003621685551479459,0
004120.jpg,1,3,0.9999940395355225,1
004121.jpg,0,1,2.9480165721906815e-06,0
004122.jpg,0,4,1.2508840882219374e-05,0
004123.jpg,1,3,0.9999910593032837,1
004124.jpg,1,4,0.9999856948852539,1
004125.jpg,1,2,0.9999933242797852,1
004126.jpg,0,1,1.5656819414289203e-06,0
004127.jpg,0,4,0.00012830943160224706,0
004128.jpg,1,4,0.9999922513961792,1
004129.png,0,4,0.00030774305923841894,0
004130.jpg,1,1,0.9999724626541138,1
004131.jpg,1,2,0.9999850988388062,1
004132.jpg,1,1,0.9999793767929077,1
004133.jpg,1,1,0.9998666048049927,1
004134.jpg,1,1,0.12984344363212585,1
004135.jpg,1,1,0.9998785257339478,1
004136.jpg,1,4,0.9999947547912598,1
004137.jpg,0,4,2.9773113055853173e-05,0
004138.jpg,1,0,0.9991990923881531,1
004139.jpg,0,0,4.785094461112749e-06,0
004140.jpg,0,3,1.0108807373399031e-06,0
004141.jpg,0,3,1.1726421007551835e-06,0
004142.jpg,0,2,2.818866414600052e-05,0
004143.jpg,1,4,0.9992357492446899,1
004144.jpg,1,0,0.9999769926071167,1
004145.jpg,1,4,0.9999617338180542,1
004146.jpg,1,0,0.9999874830245972,1
004147.jpg,0,0,4.4602002162719145e-06,0
004148.jpg,1,1,0.9999103546142578,1
004149.jpg,1,0,0.9999884366989136,1
004150.jpg,1,3,0.999991774559021,1
004151.jpg,1,3,0.9999983310699463,1
004152.jpg,0,0,4.189971605228493e-06,0
004153.jpg,0,0,4.86044837089139e-06,0
004154.jpg,1,1,0.9997565150260925,1
004155.jpg,0,3,1.018809143715771e-06,0
004156.jpg,0,4,0.0005213363328948617,0
004157.jpg,1,3,0.9999955892562866,1
004158.jpg,0,1,1.8304671129953931e-06,0
004159.jpg,1,0,0.9999867677688599,1
004160.jpg,0,0,2.9773113055853173e-05,0
004161.jpg,1,1,0.9999858140945435,1
004162.jpg,1,3,0.9999985694885254,1
004163.jpg,1,4,0.9999755620956421,1
004164.jpg,0,1,1.3846004549122881e-05,0
004165.jpg,1,1,0.999984622001648,1
004166.jpg,0,2,7.951139195938595e-06,0
004167.jpg,1,4,0.999985933303833,1
004168.jpg,1,0,0.9999821186065674,1
004169.jpg,1,4,0.9999687671661377,1
004170.jpg,1,4,0.999996542930603,1
004171.jpg,0,1,0.00015000566781964153,0
004172.jpg,1,3,0.9999860525131226,1
004173.jpg,0,3,9.570827614879818e-07,0
004174.jpg,1,0,0.9993410706520081,1
004175.jpg,0,2,1.750292540236842e-05,0
004176.jpg,0,0,7.3536061790946405e-06,0
004177.jpg,1,0,0.9999861717224121,1
004178.jpg,1,1,0.9999890327453613,1
004179.jpg,1,0,0.9999843835830688,1
004180.jpg,1,2,0.9999527931213379,1
004181.jpg,1,4,0.9999827146530151,1
004182.jpg,1,4,0.9999948740005493,1
004183.jpg,1,0,0.9999929666519165,1
004184.jpg,0,2,7.411279511870816e-06,0
004185.jpg,1,2,0.9999963045120239,1
004186.jpg,1,2,0.9999865293502808,1
004187.jpg,0,4,0.00026530236937105656,0
004188.jpg,1,2,0.9999945163726807,1
004189.jpg,0,0,9.00981012819102e-06,0
004190.jpg,1,2,0.9999948740005493,1
004191.jpg,1,1,0.9999364614486694,1
004192.jpeg,1,3,0.9999760389328003,1
004193.jpg,1,2,0.9999927282333374,1
004194.jpg,0,0,3.998099145974265e-06,0
004195.jpg,0,1,1.2580612747115083e-06,0
004196.jpg,1,1,0.999982476234436,1
004197.jpg,0,2,0.0001387341326335445,0
004198.jpg,1,0,0.9999904632568359,1
004199.jpg,0,0,5.638214133796282e-06,0
004200.jpg,1,0,0.9999221563339233,1
004201.jpg,0,3,7.127359822334256e-06,0
004202.jpg,1,4,0.9999855756759644,1
004203.jpg,1,4,0.9999947547912598,1
004204.jpg,1,0,0.9999794960021973,1
004205.jpg,0,4,6.3889292505336925e-06,0
004206.jpg,1,0,0.9993880987167358,1
004207.jpg,0,2,0.0003301527467556298,0
004208.jpg,1,3,0.9999985694885254,1
004209.jpg,0,2,8.267873454315122e-06,0
004210.jpg,0,2,2.6070305466419086e-05,0
004211.jpg,1,3,0.9999973773956299,1
004212.jpg,0,3,2.994440819747979e-06,0
004213.jpg,1,4,0.9999943971633911,1
004214.jpg,0,4,0.00025714197545312345,0
004215.jpg,1,3,0.9999970197677612,1
004216.jpg,0,1,1.3817098079016432e-06,0
004217.jpg,1,4,0.9999008178710938,1
004218.jpg,0,0,5.817189503432019e-06,0
004219.jpg,0,0,3.2887487577681895e-06,0
004220.jpg,0,4,4.539786823443137e-05,0
004221.jpg,1,1,0.9999865293502808,1
004222.jpg,1,2,0.999983549118042,1
004223.jpg,1,4,0.9999046325683594,1
004224.jpg,0,4,0.00010554686014074832,0
004225.jpg,0,0,4.391050879348768e-06,0
004226.jpg,1,1,0.9999876022338867,1
004227.jpg,1,4,0.9999940395355225,1
004228.jpg,0,4,1.4285516954259947e-05,0
004229.jpg,1,1,0.999990701675415,1
004230.jpg,1,2,0.9999902248382568,1
004231.jpg,1,4,0.9999911785125732,1
004232.jpg,0,4,1.1843139873235486e-05,0
004233.jpg,0,3,3.966985786973964e-06,0
004234.jpg,1,3,0.0007524627144448459,0
004235.jpg,1,0,0.9999880790710449,1
004236.jpg,0,0,5.214498287386959e-06,0
004237.jpg,1,1,0.9999837875366211,1
004238.jpg,1,2,0.9999955892562866,1
004239.jpg,0,1,2.769405909930356e-06,0
004240.jpg,1,1,0.9999862909317017,1
004241.jpg,0,4,0.00301606603898108,0
004242.jpg,1,0,0.9994621872901917,1
004243.jpg,0,0,4.637873189494712e-06,0
004244.jpg,1,3,0.9999969005584717,1
004245.jpg,0,4,1.1125607670692261e-05,0
004246.jpg,1,0,0.9999898672103882,1
004247.jpg,0,4,0.00016603847325313836,0
004248.jpg,1,1,0.9999821186065674,1
004249.jpg,1,1,0.9999889135360718,1
004250.jpg,1,4,0.9999614953994751,1
004251.jpg,0,0,6.695538559142733e-06,0
004252.jpg,0,2,5.638214133796282e-06,0
004253.jpg,1,0,0.9999861717224121,1
004254.jpg,1,1,0.9999873638153076,1
004255.jpg,1,1,0.9999880790710449,1
004256.jpg,1,1,0.9566342234611511,1
004257.jpg,1,2,0.9999940395355225,1
004258.jpg,0,3,9.721545666252496e-07,0
004259.jpg,1,0,0.9999881982803345,1
004260.jpg,1,1,0.9999620914459229,1
004261.jpg,0,1,1.9333585896674776e-06,0
004262.jpg,1,3,0.9999980926513672,1
004263.jpg,1,1,0.9999804496765137,1
004264.jpg,1,0,0.9999881982803345,1
004265.jpg,1,0,0.9999741315841675,1
004266.jpg,0,1,3.5008547456527594e-06,0
004267.jpg,1,2,0.9999948740005493,1
004268.jpg,0,1,2.106854026351357e-06,0
004269.jpg,0,0,6.854317234683549e-06,0
004270.jpg,1,2,0.9999963045120239,1
004271.jpg,0,4,0.0002780309587251395,0
004272.jpg,0,0,3.591301356209442e-05,0
004273.jpg,0,3,4.0294567043019924e-06,0
004274.jpg,1,0,0.9998968839645386,1
004275.jpg,1,2,0.9999967813491821,1
004276.jpg,1,3,0.999996542930603,1
004277.jpg,0,4,1.4285516954259947e-05,0
004278.jpg,1,2,0.999996542930603,1
004279.jpg,1,2,0.9999749660491943,1
004280.jpg,1,1,0.9999125003814697,1
004281.jpg,0,1,2.387378117418848e-06,0
004282.jpg,1,3,0.9999983310699463,1
004283.jpg,1,1,0.99991774559021,1
004284.jpg,1,0,0.9999090433120728,1
004285.jpg,0,2,5.727003099309513e-06,0
004286.jpg,1,2,0.9999957084655762,1
004287.jpg,0,1,1.7195648069900926e-06,0
004288.jpg,1,1,0.9999384880065918,1
004289.jpg,0,1,1.8631746570463292e-05,0
004290.jpg,0,1,8.22018992039375e-05,0
004291.jpg,1,3,5.0644717703107744e-05,0
004292.jpg,0,4,5.920916373725049e-05,0
004293.jpg,0,2,8.664653250889387e-06,0
004294.jpg,0,4,1.5206839634629432e-05,0
004295.jpg,0,1,2.0741906610055594e-06,0
004296.jpg,0,2,2.818866414600052e-05,0
004297.jpg,1,2,0.9999958276748657,1
004298.jpg,0,3,8.530320883437525e-06,0
004299.jpg,1,4,0.9999890327453613,1
004300.jpg,0,4,6.962256520637311e-06,0
004301.jpg,0,4,8.597226042184047e-06,0
004302.jpg,1,4,0.9999936819076538,1
004303.jpg,0,0,3.024195939360652e-05,0
004304.jpg,0,3,1.1189429187652422e-06,0
004305.jpg,0,0,3.8831109122838825e-05,0
004306.jpg,0,1,1.581260221428238e-05,0
004307.jpg,0,1,7.3536061790946405e-06,0
004308.jpg,1,4,0.999991774559021,1
004309.jpg,1,0,0.999992847442627,1
004310.jpg,1,2,0.9997851252555847,1
004311.jpg,0,1,1.4708222124681924e-06,0
004312.jpg,0,0,4.785094461112749e-06,0
004313.jpg,0,0,4.356879799161106e-06,0
004314.jpg,0,0,4.74785701953806e-06,0
004315.jpg,0,3,1.5206839634629432e-05,0
004316.jpg,0,2,8.203532161132898e-06,0
004317.jpg,0,4,1.2805474398192018e-05,0
004318.jpg,0,2,3.4808123018592596e-05,0
004319.jpg,1,2,0.999996542930603,1
004320.jpg,0,2,3.4001819585682824e-05,0
004321.jpg,0,2,7.071895197441336e-06,0
004322.jpg,0,3,3.8831109122838825e-05,0
004323.jpg,1,4,0.9997387528419495,1
004324.jpg,1,2,0.9999922513961792,1
004325.jpg,1,0,0.9992175102233887,1
004326.jpg,1,4,0.9999923706054688,1
004327.jpg,1,0,0.9999920129776001,1
004328.jpg,1,3,0.9999973773956299,1
004329.jpg,1,2,0.9999892711639404,1
004330.jpg,0,4,1.4064044080441818e-05,0
004331.jpg,1,4,0.9999905824661255,1
004332.jpg,0,4,9.242113446816802e-05,0
004333.jpg,0,4,7.3536061790946405e-06,0
004334.jpg,0,4,5.2966147450206336e-06,0
004335.jpg,1,0,0.9996185302734375,1
004336.jpg,0,3,8.059445804065035e-07,0
004337.jpg,0,3,1.248270905307436e-06,0
004338.jpg,0,4,0.00031999824568629265,0
004339.jpg,0,1,8.939696272136644e-06,0
004340.jpg,1,4,0.9999939203262329,1
004341.jpg,1,1,0.9999545812606812,1
004342.jpg,0,3,0.00178219610825181,0
004343.png,0,3,6.014152313582599e-05,0
004344.jpg,1,1,0.25945019721984863,1
004345.jpg,0,3,1.2004504696960794e-06,0
004346.jpg,0,3,9.721545666252496e-07,0
004347.jpg,0,2,1.221907587023452e-05,0
004348.jpg,1,2,0.9999443292617798,1
004349.jpg,1,3,0.9999891519546509,1
004350.jpg,1,3,0.9999822378158569,1
004351.jpg,1,1,0.9999781847000122,1
004352.jpg,0,1,2.6633117613528157e-06,0
004353.jpg,0,4,1.55674551933771e-05,0
004354.jpg,0,2,6.761842087144032e-05,0
004355.jpg,1,4,0.9999947547912598,1
004356.jpg,1,0,0.9999872446060181,1
004357.jpg,0,3,9.874638635665178e-07,0
004358.jpg,0,0,2.2650352548225783e-05,0
004359.jpg,0,4,6.7480518737284e-06,0
004360.jpg,0,0,4.710908797278535e-06,0
004361.jpg,0,0,5.550802143261535e-06,0
004362.jpg,0,1,2.190781742683612e-06,0
004363.jpg,1,4,0.9999904632568359,1
004364.jpg,1,3,0.9999706745147705,1
004365.jpg,1,3,0.9999967813491821,1
004366.jpg,0,4,1.6314539607265033e-05,0
004367.jpg,1,3,0.9999964237213135,1
004368.jpg,0,4,0.0006851713405922055,0
004369.jpg,0,0,1.0533520253375173e-05,0
004370.jpg,0,0,7.3536061790946405e-06,0
004371.jpg,1,1,0.9999833106994629,1
004372.jpg,0,3,9.645892760090646e-07,0
004373.jpg,1,2,0.9993487000465393,1
004374.jpg,0,2,5.380023594625527e-06,0
004375.jpg,1,2,0.9999929666519165,1
004376.jpg,0,1,5.0644717703107744e-05,0
004377.jpg,0,0,5.2553959903889336e-06,0
004378.jpg,1,1,0.9999780654907227,1
004379.jpg,0,2,1.6442494597868063e-05,0
004380.jpg,0,4,1.0699396625568625e-05,0
004381.jpg,0,1,2.010374601013609e-06,0
004382.jpg,1,2,0.9999821186065674,1
004383.jpg,1,2,0.9999903440475464,1
004384.jpg,0,0,3.071818719035946e-05,0
004385.jpg,1,0,0.9997262358665466,1
004386.jpg,1,4,0.9999954700469971,1
004387.jpg,1,4,0.9999843835830688,1
004388.jpg,1,1,0.9999858140945435,1
004389.jpg,1,2,0.9999970197677612,1
004390.jpg,1,3,0.9999920129776001,1
004391.jpg,1,4,0.9999955892562866,1
004392.jpg,1,3,0.9999364614486694,1
004393.jpg,1,2,0.9999953508377075,1
004394.jpg,0,1,1.5057016753416974e-06,0
004395.jpg,1,3,0.9999985694885254,1
004396.jpg,0,0,0.9851576089859009,1
004397.jpg,0,1,1.221907587023452e-05,0
004398.jpg,0,3,8.732609785511158e-06,0
004399.jpg,0,0,0.00013658353418577462,0
004400.jpg,1,3,0.999998927116394,1
004401.jpg,1,4,0.9658352136611938,1
004402.jpg,1,3,0.9999971389770508,1
004403.jpg,0,2,2.6070305466419086e-05,0
004404.jpg,1,2,0.999997615814209,1
004405.jpg,1,2,0.9999881982803345,1
004406.jpg,0,3,9.645892760090646e-07,0
004407.jpg,1,0,0.9999772310256958,1
004408.jpg,0,2,9.972942280001007e-06,0
004409.jpg,1,4,0.9998339414596558,1
004410.jpg,0,1,1.746643988553842e-06,0
004411.jpg,0,2,1.086788597604027e-05,0
004412.jpg,0,3,1.2193548855066183e-06,0
004413.jpg,1,0,0.9999858140945435,1
004414.jpg,0,3,1.051149638442439e-06,0
004415.jpg,1,2,0.999996542930603,1
004416.jpg,0,4,6.096360266383272e-06,0
004417.jpg,1,0,0.9999496936798096,1
004418.jpg,0,1,2.463161081323051e-06,0
004419.jpg,1,3,0.9999842643737793,1
004420.jpg,1,4,0.999966025352478,1
004421.jpg,0,0,8.939696272136644e-06,0
004422.jpg,1,1,0.9999743700027466,1
004423.jpg,1,2,0.9999940395355225,1
004424.jpg,1,2,0.9999945163726807,1
004425.jpg,0,4,1.0699396625568625e-05,0
004426.jpg,1,3,0.9999982118606567,1
004427.jpg,0,4,4.101373633602634e-05,0
004428.jpg,0,3,7.766951966914348e-06,0
004429.jpg,0,4,5.908796538278693e-06,0
004430.jpg,1,0,0.9999821186065674,1
004431.jpg,0,2,9.590887202648446e-06,0
004432.jpg,1,3,0.9999992847442627,1
004433.jpg,1,3,0.9999973773956299,1
004434.jpg,1,3,0.9999980926513672,1
004435.jpg,1,3,0.9999986886978149,1
004436.jpg,0,2,2.6274772608303465e-05,0
004437.jpg,1,3,0.9999985694885254,1
004438.jpg,0,3,9.061477612704039e-07,0
004439.jpg,1,3,0.9999967813491821,1
004440.jpg,0,4,1.061613602360012e-05,0
004441.jpg,1,4,0.9999477863311768,1
004442.jpg,1,0,0.9999784231185913,1
004443.jpg,1,0,0.9999701976776123,1
004444.jpg,0,4,0.00025118677876889706,0
004445.jpg,1,0,0.9973785877227783,1
004446.jpg,1,0,0.9999680519104004,1
004447.jpg,0,4,0.00013552079326473176,0
004448.jpg,1,3,0.999993085861206,1
004449.jpg,1,1,0.999913215637207,1
004450.jpg,0,4,0.00010391067189630121,0
004451.jpg,1,3,0.9999972581863403,1
004452.jpg,1,0,0.9999915361404419,1
004453.jpg,1,1,0.9999881982803345,1
004454.jpg,1,0,0.9999904632568359,1
004455.jpg,0,1,3.047914469789248e-05,0
004456.jpg,1,3,0.9999967813491821,1
004457.jpg,1,1,0.9999876022338867,1
004458.jpg,0,3,2.9711382012465037e-06,0
004459.jpg,0,2,8.664653250889387e-06,0
004460.jpg,0,3,8.851568509271601e-07,0
004461.jpg,0,2,4.264747258275747e-05,0
004462.jpg,1,0,0.9999836683273315,1
004463.jpg,1,3,0.9999971389770508,1
004464.jpg,1,3,0.9999673366546631,1
004465.jpg,0,3,8.579234531680413e-07,0
004466.jpg,1,3,0.9999986886978149,1
004467.jpg,1,1,0.9999701976776123,1
004468.jpg,0,2,3.095910506090149e-05,0
004469.jpg,1,1,0.9999866485595703,1
004470.jpg,0,3,6.695538559142733e-06,0
004471.jpg,1,4,0.9999611377716064,1
004472.jpg,0,0,1.683241134742275e-05,0
004473.jpg,1,3,0.9999979734420776,1
004474.jpg,0,1,1.3287774436321342e-06,0
004475.jpg,0,4,5.605828482657671e-05,0
004476.jpg,1,1,0.9998176693916321,1
004477.jpg,0,3,7.690377969993278e-07,0
004478.jpg,0,0,5.054065695730969e-06,0
004479.jpg,0,2,1.202963903779164e-05,0
004480.jpg,0,4,0.00023050670279189944,0
004481.jpg,0,0,8.203532161132898e-06,0
004482.jpg,1,2,0.9999938011169434,1
004483.jpg,0,0,5.594337835646002e-06,0
004484.jpg,0,4,1.1212864592380356e-05,0
004485.jpg,0,2,1.2314909326960333e-05,0
004486.jpg,0,3,3.6119831747782882e-06,0
004487.jpg,1,0,0.9999788999557495,1
004488.jpg,0,3,2.0785171727766283e-05,0
004489.jpg,1,4,0.9999961853027344,1
004490.jpg,0,3,1.6929056982917245e-06,0
004491.jpg,1,0,0.9991065859794617,1
004492.jpg,0,1,1.5057016753416974e-06,0
004493.jpg,0,0,0.00019411317771300673,0
004494.jpg,1,4,0.9999599456787109,1
004495.jpg,0,0,1.7778553228708915e-05,0
004496.jpg,1,3,0.9999938011169434,1
004497.jpg,1,3,0.9999895095825195,1
004498.jpg,1,2,0.9999957084655762,1
004499.jpg,1,4,0.999994158744812,1
004500.jpg,0,0,2.0462934116949327e-05,0
004501.jpg,1,1,0.9993094205856323,1
004502.jpg,1,2,0.9999942779541016,1
004503.jpg,0,0,6.339210813166574e-06,0
004504.jpg,1,3,0.9999979734420776,1
004505.jpg,0,2,3.647853736765683e-05,0
004506.jpg,1,1,0.9999912977218628,1
004507.jpg,0,4,9.387641330249608e-05,0
004508.jpg,1,3,0.9999971389770508,1
004509.jpg,0,3,9.7615658887662e-05,0
004510.jpg,0,1,2.705252882151399e-06,0
004511.jpg,1,1,0.9999781847000122,1
004512.jpg,0,3,1.5326106222346425e-05,0
004513.jpg,1,4,0.9999904632568359,1
004514.jpg,0,2,1.805851934477687e-05,0
004515.jpg,1,0,0.9998644590377808,1
004516.jpg,1,4,0.9999951124191284,1
004517.jpg,1,4,0.02456308715045452,0
004518.jpg,1,4,0.9999958276748657,1
004519.jpg,1,3,0.9999921321868896,1
004520.jpg,0,0,0.002725582802668214,0
004521.jpg,1,1,0.9999831914901733,1
004522.jpg,1,3,0.9999991655349731,1
004523.jpg,0,2,2.0785171727766283e-05,0
004524.jpg,0,4,1.0370214113208931e-05,0
004525.jpg,1,4,0.9997817873954773,1
004526.jpg,0,3,8.059445804065035e-07,0
004527.jpg,1,0,0.9995417594909668,1
004528.jpg,1,0,0.9999855756759644,1
004529.jpg,1,4,0.9999938011169434,1
004530.jpg,1,4,0.9999949932098389,1
004531.jpg,1,1,0.9999785423278809,1
004532.jpg,1,0,0.9997085928916931,1
004533.jpg,0,2,9.442196642339695e-06,0
004534.jpg,1,3,0.9999910593032837,1
004535.jpg,1,1,0.9999469518661499,1
004536.jpg,0,0,4.637873189494712e-06,0
004537.jpg,1,0,0.9999815225601196,1
004538.jpg,1,1,0.9998427629470825,1
004539.jpg,0,3,8.646521791888517e-07,0
004540.jpg,0,3,9.314593626186252e-05,0
004541.jpg,1,0,0.9999868869781494,1
004542.jpg,1,3,0.9999985694885254,1
004543.jpg,1,4,0.9993281364440918,1
004544.jpg,1,1,0.9998984336853027,1
004545.jpg,1,3,0.9999990463256836,1
004546.jpg,1,4,0.9999929666519165,1
004547.jpg,0,1,7.662102143513039e-05,0
004548.jpg,0,4,1.2606946256710216e-05,0
004549.jpg,0,1,4.985958366887644e-05,0
004550.jpg,1,3,0.9999860525131226,1
004551.jpg,0,1,1.36028825181711e-06,0
004552.jpg,0,2,2.9773113055853173e-05,0
004553.jpg,1,2,0.9999402761459351,1
004554.jpg,0,2,6.24093036094564e-06,0
004555.jpg,1,0,0.9999784231185913,1
004556.jpg,1,2,0.9999886751174927,1
004557.jpg,1,2,0.9999932050704956,1
004558.jpg,0,2,8.732609785511158e-06,0
004559.jpg,0,4,6.339210813166574e-06,0
004560.jpg,0,1,9.00981012819102e-06,0
004561.jpg,0,0,5.550802143261535e-06,0
004562.jpg,1,2,0.9999961853027344,1
004563.jpg,0,0,0.011552670039236546,0
004564.jpg,0,2,5.638214133796282e-06,0
004565.jpg,1,4,0.9999675750732422,1
004566.jpg,1,1,0.9999569654464722,1
004567.jpg,0,2,0.0004013350699096918,0
004568.jpg,0,1,1.6571451851632446e-05,0
004569.jpg,0,1,0.00013552079326473176,0
004570.jpg,1,4,0.9999349117279053,1
004571.jpg,1,0,0.9995253086090088,1
004572.jpg,0,3,1.1544620974746067e-06,0
004573.jpg,1,3,0.9998984336853027,1
004574.jpg,1,0,0.9999880790710449,1
004575.jpg,1,0,0.9999881982803345,1
004576.jpg,1,1,0.9999854564666748,1
004577.jpg,1,1,0.9997901320457458,1
004578.jpg,1,1,0.9999641180038452,1
004579.jpg,1,1,0.9999083280563354,1
004580.jpg,1,1,0.9999464750289917,1
004581.jpg,1,4,0.999982476234436,1
004582.jpg,0,2,0.0001387341326335445,0
004583.jpg,1,1,0.9999804496765137,1
004584.jpg,0,2,9.818326361710206e-06,0
004585.jpg,0,1,2.0741906610055594e-06,0
004586.jpg,1,0,0.9998717308044434,1
004587.jpg,0,3,0.0029810327105224133,0
004588.jpg,1,3,0.9999969005584717,1
004589.jpg,1,2,0.9999456405639648,1
004590.jpg,0,4,0.0003514382697176188,0
004591.jpg,0,3,5.738759500673041e-05,0
004592.jpg,1,2,0.9999958276748657,1
004593.jpg,0,1,1.683241134742275e-05,0
004594.jpg,0,4,0.00043563017970882356,0
004595.jpg,0,2,0.0018458483973518014,0
004596.jpg,0,1,4.125011855649063e-06,0
004597.jpg,1,0,0.9999117851257324,1
004598.jpg,1,3,0.9999979734420776,1
004599.jpg,1,4,0.9999932050704956,1
004600.jpg,0,0,0.9405717849731445,1
004601.jpg,1,2,0.9999954700469971,1
004602.jpg,1,1,0.9999885559082031,1
004603.jpg,0,4,3.944259151467122e-05,0
004604.jpg,1,1,0.9999667406082153,1
004605.jpg,1,1,0.9999839067459106,1
004606.jpg,0,3,9.132548370871518e-07,0
004607.jpg,0,0,0.0002251682453788817,0
004608.jpg,0,3,5.01473505210015e-06,0
004609.jpg,0,4,1.7917989680427127e-05,0
004610.jpg,1,4,0.9999960660934448,1
004611.jpg,1,3,0.9999988079071045,1
004612.jpg,0,3,1.2289183359825984e-06,0
004613.jpg,0,2,2.0462934116949327e-05,0
004614.jpg,1,2,0.9999967813491821,1
004615.jpg,1,3,0.9999920129776001,1
004616.jpg,0,4,8.463937774649821e-06,0
004617.jpg,0,3,8.512471367794205e-07,0
004618.jpg,0,2,4.101373633602634e-05,0
004619.jpg,1,3,0.9999973773956299,1
004620.jpg,1,1,0.9999842643737793,1
004621.jpg,0,4,7.183260549936676e-06,0
004622.jpg,1,4,0.999976634979248,1
004623.jpg,1,1,0.9999704360961914,1
004624.jpg,1,1,0.999967098236084,1
004625.jpg,1,2,0.9998745918273926,1
004626.jpg,1,1,0.9999885559082031,1
004627.jpg,0,2,1.2123987289669458e-05,0
004628.jpg,0,0,1.55674551933771e-05,0
004629.jpg,1,1,0.999985933303833,1
004630.jpg,0,4,6.339210813166574e-06,0
004631.jpg,1,3,0.9999699592590332,1
004632.jpg,1,0,0.9995197057723999,1
004633.jpg,1,3,0.9999918937683105,1
004634.jpg,0,2,3.144662332488224e-05,0
004635.jpg,1,3,0.9999970197677612,1
004636.jpg,1,1,0.9999749660491943,1
004637.jpg,0,3,8.446226615888008e-07,0
004638.jpg,0,2,7.127359822334256e-06,0
004639.jpg,1,1,0.9999865293502808,1
004640.jpg,1,0,0.9989758729934692,1
004641.jpg,1,1,0.9999626874923706,1
004642.jpg,1,3,0.9999797344207764,1
004643.jpg,1,4,0.9999961853027344,1
004644.jpg,1,1,0.9999905824661255,1
004645.jpg,1,1,0.999984622001648,1
004646.jpg,1,4,0.9995326995849609,1
004647.jpg,0,1,1.6666595001879614e-06,0
004648.jpg,1,4,0.9999874830245972,1
004649.jpg,1,4,0.9999914169311523,1
004650.jpg,0,2,5.594337835646002e-06,0
004651.jpg,1,4,0.9999895095825195,1
004652.jpg,1,0,0.999988317489624,1
004653.jpg,0,1,1.1212864592380356e-05,0
004654.jpg,1,4,0.9999452829360962,1
004655.jpg,1,1,0.9995939135551453,1
004656.jpg,0,4,9.028038766700774e-05,0
004657.jpg,1,1,0.9999879598617554,1
004658.jpg,0,3,0.00020825010142289102,0
004659.jpg,0,3,6.893610589031596e-07,0
004660.jpg,0,4,1.3631345609610435e-05,0
004661.jpg,1,2,0.9999922513961792,1
004662.jpg,0,1,1.403468445460021e-06,0
004663.jpg,1,2,0.9999567270278931,1
004664.jpg,1,2,0.9999916553497314,1
004665.jpg,1,3,0.9999927282333374,1
004666.jpg,1,2,0.9999970197677612,1
004667.jpg,1,1,0.49895191192626953,1
004668.jpg,0,1,1.8631746570463292e-05,0
004669.jpg,0,1,2.6220211566396756e-06,0
004670.jpg,0,3,6.8009767346666194e-06,0
004671.jpg,0,4,0.002693914109840989,0
004672.jpg,0,1,2.2603244360652752e-06,0
004673.jpg,0,0,7.469407137250528e-06,0
004674.jpg,0,1,2.482479885657085e-06,0
004675.jpg,1,4,0.9999947547912598,1
004676.jpg,1,0,0.9974689483642578,1
004677.jpg,1,3,0.9999730587005615,1
004678.jpg,1,4,0.9999879598617554,1
004679.jpg,1,2,0.9999908208847046,1
004680.jpg,0,1,4.832564081880264e-05,0
004681.jpg,0,3,9.496346820014878e-07,0
004682.jpg,0,3,8.714337695892027e-07,0
004683.jpg,1,4,0.9991958737373352,1
004684.jpg,1,1,0.9999909400939941,1
004685.jpg,0,0,0.00015598027675878257,0
004686.jpg,0,2,1.5446308680111542e-05,0
004687.jpg,0,1,1.3184367162466515e-06,0
004688.jpg,0,0,4.6742488848394714e-06,0
004689.jpg,1,3,0.9999964237213135,1
004690.jpg,1,2,0.9999908208847046,1
004691.jpg,1,2,0.999988317489624,1
004692.jpg,0,0,4.157364855927881e-06,0
004693.jpg,0,3,2.42497367253236e-06,0
004694.jpg,1,2,0.9999614953994751,1
004695.jpg,0,4,4.0694576455280185e-05,0
004696.jpg,1,4,0.9992327690124512,1
004697.jpg,0,0,8.463937774649821e-06,0
004698.jpg,0,2,6.439037861127872e-06,0
004699.jpg,1,3,0.9999986886978149,1
004700.jpg,0,2,9.66610878094798e-06,0
004701.jpg,1,4,0.9999940395355225,1
004702.jpg,1,0,0.9993040561676025,1
004703.jpg,0,0,3.244481194997206e-05,0
004704.jpg,0,0,7.296379862964386e-06,0
004705.jpg,1,4,0.9999285936355591,1
004706.jpg,0,1,5.1845658163074404e-05,0
004707.jpg,0,4,0.00651349825784564,0
004708.jpg,0,3,4.2228334677929524e-06,0
004709.jpg,0,0,4.2559531721053645e-06,0
004710.jpg,1,4,0.9999895095825195,1
004711.jpg,1,3,0.9999880790710449,1
004712.jpg,1,2,0.9999853372573853,1
004713.jpg,0,2,5.338155915524112e-06,0
004714.jpg,0,1,1.086788597604027e-05,0
004715.jpg,0,4,1.2314909326960333e-05,0
004716.jpg,1,4,0.9999892711639404,1
004717.jpg,0,4,0.0007379196467809379,0
004718.jpg,1,3,0.9999884366989136,1
004719.jpg,1,4,0.9999905824661255,1
004720.jpg,0,3,8.646521791888517e-07,0
004721.jpg,0,4,1.202963903779164e-05,0
004722.jpg,1,2,0.9999809265136719,1
004723.jpg,0,1,1.267928269044205e-06,0
004724.jpg,1,2,0.9999918937683105,1
004725.jpg,1,4,0.999995231628418,1
004726.jpg,0,0,7.469407137250528e-06,0
004727.jpg,1,3,0.9999986886978149,1
004728.jpg,0,3,1.1365636964910664e-06,0
004729.jpg,0,3,2.7264704840490595e-06,0
004730.jpg,1,0,0.9997730851173401,1
004731.jpg,0,4,5.862813850399107e-06,0
004732.jpg,1,2,0.9999426603317261,1
004733.jpg,1,3,0.9997283816337585,1
004734.jpg,1,1,0.9999836683273315,1
004735.jpg,1,2,0.9999881982803345,1
004736.jpg,1,3,0.9999986886978149,1
004737.jpg,0,0,9.461262379772961e-05,0
004738.jpg,0,0,8.139692909026053e-06,0
004739.jpg,1,3,0.9999943971633911,1
004740.jpg,0,0,2.0948189558112063e-05,0
004741.jpg,0,2,2.0462934116949327e-05,0
004742.jpeg,0,1,8.597226042184047e-06,0
004743.jpg,1,4,0.999995231628418,1
004744.jpg,0,2,4.298194107832387e-05,0
004745.jpg,0,3,0.8659058809280396,1
004746.jpg,0,3,1.267928269044205e-06,0
004747.jpg,1,1,0.9997603297233582,1
004748.jpg,1,0,0.9990563988685608,1
004749.jpg,0,1,1.907357909658458e-05,0
004750.jpeg,0,0,3.244481194997206e-05,0
004751.jpg,1,4,0.9999920129776001,1
004752.jpg,0,1,2.7969301299890503e-05,0
004753.jpg,0,0,0.00016474656877107918,0
004754.jpg,0,0,5.0937055675603915e-06,0
004755.jpg,1,3,0.999991774559021,1
004756.jpg,1,4,0.9999896287918091,1
004757.jpeg,0,2,3.2955729693640023e-05,0
004758.jpg,0,0,9.610241249902174e-05,0
004759.jpg,1,3,0.999997615814209,1
004760.jpg,0,4,0.0006986756343394518,0
004761.jpg,0,2,5.817189503432019e-06,0
004762.jpg,1,0,0.9999617338180542,1
004763.jpg,1,3,0.999998927116394,1
004764.jpg,0,1,3.1137255973590072e-06,0
004765.jpg,1,0,0.9999920129776001,1
004766.jpg,1,1,0.9999837875366211,1
004767.jpg,1,3,0.9999942779541016,1
004768.jpg,1,4,0.9999918937683105,1
004769.jpg,0,4,5.738759500673041e-05,0
004770.jpg,0,1,2.0623423552024178e-05,0
004771.jpg,1,4,0.9997063279151917,1
004772.jpg,0,2,8.203532161132898e-06,0
004773.jpg,0,0,5.46474529983243e-06,0
004774.jpg,1,3,0.9999986886978149,1
004775.jpg,0,1,1.6797313264760305e-06,0
004776.jpg,1,0,0.9991238713264465,1
004777.jpg,1,3,0.9999938011169434,1
004778.jpg,0,4,1.2123987289669458e-05,0
004779.jpg,1,3,0.9999959468841553,1
004780.jpeg,0,2,5.3075080359121785e-05,0
004781.jpg,0,2,8.597226042184047e-06,0
004782.jpg,1,4,0.9999945163726807,1
004783.jpg,1,1,0.9999914169311523,1
004784.jpg,0,3,1.81622237960255e-06,0
004785.jpg,0,3,1.4939843140382436e-06,0
004786.jpg,1,4,0.9936856627464294,1
004787.jpg,1,0,0.9999843835830688,1
004788.jpg,1,3,0.9999963045120239,1
004789.jpg,0,0,4.86044837089139e-06,0
004790.jpg,1,4,0.9999940395355225,1
004791.jpeg,0,0,2.0145689632045105e-05,0
004792.jpg,0,1,2.1737328097515274e-06,0
004793.jpg,1,1,0.9999873638153076,1
004794.jpg,0,3,8.415109186898917e-05,0
004795.jpg,0,2,4.0377908590016887e-05,0
004796.jpg,1,3,0.9999982118606567,1
004797.jpg,1,2,0.9999954700469971,1
004798.jpg,1,0,0.9999892711639404,1
004799.jpg,1,1,0.9999580383300781,1
004800.jpg,1,0,0.9999884366989136,1
004801.jpg,0,2,1.3007128472963814e-05,0
004802.jpg,0,3,4.530437308858382e-06,0
004803.jpg,1,2,0.9999911785125732,1
004804.jpg,0,4,1.7231572201126255e-05,0
004805.jpg,1,3,0.9999879598617554,1
004806.jpg,0,3,9.952085520126275e-07,0
004807.jpg,1,3,0.9998960494995117,1
004808.jpg,0,3,8.714337695892027e-07,0
004809.jpg,0,0,0.00013658353418577462,0
004810.jpg,0,0,3.936114808311686e-06,0
004811.jpg,0,0,5.46474529983243e-06,0
004812.jpg,0,1,1.963804152183002e-06,0
004813.jpg,1,1,0.9999895095825195,1
004814.jpg,0,3,1.81622237960255e-06,0
004815.jpg,0,1,1.9183130461897235e-06,0
004816.jpg,1,2,0.9999872446060181,1
004817.jpg,1,3,0.9999991655349731,1
004818.jpg,1,1,0.999975323677063,1
004819.jpg,1,3,0.9998822212219238,1
004820.jpg,0,3,1.2289183359825984e-06,0
004821.jpg,0,1,2.318747829122003e-05,0
004822.jpg,1,0,0.9994578957557678,1
004823.jpg,0,1,5.2966147450206336e-06,0
004824.jpg,1,2,0.9999949932098389,1
004825.jpg,1,0,0.9998365640640259,1
004826.jpg,0,1,3.5283119359519333e-06,0
004827.jpeg,0,0,3.120191104244441e-05,0
004828.jpg,1,0,0.9999855756759644,1
004829.jpg,0,1,1.5326106222346425e-05,0
004830.jpg,0,1,1.005115973384818e-05,0
004831.jpg,1,3,0.9999980926513672,1
004832.jpg,1,3,0.9999527931213379,1
004833.jpg,1,0,0.9998952150344849,1
004834.jpg,0,3,2.207963916589506e-06,0
004835.jpg,1,1,0.9999897480010986,1
004836.jpg,0,4,7.127359822334256e-06,0
004837.jpg,1,0,0.9999879598617554,1
004838.jpg,0,3,6.893610589031596e-07,0
004839.jpg,1,0,0.9999849796295166,1
004840.jpg,0,2,7.951139195938595e-06,0
004841.jpg,0,2,2.2827996872365475e-05,0
004842.jpg,1,1,0.9999886751174927,1
004843.jpg,0,2,2.7535690605873242e-05,0
004844.jpg,1,3,0.9999974966049194,1
004845.jpg,1,3,0.9999749660491943,1
004846.jpg,1,1,0.9999885559082031,1
004847.jpg,0,0,9.098840382648632e-05,0
004848.jpg,0,3,2.332074700461817e-06,0
004849.jpg,0,4,0.0007379196467809379,0
004850.jpg,0,1,9.741921530803666e-06,0
004851.jpg,1,0,0.9999842643737793,1
004852.jpg,0,2,5.2966147450206336e-06,0
004853.jpg,0,1,1.8448236005497165e-06,0
004854.jpg,1,0,0.9999046325683594,1
004855.jpg,1,2,0.9999785423278809,1
004856.jpg,0,3,8.380498002225067e-07,0
004857.jpg,0,0,2.229919846286066e-05,0
004858.jpg,1,4,0.9999339580535889,1
004859.jpg,1,0,0.9999938011169434,1
004860.jpg,0,2,6.854317234683549e-06,0
004861.jpg,1,3,0.9999793767929077,1
004862.jpg,0,4,1.0783312063722406e-05,0
004863.jpg,1,4,0.9999947547912598,1
004864.jpg,1,0,0.999992847442627,1
004865.jpg,0,4,8.139692909026053e-06,0
004866.jpg,0,3,0.00028021098114550114,0
004867.jpg,0,4,0.00010804956400534138,0
004868.jpg,0,2,0.978260338306427,1
004869.jpg,1,3,0.9999972581863403,1
004870.jpg,1,4,0.9999899864196777,1
004871.jpg,0,4,1.2905907169624697e-05,0
004872.jpg,0,0,1.7231572201126255e-05,0
004873.jpg,0,2,7.766951966914348e-06,0
004874.jpg,1,0,0.9999595880508423,1
004875.jpg,1,1,0.9999344348907471,1
004876.jpg,1,2,0.9998013377189636,1
004877.jpg,1,3,0.9999991655349731,1
004878.jpg,1,2,0.9999922513961792,1
004879.jpg,0,2,6.7480518737284e-06,0
004880.jpg,0,4,0.9993663430213928,1
004881.jpg,0,3,6.096360266383272e-06,0
004882.jpg,1,4,0.9999833106994629,1
004883.jpg,1,2,0.9999839067459106,1
004884.jpg,0,2,5.550802143261535e-06,0
004885.jpg,1,2,0.9999959468841553,1
004886.jpg,1,0,0.9994683861732483,1
004887.jpg,1,1,0.9999904632568359,1
004888.jpg,0,1,9.895332368614618e-06,0
004889.jpg,1,2,0.9999929666519165,1
004890.jpg,0,4,1.5206839634629432e-05,0
004891.jpg,1,0,0.9999845027923584,1
004892.jpg,0,3,9.993031562771648e-05,0
004893.jpg,0,1,3.905483481503325e-06,0
004894.jpg,1,0,0.9996125102043152,1
004895.jpg,0,4,0.5224002003669739,1
004896.jpg,1,3,0.999992847442627,1
004897.jpg,0,2,6.192363798618317e-06,0
004898.jpg,0,3,6.893610589031596e-07,0
004899.jpg,0,2,7.889262633398175e-06,0
004900.jpg,0,3,1.0593939805403352e-06,0
004901.jpg,0,3,1.1015954441973008e-06,0
004902.jpg,0,2,1.0289512829331215e-05,0
004903.jpg,0,2,0.999868631362915,1
004904.jpg,1,2,0.9999840259552002,1
004905.jpg,0,4,0.9645892381668091,1
004906.jpg,1,4,0.9999233484268188,1
004907.jpg,1,4,0.9999821186065674,1
004908.jpg,0,2,7.296379862964386e-06,0
004909.jpg,1,1,0.9999897480010986,1
004910.jpg,0,2,2.2125668692751788e-05,0
004911.jpg,0,4,6.591734290850582e-06,0
004912.jpg,0,2,1.5689549400121905e-05,0
004913.jpg,0,4,0.0004784256452694535,0
004914.jpg,1,2,0.9999951124191284,1
004915.jpg,1,2,0.999994158744812,1
004916.jpg,1,0,0.9999890327453613,1
004917.jpg,1,0,0.9997262358665466,1
004918.jpg,1,0,0.9999829530715942,1
004919.jpg,1,3,0.9999979734420776,1
004920.jpg,0,4,0.0012693643802776933,0
004921.jpg,1,2,0.9999969005584717,1
004922.jpg,0,0,1.9988920030300505e-05,0
004923.jpg,1,4,0.9999520778656006,1
004924.jpg,1,4,0.9921841025352478,1
004925.jpg,0,4,6.695538559142733e-06,0
004926.jpg,0,4,1.1568795343919192e-05,0
004927.jpg,1,1,0.9999805688858032,1
004928.jpg,1,0,0.9998952150344849,1
004929.jpg,0,1,1.907357909658458e-05,0
004930.jpg,0,0,2.586742994026281e-05,0
004931.jpg,1,1,0.9999837875366211,1
004932.jpg,0,3,0.06730107218027115,0
004933.jpg,1,2,0.9999954700469971,1
004934.jpg,0,2,8.463937774649821e-06,0
004935.jpg,1,2,0.9999477863311768,1
004936.jpg,1,0,0.999990701675415,1
004937.jpg,0,1,8.732609785511158e-06,0
004938.jpg,0,2,9.00981012819102e-06,0
004939.jpg,0,2,6.643434062425513e-06,0
004940.jpg,1,0,0.9998785257339478,1
004941.jpg,1,4,0.9999901056289673,1
004942.jpg,0,4,1.0533520253375173e-05,0
004943.jpg,0,0,3.53562536474783e-05,0
004944.jpg,1,4,0.9999939203262329,1
004945.jpg,1,3,0.9999963045120239,1
004946.jpg,1,4,0.9999895095825195,1
004947.jpg,0,1,2.586742994026281e-05,0
004948.jpg,1,1,0.999977707862854,1
004949.jpeg,1,4,0.9999138116836548,1
004950.jpg,0,3,9.349120091428631e-07,0
004951.jpg,1,0,0.9999809265136719,1
004952.jpg,1,2,0.9999879598617554,1
004953.jpg,0,2,1.3315579053596593e-05,0
004954.jpg,1,3,0.9999978542327881,1
004955.jpg,1,0,0.9999690055847168,1
004956.jpg,0,0,0.9192084670066833,1
004957.jpg,1,4,0.999987006187439,1
004958.jpg,0,4,6.591734290850582e-06,0
004959.jpg,1,0,0.9995344877243042,1
004960.jpg,0,1,1.948522140082787e-06,0
004961.jpg,0,0,0.00013032974675297737,0
004962.jpg,1,1,0.9999852180480957,1
004963.jpg,0,0,8.614651596872136e-05,0
004964.jpg,1,2,0.9999339580535889,1
004965.jpg,0,3,9.204175626109645e-07,0
004966.jpg,0,2,5.727003099309513e-06,0
004967.jpg,1,3,0.9999793767929077,1
004968.jpg,0,4,8.939696272136644e-06,0
004969.jpg,1,1,0.9998612403869629,1
004970.jpg,0,1,1.8592928654470597e-06,0
004971.jpg,0,3,1.2580612747115083e-06,0
004972.jpg,1,4,0.9999926090240479,1
004973.jpg,0,0,5.738759500673041e-05,0
004974.jpg,1,3,0.9999970197677612,1
004975.jpg,1,2,0.999995231628418,1
004976.jpg,1,0,0.9998633861541748,1
004977.jpg,1,0,0.9999374151229858,1
004978.jpg,1,2,0.999969482421875,1
004979.jpg,0,3,1.436750721950375e-06,0
004980.jpg,1,1,0.9999560117721558,1
004981.jpg,1,0,0.9994046688079834,1
004982.jpg,0,1,4.2228334677929524e-06,0
004983.jpg,0,0,5.727003099309513e-06,0
004984.jpg,0,4,1.581260221428238e-05,0
004985.jpg,0,4,0.0020111582707613707,0
004986.jpg,0,3,1.3109142855682876e-05,0
004987.jpg,1,2,0.999994158744812,1
004988.jpg,1,0,0.9999629259109497,1
004989.jpg,0,2,8.267873454315122e-06,0
004990.jpg,0,1,2.747854296103469e-06,0
004991.jpg,1,2,0.9999603033065796,1
004992.jpg,1,0,0.999937891960144,1
004993.jpg,1,0,0.9999384880065918,1
004994.jpg,1,2,0.9999958276748657,1
004995.jpg,1,0,0.999823272228241,1
004996.jpg,0,4,1.922317096614279e-05,0
004997.jpg,1,4,0.999977707862854,1
004998.jpg,1,2,0.9999556541442871,1
004999.jpg,0,4,1.5689549400121905e-05,0
005000.jpg,1,1,0.9839090704917908,1
005001.jpg,0,4,1.750292540236842e-05,0
005002.jpg,0,2,6.908075192768592e-06,0
005003.jpg,1,3,0.9999977350234985,1
005004.jpg,1,4,0.9999934434890747,1
005005.jpg,1,0,0.9998286962509155,1
005006.jpg,0,3,1.1277188605163246e-06,0
005007.jpg,1,2,0.9999860525131226,1
005008.jpg,1,1,0.9999887943267822,1
005009.jpg,0,0,2.3007036361377686e-05,0
005010.jpg,0,1,3.26992740156129e-05,0
005011.jpg,0,0,7.827869012544397e-06,0
005012.jpg,1,3,0.9999922513961792,1
005013.jpg,1,2,0.9999856948852539,1
005014.jpg,0,2,3.321419353596866e-05,0
005015.jpg,0,2,5.638214133796282e-06,0
005016.jpg,0,1,4.264747258275747e-05,0
005017.jpg,1,0,0.9999905824661255,1
005018.jpg,0,1,0.00011147904297104105,0
005019.jpg,1,2,0.9954082369804382,1
005020.jpg,0,0,4.530437308858382e-06,0
005021.jpg,1,3,0.9999973773956299,1
005022.jpg,1,4,0.9999920129776001,1
005023.jpg,0,4,3.5633544030133635e-05,0
005024.jpg,0,3,2.9711382012465037e-06,0
005025.jpg,1,1,0.9999897480010986,1
005026.jpg,0,4,9.818326361710206e-06,0
005027.jpg,1,2,0.9999966621398926,1
005028.jpg,0,0,4.785094461112749e-06,0
005029.jpg,0,2,4.365877975942567e-05,0
005030.jpg,0,3,0.00020662983297370374,0
005031.jpg,1,4,0.9999892711639404,1
005032.jpg,1,0,0.9997765421867371,1
005033.jpg,0,1,1.979206672331202e-06,0
005034.jpg,1,3,0.9999991655349731,1
005035.jpg,1,3,0.9999988079071045,1
005036.jpg,0,3,1.7741496094458853e-06,0
005037.jpg,1,3,0.9999927282333374,1
005038.jpg,0,4,3.647853736765683e-05,0
005039.jpg,0,0,3.169325282215141e-05,0
005040.jpg,0,1,1.7061830703823944e-06,0
005041.jpg,0,0,3.647853736765683e-05,0
005042.jpg,0,0,2.178264912799932e-05,0
005043.jpg,0,2,5.727003099309513e-06,0
005044.jpg,0,4,6.289878911047708e-06,0
005045.jpg,0,4,0.00012830943160224706,0
005046.jpg,1,3,0.9999986886978149,1
005047.jpg,1,1,0.9999692440032959,1
005048.jpg,0,2,0.00011412239109631628,0
005049.jpg,1,1,0.9999517202377319,1
005050.jpg,0,3,6.096360266383272e-06,0
005051.jpg,1,2,0.9999068975448608,1
005052.jpg,0,1,3.4808123018592596e-05,0
005053.jpg,1,0,0.9999885559082031,1
005054.jpg,1,1,0.9999643564224243,1
005055.jpg,0,0,6.00184603172238e-06,0
005056.jpg,0,2,6.7480518737284e-06,0
005057.jpg,1,1,0.9999889135360718,1
005058.jpg,1,2,0.9999958276748657,1
005059.jpg,1,4,0.9999805688858032,1
005060.jpg,0,3,8.059445804065035e-07,0
005061.jpg,1,1,0.999595582485199,1
005062.jpg,0,1,2.561282371971174e-06,0
005063.jpg,0,1,3.6119831747782882e-06,0
005064.jpg,1,4,0.9999947547912598,1
005065.jpg,0,2,1.0289512829331215e-05,0
005066.jpg,0,4,1.4064044080441818e-05,0
005067.jpg,0,3,1.3184367162466515e-06,0
005068.jpg,1,1,0.9999626874923706,1
005069.jpg,1,0,0.9999902248382568,1
005070.jpg,0,2,0.0005132579244673252,0
005071.jpg,0,4,6.489539373433217e-06,0
005072.jpg,0,3,1.7330517039226834e-06,0
005073.jpg,1,0,0.9999911785125732,1
005074.jpg,1,3,0.9999980926513672,1
005075.jpg,0,3,8.446226615888008e-07,0
005076.jpg,1,2,0.9999542236328125,1
005077.jpg,1,4,0.9999866485595703,1
005078.jpg,0,4,2.9541426556534134e-05,0
005079.jpg,1,2,0.9999951124191284,1
005080.jpg,0,4,6.096360266383272e-06,0
005081.jpg,1,4,0.9999257326126099,1
005082.jpg,1,3,0.9999991655349731,1
005083.jpg,0,0,5.2966147450206336e-06,0
005084.jpg,0,3,2.278052306792233e-06,0
005085.jpg,0,4,0.0362882986664772,0
005086.jpg,0,3,6.681516993012337e-07,0
005087.jpg,0,2,3.7931622500764206e-05,0
005088.jpg,1,1,0.9999861717224121,1
005089.jpg,1,1,0.9999687671661377,1
005090.jpg,0,2,8.939696272136644e-06,0
005091.jpg,1,4,0.9999939203262329,1
005092.jpg,0,3,4.189971605228493e-06,0
005093.jpg,0,2,9.151693120657e-06,0
005094.jpg,0,3,4.601781256496906e-06,0
005095.jpg,0,0,0.014227044768631458,0
005096.jpg,0,3,6.04891829425469e-06,0
005097.jpg,0,0,0.0001431373821105808,0
005098.jpg,0,0,5.133655122335767e-06,0
